step,agent,reward,loss,epsilon
1,Vefa_244500423,-0.0,0,1.0
2,Muka_280015410,-0.0,0,1.0
3,Gorko_280015414,-0.0,0,1.0
4,Vefa_244500423,-0.0,0,1.0
5,Muka_280015410,-0.0,0,1.0
6,Gorko_280015414,-1.05,0,1.0
7,Vefa_244500423,-1.35,0,1.0
8,Muka_280015410,-0.0,0,1.0
9,Gorko_280015414,-0.0,0,1.0
10,Vefa_244500423,-3.1500000000000004,0,1.0
11,Muka_280015410,-1.0,0,1.0
12,Gorko_280015414,-0.0,0,1.0
13,Vefa_244500423,-0.0,0,1.0
14,Gorko_280015414,-1.1,0,1.0
15,Vefa_244500423,-0.0,0,1.0
16,Gorko_280015414,-0.0,0,1.0
17,Vefa_244500423,-2.45,0,1.0
18,Gorko_280015414,-0.0,0,1.0
19,Vefa_244500423,-0.0,0,1.0
20,Gorko_280015414,-2.65,0,1.0
21,Vefa_244500423,-0.0,0,1.0
22,Gorko_280015414,-0.0,0,1.0
23,Vefa_244500423,-2.35,0,1.0
24,Gorko_280015414,-1.35,0,1.0
25,Vefa_244500423,-0.0,0,1.0
26,Gorko_280015414,-0.0,0,1.0
27,Vefa_244500423,-0.0,0,1.0
28,Gorko_280015414,-3.35,0,1.0
29,Vefa_244500423,-1.2,0,1.0
30,Gorko_280015414,-7.85,0,1.0
31,Vefa_244500423,-0.0,0,1.0
32,Gorko_280015414,-13.7,0,1.0
33,Gorko_280015414,-22.65,0,1.0
34,Vefa_244500423,-0.0,0,1.0
35,Vefa_244500423,-0.0,0,1.0
36,Gorko_280015414,-0.0,0,1.0
37,Vefa_244500423,-11.45,0,1.0
38,Gorko_280015414,-1.75,0,1.0
39,Vefa_244500423,-1.6,0,1.0
40,Gorko_280015414,-0.0,0,1.0
41,Vefa_244500423,-2.35,0,1.0
42,Gorko_280015414,-1.65,0,1.0
43,Gorko_280015414,-3.75,0,1.0
44,Vefa_244500423,-0.0,0,1.0
45,Gorko_280015414,-0.0,0,1.0
46,Vefa_244500423,-0.0,0,1.0
47,Vefa_244500423,-0.0,0,1.0
48,Gorko_280015414,-1.1,0,1.0
49,Vefa_244500423,-0.0,0,1.0
50,Gorko_280015414,-0.0,0,1.0
51,Vefa_244500423,-6.95,0,1.0
52,Gorko_280015414,-2.65,0,1.0
53,Vefa_244500423,-8.75,0,1.0
54,Gorko_280015414,-1.45,0,1.0
55,Vefa_244500423,-1.3,0,1.0
56,Gorko_280015414,-0.0,0,1.0
57,Vefa_244500423,-5.05,0,1.0
58,Gorko_280015414,-4.75,0,1.0
59,Vefa_244500423,-8.9,0,1.0
60,Gorko_280015414,-8.8,0,1.0
61,Vefa_244500423,-16.1,0,1.0
62,Gorko_280015414,-15.0,0,1.0
63,Vefa_244500423,-1.2,0,1.0
64,Gorko_280015414,-0.0,0,1.0
65,Vefa_244500423,-11.1,0,1.0
66,Gorko_280015414,-1.6,0,1.0
67,Vefa_244500423,-0.0,11.497607016685075,0.995
68,Gorko_280015414,-0.0,13.714384253727694,0.995
69,Vefa_244500423,-0.0,10.636474684984819,0.990025
70,Gorko_280015414,-4.4,4.956498707848247,0.990025
71,Vefa_244500423,-3.35,8.499855127851902,0.985074875
72,Gorko_280015414,-6.65,2.0646967729671055,0.985074875
73,Vefa_244500423,-6.0,5.8669039090461865,0.9801495006250001
74,Gorko_280015414,-10.05,2.538738948299603,0.9801495006250001
75,Vefa_244500423,-6.1,8.516648115558382,0.9752487531218751
76,Gorko_280015414,-13.05,2.750786829182246,0.9752487531218751
77,Gorko_280015414,-16.05,4.683919113730809,0.9703725093562657
78,Vefa_244500423,-7.0,4.352643543840486,0.9703725093562657
79,Gorko_280015414,-0.0,3.401790798506056,0.9655206468094844
80,Vefa_244500423,-0.0,7.281878231853625,0.9655206468094844
81,Gorko_280015414,-1.6,4.262884037374988,0.960693043575437
82,Vefa_244500423,-3.05,5.738833626325686,0.960693043575437
83,Gorko_280015414,-6.1,15.603205137447958,0.9558895783575597
84,Vefa_244500423,-0.0,3.4818027502396944,0.9558895783575597
85,Gorko_280015414,-0.0,6.031432514831067,0.9511101304657719
86,Vefa_244500423,-2.3,5.287645538121069,0.9511101304657719
87,Gorko_280015414,-1.5,2.519049592776355,0.946354579813443
88,Vefa_244500423,-4.85,5.092137333868777,0.946354579813443
89,Gorko_280015414,-5.7,1.817876513638339,0.9416228069143757
90,Vefa_244500423,-0.0,3.6920128261845093,0.9416228069143757
91,Gorko_280015414,-10.25,1.4871685820407947,0.9369146928798039
92,Vefa_244500423,-4.0,5.9760970025186,0.9369146928798039
93,Gorko_280015414,-20.15,1.949857646262899,0.9322301194154049
94,Vefa_244500423,-6.25,5.996566557223559,0.9322301194154049
95,Gorko_280015414,-29.05,5.378988907425082,0.9275689688183278
96,Vefa_244500423,-0.0,12.135909203738265,0.9275689688183278
97,Gorko_280015414,-0.0,1.6611391833403104,0.9229311239742362
98,Vefa_244500423,-0.0,7.611819471989293,0.9229311239742362
99,Gorko_280015414,-0.0,1.2778868669056465,0.918316468354365
100,Vefa_244500423,-0.0,4.183412919606781,0.918316468354365
101,Gorko_280015414,-2.45,1.7675550192437441,0.9137248860125932
102,Vefa_244500423,-0.0,16.851905919964338,0.9137248860125932
103,Gorko_280015414,-0.0,1.6925571378706081,0.9091562615825302
104,Vefa_244500423,-5.45,5.8428048174964715,0.9091562615825302
105,Gorko_280015414,-2.75,0.8766437890428165,0.9046104802746175
106,Vefa_244500423,-6.300000000000001,7.605565075617051,0.9046104802746175
107,Gorko_280015414,-0.0,1.4395716717281175,0.9000874278732445
108,Vefa_244500423,-2.75,7.493960646250343,0.9000874278732445
109,Gorko_280015414,-1.1,1.5719949785416247,0.8955869907338783
110,Vefa_244500423,-0.25,7.412181138242886,0.8955869907338783
111,Gorko_280015414,-11.2,2.7623160852826913,0.8911090557802088
112,Vefa_244500423,-1.45,6.408459415048128,0.8911090557802088
113,Gorko_280015414,-0.0,1.9392255932689295,0.8866535105013078
114,Gorko_280015414,-0.0,1.2662141181062907,0.8822202429488013
115,Vefa_244500423,-5.5,4.268085390795022,0.8866535105013078
116,Vefa_244500423,-10.95,7.5912145537440665,0.8822202429488013
117,Gorko_280015414,-1.75,1.9599916585143546,0.8778091417340573
118,Gorko_280015414,-4.2,1.5717396520942089,0.8734200960253871
119,Vefa_244500423,-0.0,10.004443611156887,0.8778091417340573
120,Vefa_244500423,-2.85,8.601665398280602,0.8734200960253871
121,Gorko_280015414,-0.0,1.5819810296670767,0.8690529955452602
122,Vefa_244500423,-7.35,8.494468565577336,0.8690529955452602
123,Gorko_280015414,-0.0,1.5320151531013835,0.8647077305675338
124,Vefa_244500423,-0.0,8.611942857620306,0.8647077305675338
125,Gorko_280015414,-0.0,3.4107271975735785,0.8603841919146962
126,Vefa_244500423,-1.6,8.692710475297645,0.8603841919146962
127,Gorko_280015414,-0.0,4.201006194518413,0.8560822709551227
128,Vefa_244500423,-0.0,7.1964854119869415,0.8560822709551227
129,Gorko_280015414,-1.2,1.5939835937024327,0.851801859600347
130,Vefa_244500423,-1.05,4.4604859827594225,0.851801859600347
131,Gorko_280015414,-5.9,5.96299749458376,0.8475428503023453
132,Vefa_244500423,-1.3,7.615289530600421,0.8475428503023453
133,Gorko_280015414,-0.0,4.634155209227174,0.8433051360508336
134,Vefa_244500423,-2.05,8.894825536292046,0.8433051360508336
135,Gorko_280015414,-1.4,5.385479409201764,0.8390886103705794
136,Vefa_244500423,-4.0,5.00675279077268,0.8390886103705794
137,Gorko_280015414,-6.300000000000001,1.2846812147145101,0.8348931673187264
138,Vefa_244500423,-0.0,11.22281854483299,0.8348931673187264
139,Gorko_280015414,-9.3,2.9687535323678276,0.8307187014821328
140,Gorko_280015414,-12.3,2.825342297154805,0.8265651079747222
141,Vefa_244500423,-1.2,7.2356894859030945,0.8307187014821328
142,Vefa_244500423,-1.9500000000000002,8.345854346320266,0.8265651079747222
143,Gorko_280015414,-1.2,1.1145528985489932,0.8224322824348486
144,Vefa_244500423,-3.1,9.397519140969962,0.8224322824348486
145,Gorko_280015414,-0.0,1.9354969611595152,0.8183201210226743
146,Gorko_280015414,-5.3,2.3525139949351797,0.8142285204175609
147,Vefa_244500423,-1.05,15.0473094980116,0.8183201210226743
148,Gorko_280015414,-0.0,3.263119636615045,0.810157377815473
149,Vefa_244500423,-0.0,9.073632787476527,0.8142285204175609
150,Gorko_280015414,-1.3,2.125457855145214,0.8061065909263957
151,Vefa_244500423,-0.0,13.837593172560446,0.810157377815473
152,Gorko_280015414,-0.0,2.959308554451127,0.8020760579717637
153,Vefa_244500423,-5.45,15.135850918479264,0.8061065909263957
154,Gorko_280015414,-0.0,3.0125364091145457,0.798065677681905
155,Vefa_244500423,-11.100000000000001,18.570751766732428,0.8020760579717637
156,Gorko_280015414,-1.35,3.0949110490619205,0.7940753492934954
157,Vefa_244500423,-0.0,4.4618845404475,0.798065677681905
158,Gorko_280015414,-0.0,2.8317996267578565,0.7901049725470279
159,Vefa_244500423,-1.15,8.80184097293386,0.7940753492934954
160,Gorko_280015414,-0.0,3.743086962160305,0.7861544476842928
161,Vefa_244500423,-11.8,10.262911941381446,0.7901049725470279
162,Gorko_280015414,-0.0,6.653593565574852,0.7822236754458713
163,Vefa_244500423,-0.0,14.462508051423356,0.7861544476842928
164,Gorko_280015414,-6.05,6.070198274783252,0.778312557068642
165,Vefa_244500423,-2.6,8.83357964922925,0.7822236754458713
166,Gorko_280015414,-0.0,5.446672747915727,0.7744209942832988
167,Vefa_244500423,-0.0,5.764616031794503,0.778312557068642
168,Gorko_280015414,-0.0,2.6473421735784086,0.7705488893118823
169,Vefa_244500423,-0.0,5.516479693810652,0.7744209942832988
170,Gorko_280015414,-7.15,2.126349815123831,0.7666961448653229
171,Vefa_244500423,-0.0,6.631460208329372,0.7705488893118823
172,Gorko_280015414,-0.0,4.244002710649511,0.7628626641409962
173,Vefa_244500423,-0.0,5.0106287588321266,0.7666961448653229
174,Gorko_280015414,-0.0,2.403663965713349,0.7590483508202912
175,Vefa_244500423,-5.8,8.314037692500278,0.7628626641409962
176,Gorko_280015414,-0.0,6.247095594677376,0.7552531090661897
177,Vefa_244500423,-0.0,5.351965865644161,0.7590483508202912
178,Gorko_280015414,-1.25,6.146911453193752,0.7514768435208588
179,Vefa_244500423,-3.75,8.022445269452874,0.7552531090661897
180,Gorko_280015414,-2.0,8.866996394057878,0.7477194593032545
181,Vefa_244500423,-5.25,8.980318860849366,0.7514768435208588
182,Gorko_280015414,-8.85,10.540724991020397,0.7439808620067382
183,Vefa_244500423,-0.0,6.990260430688522,0.7477194593032545
184,Gorko_280015414,-0.0,5.378477109787127,0.7402609576967045
185,Vefa_244500423,-1.5,11.33561248955084,0.7439808620067382
186,Gorko_280015414,-0.0,2.205372236596304,0.736559652908221
187,Vefa_244500423,-1.15,10.696933756582439,0.7402609576967045
188,Gorko_280015414,-0.0,1.410428556449915,0.7328768546436799
189,Vefa_244500423,-3.3,8.33113183738169,0.736559652908221
190,Gorko_280015414,-1.3,2.76120271407126,0.7292124703704616
191,Vefa_244500423,-2.4,4.288510298720212,0.7328768546436799
192,Gorko_280015414,-3.6,2.896905779314693,0.7255664080186093
193,Vefa_244500423,-3.55,11.866860093623472,0.7292124703704616
194,Gorko_280015414,-1.6,1.93736874294882,0.7219385759785162
195,Vefa_244500423,-1.2,14.944326247743447,0.7255664080186093
196,Gorko_280015414,-0.0,4.73131665278197,0.7183288830986236
197,Vefa_244500423,-1.7000000000000002,9.666008698754013,0.7219385759785162
198,Gorko_280015414,-0.0,2.923679517574783,0.7147372386831305
199,Gorko_280015414,-0.0,2.914255770992895,0.7111635524897149
200,Vefa_244500423,-1.15,7.875588103778,0.7183288830986236
201,Gorko_280015414,-0.0,2.0090914020329365,0.7076077347272662
202,Vefa_244500423,-1.8,5.229887380177388,0.7147372386831305
203,Gorko_280015414,-0.0,7.646565114115219,0.7040696960536299
204,Vefa_244500423,-2.65,5.525730674031365,0.7111635524897149
205,Gorko_280015414,-0.0,3.050344252420473,0.7005493475733617
206,Vefa_244500423,-1.0,3.9758447744006844,0.7076077347272662
207,Gorko_280015414,-0.0,2.1757884766662414,0.697046600835495
208,Vefa_244500423,-2.0,10.152391807176173,0.7040696960536299
209,Gorko_280015414,-0.0,3.33045922639576,0.6935613678313175
210,Gorko_280015414,-0.0,1.6764057124164538,0.6900935609921609
211,Vefa_244500423,-2.25,8.298136807061383,0.7005493475733617
212,Gorko_280015414,-1.15,1.4647739492240817,0.6866430931872001
213,Vefa_244500423,-4.0,6.125131064533889,0.697046600835495
214,Gorko_280015414,-5.25,2.334276101202704,0.6832098777212641
215,Vefa_244500423,-4.1,7.553303969092667,0.6935613678313175
216,Vefa_244500423,-3.0,7.132181291315646,0.6900935609921609
217,Gorko_280015414,-0.0,1.8493169391877018,0.6797938283326578
218,Vefa_244500423,-5.95,9.875617879431502,0.6866430931872001
219,Gorko_280015414,-0.0,1.4788255414423475,0.6763948591909945
220,Vefa_244500423,-10.95,8.91257709214301,0.6832098777212641
221,Gorko_280015414,-0.0,3.4657728645252064,0.6730128848950395
222,Vefa_244500423,-8.75,11.208005006852545,0.6797938283326578
223,Gorko_280015414,-0.0,1.8968721014098264,0.6696478204705644
224,Vefa_244500423,-10.0,34.20736948098056,0.6763948591909945
225,Gorko_280015414,-9.75,1.649281458959308,0.6662995813682115
226,Vefa_244500423,-3.6,15.71526571542745,0.6730128848950395
227,Gorko_280015414,-16.4,1.3947315564146265,0.6629680834613705
228,Vefa_244500423,-11.15,7.738166649825871,0.6696478204705644
229,Gorko_280015414,-0.0,1.6430653966635873,0.6596532430440636
230,Vefa_244500423,-7.050000000000001,6.6712935825344175,0.6662995813682115
231,Gorko_280015414,-0.0,1.7136814629011496,0.6563549768288433
232,Gorko_280015414,-0.0,0.7890456928871572,0.653073201944699
233,Vefa_244500423,-13.8,9.394476670539007,0.6629680834613705
234,Vefa_244500423,-15.15,17.802264301877585,0.6596532430440636
235,Gorko_280015414,-0.0,2.4358778196037747,0.6498078359349755
236,Gorko_280015414,-0.0,2.865951652667718,0.6465587967553006
237,Vefa_244500423,-19.650000000000002,12.513319216872333,0.6563549768288433
238,Gorko_280015414,-3.6,3.111372276849579,0.6433260027715241
239,Vefa_244500423,-27.400000000000002,82.67812163320195,0.653073201944699
240,Gorko_280015414,-2.5,4.489740657270886,0.6401093727576664
241,Vefa_244500423,-32.55,961.214943590574,0.6498078359349755
242,Vefa_244500423,-42.1,11747.757521520747,0.6465587967553006
243,Gorko_280015414,-0.0,2.8584932184721765,0.6369088258938781
244,Gorko_280015414,-3.1500000000000004,6.352907294567558,0.6337242817644086
245,Vefa_244500423,-50.1,16414.099943220615,0.6433260027715241
246,Gorko_280015414,-0.0,3.5101911121309968,0.6305556603555866
247,Vefa_244500423,-60.900000000000006,30540.067972026765,0.6401093727576664
248,Gorko_280015414,-0.0,2.505630567262415,0.6274028820538087
249,Vefa_244500423,-77.05,18313.67262531817,0.6369088258938781
250,Gorko_280015414,-0.0,2.378458253773715,0.6242658676435396
251,Vefa_244500423,-92.9,5183.767789465375,0.6337242817644086
252,Gorko_280015414,-0.0,2.8598853987350594,0.6211445383053219
253,Vefa_244500423,-105.65,113718.79373747297,0.6305556603555866
254,Gorko_280015414,-2.35,2.689702972100349,0.6180388156137953
255,Vefa_244500423,-121.80000000000001,302673.23110831715,0.6274028820538087
256,Vefa_244500423,-139.1,547508.2930267155,0.6242658676435396
257,Gorko_280015414,-0.0,5.516271811269689,0.6149486215357263
258,Gorko_280015414,-0.0,2.3439878485223744,0.6118738784280476
259,Vefa_244500423,-167.20000000000002,3086461.6625528336,0.6211445383053219
260,Gorko_280015414,-0.0,2.531219154786413,0.6088145090359074
261,Vefa_244500423,-120.35000000000001,3391392.8341582417,0.6180388156137953
262,Gorko_280015414,-0.0,3.169292731618043,0.6057704364907278
263,Vefa_244500423,-23.450000000000003,8153199.697988033,0.6149486215357263
264,Gorko_280015414,-1.65,1.3580978224636056,0.6027415843082742
265,Vefa_244500423,-7.9,3764742.538912058,0.6118738784280476
266,Gorko_280015414,-2.45,1.0819451874122024,0.5997278763867329
267,Vefa_244500423,-6.25,392445765.5623207,0.6088145090359074
268,Gorko_280015414,-1.05,1.7250586536247283,0.5967292370047992
269,Vefa_244500423,-31.1,1299246.3150964975,0.6057704364907278
270,Gorko_280015414,-0.0,2.8196921065391507,0.5937455908197752
271,Vefa_244500423,-48.15,10474980.142841458,0.6027415843082742
272,Gorko_280015414,-0.0,2.8441328560875263,0.5907768628656763
273,Vefa_244500423,-67.30000000000001,1737678.30182302,0.5997278763867329
274,Gorko_280015414,-0.0,2.3409014554927126,0.5878229785513479
275,Vefa_244500423,-81.95,261855742.51139498,0.5967292370047992
276,Gorko_280015414,-6.4,2.936285614337976,0.5848838636585911
277,Vefa_244500423,-105.05000000000001,77128025.44712633,0.5937455908197752
278,Gorko_280015414,-15.7,4.257711433980148,0.5819594443402982
279,Vefa_244500423,-122.55000000000001,162242529.45395982,0.5907768628656763
280,Gorko_280015414,-22.450000000000003,2.5468801796192224,0.5790496471185967
281,Vefa_244500423,-148.55,53075082.39947963,0.5878229785513479
282,Gorko_280015414,-1.0,2.830556860048091,0.5761543988830038
283,Vefa_244500423,-177.65,5743442.642020941,0.5848838636585911
284,Gorko_280015414,-0.0,4.784607761364896,0.5732736268885887
285,Vefa_244500423,-199.95000000000002,12357642.79855156,0.5819594443402982
286,Gorko_280015414,-0.0,3.62466003796726,0.5704072587541458
287,Vefa_244500423,-226.95000000000002,11878594.73051548,0.5790496471185967
288,Gorko_280015414,-0.0,3.4958639019168913,0.567555222460375
289,Vefa_244500423,-251.70000000000002,11343159.045395851,0.5761543988830038
290,Gorko_280015414,-0.0,2.590442174405325,0.5647174463480732
291,Vefa_244500423,-276.45000000000005,61885051.80349493,0.5732736268885887
292,Gorko_280015414,-4.1,4.103832184890052,0.5618938591163328
293,Vefa_244500423,-297.85,46453576.052087784,0.5704072587541458
294,Gorko_280015414,-0.0,3.0437735119485296,0.5590843898207511
295,Vefa_244500423,-325.05,156809066.9490409,0.567555222460375
296,Gorko_280015414,-0.0,4.5144232080783695,0.5562889678716474
297,Vefa_244500423,-327.35,142020438.85070372,0.5647174463480732
298,Gorko_280015414,-0.0,10.204296198731754,0.5535075230322891
299,Vefa_244500423,-24.6,717305118.7856865,0.5618938591163328
300,Gorko_280015414,-0.0,5.424122506833555,0.5507399854171277
301,Vefa_244500423,-23.35,22492612.203263044,0.5590843898207511
302,Gorko_280015414,-0.0,6.832611486414407,0.547986285490042
303,Vefa_244500423,-22.450000000000003,47316517.55840254,0.5562889678716474
304,Vefa_244500423,-44.400000000000006,1458318.219747521,0.5535075230322891
305,Gorko_280015414,-0.0,2.877913139104521,0.5452463540625918
306,Gorko_280015414,-0.0,2.021765288682218,0.5425201222922789
307,Vefa_244500423,-60.45,3371813.544128895,0.5507399854171277
308,Gorko_280015414,-0.0,7.83372957258689,0.5398075216808175
309,Vefa_244500423,-81.0,3382990.576015115,0.547986285490042
310,Vefa_244500423,-106.15,376671950.8522978,0.5452463540625918
311,Gorko_280015414,-0.0,1.5200705298047978,0.5371084840724134
312,Vefa_244500423,-132.25,1570498.8299810886,0.5425201222922789
313,Gorko_280015414,-0.0,2.3206207163166255,0.5344229416520513
314,Vefa_244500423,-133.15,37810575.56441355,0.5398075216808175
315,Gorko_280015414,-0.0,2.238012324931333,0.531750826943791
316,Vefa_244500423,-164.1,11572918.106117412,0.5371084840724134
317,Gorko_280015414,-7.6,1.6029048739001155,0.5290920728090721
318,Vefa_244500423,-188.35000000000002,6158654.862031221,0.5344229416520513
319,Gorko_280015414,-0.0,3.940075873397518,0.5264466124450268
320,Vefa_244500423,-219.3,2740297.466931939,0.531750826943791
321,Gorko_280015414,-3.3,3.3282015974109527,0.5238143793828016
322,Vefa_244500423,-244.05,258027593.6881311,0.5290920728090721
323,Gorko_280015414,-5.6,2.003139920862452,0.5211953074858876
324,Vefa_244500423,-279.75,2078309.0403724648,0.5264466124450268
325,Gorko_280015414,-0.0,2.474172951390358,0.5185893309484582
326,Vefa_244500423,-317.7,21109277.05706217,0.5238143793828016
327,Gorko_280015414,-1.1,2.712347420208971,0.5159963842937159
328,Vefa_244500423,-346.20000000000005,10257551.617514458,0.5211953074858876
329,Gorko_280015414,-0.0,2.0230717787489993,0.5134164023722473
330,Vefa_244500423,-374.70000000000005,19181151.881066546,0.5185893309484582
331,Gorko_280015414,-0.0,1.978102977576782,0.510849320360386
332,Vefa_244500423,-412.70000000000005,733084.9015628248,0.5159963842937159
333,Gorko_280015414,-0.0,3.2113005514693214,0.5082950737585841
334,Vefa_244500423,-362.65000000000003,1949398.8663895056,0.5134164023722473
335,Gorko_280015414,-0.0,8.27512619458139,0.5057535983897912
336,Vefa_244500423,-39.0,364103712.65870076,0.510849320360386
337,Gorko_280015414,-0.0,5.043300058168825,0.5032248303978422
338,Vefa_244500423,-52.85,2349637.28358078,0.5082950737585841
339,Gorko_280015414,-5.85,3.1196113009063993,0.500708706245853
340,Vefa_244500423,-80.55000000000001,141587134.8996665,0.5057535983897912
341,Gorko_280015414,-0.0,2.299227583285756,0.4982051627146237
342,Vefa_244500423,-114.5,179060818.43508333,0.5032248303978422
343,Gorko_280015414,-1.6,1.8513253067267215,0.49571413690105054
344,Vefa_244500423,-155.9,1358426.677593586,0.500708706245853
345,Gorko_280015414,-3.25,1.6257699029811192,0.4932355662165453
346,Vefa_244500423,-198.8,90742867.32954592,0.4982051627146237
347,Gorko_280015414,-0.0,1.2508631182427052,0.4907693883854626
348,Vefa_244500423,-240.05,4581846.693892986,0.49571413690105054
349,Gorko_280015414,-5.15,1.6341492387728067,0.4883155414435353
350,Vefa_244500423,-288.3,74554800.24937272,0.4932355662165453
351,Gorko_280015414,-0.0,4.243758309748955,0.4858739637363176
352,Vefa_244500423,-331.35,895658.0587387085,0.4907693883854626
353,Gorko_280015414,-0.0,3.4978566154541113,0.483444593917636
354,Vefa_244500423,-368.65000000000003,1259719.4103149176,0.4883155414435353
355,Gorko_280015414,-0.0,4.2740172921912745,0.4810273709480478
356,Vefa_244500423,-415.85,59814264.570837915,0.4858739637363176
357,Gorko_280015414,-1.75,4.137121472935519,0.47862223409330756
358,Vefa_244500423,-462.05,48660869.459513664,0.483444593917636
359,Gorko_280015414,-0.0,3.646405256158687,0.47622912292284103
360,Vefa_244500423,-512.35,2930144.5309604406,0.4810273709480478
361,Gorko_280015414,-4.4,2.1919079210709356,0.4738479773082268
362,Vefa_244500423,-556.0500000000001,82730389.29623333,0.47862223409330756
363,Gorko_280015414,-2.0,9.32314181982656,0.47147873742168567
364,Vefa_244500423,-593.5500000000001,4394072.538412094,0.47622912292284103
365,Gorko_280015414,-2.0,13.290890238480642,0.46912134373457726
366,Vefa_244500423,-628.0500000000001,1046559.1551747536,0.4738479773082268
367,Gorko_280015414,-1.45,4.158725132228028,0.46677573701590436
368,Vefa_244500423,-602.5500000000001,982826.0586585999,0.47147873742168567
369,Gorko_280015414,-3.0,3.2187738394368353,0.46444185833082485
370,Vefa_244500423,-491.95000000000005,1899028.4452942777,0.46912134373457726
371,Gorko_280015414,-3.0,6.963997776678298,0.46211964903917074
372,Vefa_244500423,-376.55,143627995.48661187,0.46677573701590436
373,Gorko_280015414,-3.0,4.831585902211373,0.4598090507939749
374,Vefa_244500423,-294.1,2131428.356036991,0.46444185833082485
375,Gorko_280015414,-2.15,2.4255319445401256,0.457510005540005
376,Vefa_244500423,-53.300000000000004,2548423.8681253064,0.46211964903917074
377,Gorko_280015414,-2.75,3.287835185015865,0.45522245551230495
378,Vefa_244500423,-62.1,20086446.996044487,0.4598090507939749
379,Gorko_280015414,-3.4000000000000004,2.976841413299553,0.4529463432347434
380,Vefa_244500423,-107.05,326534.56633257866,0.457510005540005
381,Gorko_280015414,-2.0,3.1707052760757506,0.4506816115185697
382,Vefa_244500423,-156.65,1123361.617892146,0.45522245551230495
383,Gorko_280015414,-2.0,4.876952432488906,0.4484282034609769
384,Vefa_244500423,-201.75,7872193.658864975,0.4529463432347434
385,Gorko_280015414,-1.1,4.089722580751186,0.446186062443672
386,Vefa_244500423,-239.25,960716.3867286146,0.4506816115185697
387,Gorko_280015414,-2.0,2.9399511712108506,0.4439551321314536
388,Vefa_244500423,-280.35,413078.78832638636,0.4484282034609769
389,Gorko_280015414,-0.35000000000000003,1.9926916643435106,0.4417353564707963
390,Vefa_244500423,-320.1,2367269.58923652,0.446186062443672
391,Gorko_280015414,-7.7,2.4980375826144154,0.43952667968844233
392,Vefa_244500423,-358.85,759316.9505237937,0.4439551321314536
393,Gorko_280015414,-13.9,8.237869621275422,0.43732904629000013
394,Vefa_244500423,-398.6,4965316.301612675,0.4417353564707963
395,Gorko_280015414,-19.15,8.03646315028891,0.4351424010585501
396,Vefa_244500423,-438.35,14905714.37857461,0.43952667968844233
397,Vefa_244500423,-478.1,490922.3157225847,0.43732904629000013
398,Gorko_280015414,-8.95,26.93243376474129,0.43296668905325736
399,Vefa_244500423,-519.35,616085.1645902228,0.4351424010585501
400,Gorko_280015414,-12.9,7.566143187938508,0.43080185560799106
401,Gorko_280015414,-19.25,101.65899808470567,0.4286478463299511
402,Vefa_244500423,-562.95,11915837.846670315,0.43296668905325736
403,Gorko_280015414,-30.450000000000003,110.72352247418894,0.42650460709830135
404,Vefa_244500423,-601.95,582329.7716317177,0.43080185560799106
405,Gorko_280015414,-40.1,150.97890603065025,0.42437208406280985
406,Vefa_244500423,-651.5500000000001,1378844.4152040905,0.4286478463299511
407,Gorko_280015414,-24.700000000000003,328.9502052778844,0.4222502236424958
408,Vefa_244500423,-701.85,20421580.40697527,0.42650460709830135
409,Gorko_280015414,-34.6,803.9664373737178,0.42013897252428334
410,Vefa_244500423,-696.95,18817557.978105545,0.42437208406280985
411,Gorko_280015414,-42.6,448.6882889427943,0.4180382776616619
412,Vefa_244500423,-466.25,3969967.899681568,0.4222502236424958
413,Gorko_280015414,-9.65,709.5541748976102,0.4159480862733536
414,Vefa_244500423,-144.15,3681479.547200203,0.42013897252428334
415,Gorko_280015414,-2.75,715.546713449934,0.41386834584198684
416,Vefa_244500423,-31.450000000000003,837088.246062398,0.4180382776616619
417,Vefa_244500423,-62.3,4272353.808446407,0.4159480862733536
418,Gorko_280015414,-1.1,204.233707393636,0.4117990041127769
419,Vefa_244500423,-106.10000000000001,647353.5003131777,0.41386834584198684
420,Gorko_280015414,-0.0,36771.39182622533,0.40974000909221303
421,Vefa_244500423,-149.4,253066.56956537068,0.4117990041127769
422,Gorko_280015414,-0.0,106.32730899029411,0.40769130904675194
423,Vefa_244500423,-193.9,249078.170586586,0.40974000909221303
424,Gorko_280015414,-1.1,433.483702730955,0.40565285250151817
425,Vefa_244500423,-238.60000000000002,206684.1093082428,0.40769130904675194
426,Gorko_280015414,-2.45,48.497813915950246,0.4036245882390106
427,Vefa_244500423,-284.45000000000005,1973873.9201772213,0.40565285250151817
428,Gorko_280015414,-0.0,28.168074340395833,0.4016064652978155
429,Vefa_244500423,-341.45,207568.7085481286,0.4036245882390106
430,Gorko_280015414,-5.85,38.58430151790526,0.3995984329713264
431,Vefa_244500423,-403.70000000000005,6967770.479614377,0.4016064652978155
432,Vefa_244500423,-450.95000000000005,369535.58287353814,0.3995984329713264
433,Gorko_280015414,-1.0,38.024516977136955,0.3976004408064698
434,Vefa_244500423,-498.20000000000005,4781864.776253991,0.3976004408064698
435,Gorko_280015414,-4.2,103.2128401013324,0.39561243860243744
436,Vefa_244500423,-558.05,471648.65372479334,0.39561243860243744
437,Gorko_280015414,-7.95,16.165963928516703,0.3936343764094253
438,Gorko_280015414,-16.700000000000003,6521.499684703653,0.39166620452737816
439,Vefa_244500423,-617.9,176586.3352931738,0.3936343764094253
440,Vefa_244500423,-665.1500000000001,186280.46170425415,0.39166620452737816
441,Gorko_280015414,-4.15,106.64675003103912,0.3897078735047413
442,Vefa_244500423,-718.7,511033.8602218628,0.3897078735047413
443,Gorko_280015414,-6.050000000000001,46.639133556280285,0.3877593341372176
444,Vefa_244500423,-768.95,76375.61946079135,0.3877593341372176
445,Gorko_280015414,-15.600000000000001,3600.9389450123817,0.3858205374665315
446,Vefa_244500423,-819.2,555870.9636066875,0.3858205374665315
447,Gorko_280015414,-24.85,52.18079117921286,0.38389143477919885
448,Vefa_244500423,-871.0,273518.57261165977,0.38389143477919885
449,Gorko_280015414,-33.85,1937.7650558280293,0.3819719776053028
450,Vefa_244500423,-823.0500000000001,535836.5646859258,0.3819719776053028
451,Gorko_280015414,-47.95,23.111646073142765,0.3800621177172763
452,Vefa_244500423,-657.4,69617.42767930031,0.3800621177172763
453,Gorko_280015414,-62.25,1460.749224442683,0.37816180712868996
454,Vefa_244500423,-53.85,506419.15999794006,0.37816180712868996
455,Gorko_280015414,-57.35,45.18402203253936,0.37627099809304654
456,Vefa_244500423,-51.5,323567.1076619178,0.37627099809304654
457,Gorko_280015414,-2.2,77.16448470874457,0.3743896431025813
458,Vefa_244500423,-96.30000000000001,771294.3732223511,0.3743896431025813
459,Gorko_280015414,-8.05,941.0220974715749,0.37251769488706843
460,Vefa_244500423,-146.9,419310.397108078,0.37251769488706843
461,Gorko_280015414,-2.0,97.39055599346466,0.3706551064126331
462,Vefa_244500423,-198.15,479148.1045150757,0.3706551064126331
463,Vefa_244500423,-249.35000000000002,316531.6977875531,0.36880183088056995
464,Gorko_280015414,-1.65,22.43584009622282,0.36880183088056995
465,Vefa_244500423,-300.75,678231.1521796733,0.3669578217261671
466,Gorko_280015414,-2.0,191.75334137571917,0.3669578217261671
467,Vefa_244500423,-357.3,6858492.966601372,0.36512303261753626
468,Gorko_280015414,-1.7000000000000002,158.03254831977029,0.36512303261753626
469,Vefa_244500423,-315.1,4223239.71505928,0.3632974174544486
470,Gorko_280015414,-5.0,1529.9517772113322,0.3632974174544486
471,Vefa_244500423,-301.45,836074.9221943468,0.3614809303671764
472,Gorko_280015414,-3.6,72.35599271377214,0.3614809303671764
473,Vefa_244500423,-369.05,442128.8155589998,0.3596735257153405
474,Gorko_280015414,-4.5,968.3960891729803,0.3596735257153405
475,Gorko_280015414,-9.0,1279.5226704271627,0.3578751580867638
476,Vefa_244500423,-431.90000000000003,116337.34705007076,0.3578751580867638
477,Gorko_280015414,-14.65,91.63762344623683,0.35608578229633
478,Vefa_244500423,-480.0,427803.5333595276,0.35608578229633
479,Vefa_244500423,-529.5,891896.5971491188,0.3543053533848483
480,Gorko_280015414,-22.450000000000003,221.28191607082977,0.3543053533848483
481,Vefa_244500423,-592.2,184555.8805915336,0.35253382661792404
482,Gorko_280015414,-30.1,87.14939633064205,0.35253382661792404
483,Gorko_280015414,-36.85,33.92230863368604,0.3507711574848344
484,Vefa_244500423,-656.0500000000001,1198402.296597354,0.3507711574848344
485,Gorko_280015414,-43.6,57.37318251349643,0.34901730169741024
486,Vefa_244500423,-706.3000000000001,301272.064699173,0.34901730169741024
487,Gorko_280015414,-51.85,83.32398639875464,0.3472722151889232
488,Vefa_244500423,-757.6500000000001,1603551.2838468254,0.3472722151889232
489,Gorko_280015414,-57.1,190.01110228280595,0.3455358541129786
490,Vefa_244500423,-764.7,736528.7080488205,0.3455358541129786
491,Gorko_280015414,-63.85,152.44344895599443,0.3438081748424137
492,Vefa_244500423,-664.2,310947.93935340643,0.3438081748424137
493,Vefa_244500423,-438.90000000000003,580758.6956980973,0.3420891339682016
494,Gorko_280015414,-56.7,984.2598566772649,0.3420891339682016
495,Vefa_244500423,-215.35000000000002,547942.8803160191,0.3403786882983606
496,Gorko_280015414,-2.3,308.4853625362739,0.3403786882983606
497,Vefa_244500423,-112.60000000000001,1380387.9275802914,0.3386767948568688
498,Gorko_280015414,-6.050000000000001,2080.562976339468,0.3386767948568688
499,Vefa_244500423,-108.3,220323.81745521724,0.33698341088258443
500,Gorko_280015414,-6.050000000000001,2689.2184177555264,0.33698341088258443
501,Vefa_244500423,-152.10000000000002,319840.6012029648,0.3352984938281715
502,Gorko_280015414,-6.1000000000000005,72.26350770465797,0.3352984938281715
503,Vefa_244500423,-192.70000000000002,1787206.1297749188,0.33362200135903064
504,Gorko_280015414,-8.5,52.45371646843705,0.33362200135903064
505,Vefa_244500423,-184.05,418875.21775335073,0.33195389135223546
506,Gorko_280015414,-3.3,26.16841589638193,0.33195389135223546
507,Vefa_244500423,-230.05,502799.93789446354,0.3302941218954743
508,Gorko_280015414,-5.4,139.29351262317505,0.3302941218954743
509,Vefa_244500423,-277.3,355109.5385254845,0.32864265128599696
510,Gorko_280015414,-6.5,96.19232747971182,0.32864265128599696
511,Vefa_244500423,-309.55,436994.15253613424,0.326999438029567
512,Gorko_280015414,-9.350000000000001,135.01235268032178,0.326999438029567
513,Vefa_244500423,-358.65000000000003,110610.80508207344,0.3253644408394192
514,Gorko_280015414,-12.05,150.45008731569396,0.3253644408394192
515,Vefa_244500423,-381.3,40930.63158022426,0.3237376186352221
516,Gorko_280015414,-15.65,1992.7263787784614,0.3237376186352221
517,Vefa_244500423,-455.65000000000003,204335.32155383658,0.322118930542046
518,Gorko_280015414,-23.5,51.08357450863696,0.322118930542046
519,Vefa_244500423,-513.95,566752.1332229972,0.32050833588933575
520,Gorko_280015414,-33.0,229.79575418878812,0.32050833588933575
521,Vefa_244500423,-579.2,74732.89131784439,0.31890579420988907
522,Gorko_280015414,-36.85,78.67781996133272,0.31890579420988907
523,Vefa_244500423,-643.35,366086.1077477485,0.3173112652388396
524,Gorko_280015414,-45.300000000000004,1236.0931172112469,0.3173112652388396
525,Vefa_244500423,-711.5500000000001,862358.4945669919,0.3157247089126454
526,Gorko_280015414,-57.0,427.19937791404664,0.3157247089126454
527,Vefa_244500423,-773.8000000000001,81050.16238348186,0.3141460853680822
528,Gorko_280015414,-59.900000000000006,285.92563048936427,0.3141460853680822
529,Vefa_244500423,-840.75,912672.1981796202,0.3125753549412418
530,Gorko_280015414,-68.80000000000001,329.01574233034626,0.3125753549412418
531,Vefa_244500423,-648.95,46093.493006557226,0.31101247816653554
532,Gorko_280015414,-82.0,501.63245355244726,0.31101247816653554
533,Vefa_244500423,-365.20000000000005,239501.50689525902,0.30945741577570285
534,Gorko_280015414,-94.7,1270.8184799300507,0.30945741577570285
535,Vefa_244500423,-111.4,600609.2112758011,0.3079101286968243
536,Gorko_280015414,-92.30000000000001,1143.9313758282224,0.3079101286968243
537,Vefa_244500423,-94.65,913733.5532495975,0.3063705780533402
538,Gorko_280015414,-93.0,1328.0039663100615,0.3063705780533402
539,Vefa_244500423,-162.5,477547.7932497524,0.30483872516307353
540,Gorko_280015414,-99.25,8411.055722981691,0.30483872516307353
541,Vefa_244500423,-185.3,313093.6912785247,0.3033145315372582
542,Gorko_280015414,-65.65,376.91889243223704,0.3033145315372582
543,Vefa_244500423,-187.55,241224.27140941098,0.3017979588795719
544,Gorko_280015414,-80.25,2159.9072502553463,0.3017979588795719
545,Gorko_280015414,-27.3,2708.3015394611284,0.30028896908517405
546,Vefa_244500423,-238.20000000000002,142289.00277853012,0.30028896908517405
547,Vefa_244500423,-293.85,1583543.6547155231,0.2987875242397482
548,Gorko_280015414,-4.85,2783.9505476285703,0.2987875242397482
549,Vefa_244500423,-353.90000000000003,96775.79638576508,0.29729358661854943
550,Gorko_280015414,-4.05,63697.27208916748,0.29729358661854943
551,Vefa_244500423,-414.5,586140.9972628951,0.29580711868545667
552,Gorko_280015414,-15.75,7114.079670145646,0.29580711868545667
553,Vefa_244500423,-473.0,354104.3835593462,0.2943280830920294
554,Gorko_280015414,-24.0,305.69531996001024,0.2943280830920294
555,Vefa_244500423,-483.35,94455.32944926433,0.29285644267656924
556,Gorko_280015414,-35.900000000000006,2674.8741202709207,0.29285644267656924
557,Vefa_244500423,-528.1,85314.18239633553,0.2913921604631864
558,Gorko_280015414,-48.25,3746.35550764481,0.2913921604631864
559,Vefa_244500423,-577.85,681559.4396932349,0.28993519966087045
560,Gorko_280015414,-60.6,923.5677511168178,0.28993519966087045
561,Vefa_244500423,-627.6,61558.76013519976,0.2884855236625661
562,Gorko_280015414,-73.9,310.766573788831,0.2884855236625661
563,Vefa_244500423,-692.4000000000001,599748.2675654888,0.28704309604425327
564,Gorko_280015414,-85.9,1004.1649599336088,0.28704309604425327
565,Vefa_244500423,-752.1,411329.84573203325,0.285607880564032
566,Gorko_280015414,-105.35000000000001,1039.0016688699834,0.285607880564032
567,Vefa_244500423,-802.2,113587.15754562407,0.28417984116121187
568,Gorko_280015414,-123.9,5822.2085468187,0.28417984116121187
569,Vefa_244500423,-766.1,211219.32809871435,0.2827589419554058
570,Gorko_280015414,-140.4,5232.298700405285,0.2827589419554058
571,Vefa_244500423,-392.55,290380.1153976135,0.28134514724562876
572,Gorko_280015414,-130.05,2577.3182093526702,0.28134514724562876
573,Vefa_244500423,-85.95,279208.04313427955,0.2799384215094006
574,Gorko_280015414,-165.15,1981.6594735039398,0.2799384215094006
575,Vefa_244500423,-88.25,203186.88356510736,0.27853872940185365
576,Gorko_280015414,-171.35,1021.5347038572654,0.27853872940185365
577,Vefa_244500423,-34.4,176159.31830234826,0.27714603575484437
578,Gorko_280015414,-200.20000000000002,5359.863296209198,0.27714603575484437
579,Vefa_244500423,-66.4,146259.78060627356,0.2757603055760701
580,Gorko_280015414,-8.95,641.5225172191967,0.2757603055760701
581,Vefa_244500423,-109.45,414507.262346074,0.2743815040481898
582,Gorko_280015414,-1.25,3173.021234120708,0.2743815040481898
583,Vefa_244500423,-166.75,234258.43319903314,0.2730095965279488
584,Gorko_280015414,-24.3,2585.1866984117078,0.2730095965279488
585,Vefa_244500423,-240.75,757237.7107719628,0.27164454854530906
586,Vefa_244500423,-299.45000000000005,217377.59642050043,0.2702863258025825
587,Gorko_280015414,-23.45,701.6401644011369,0.27164454854530906
588,Vefa_244500423,-325.85,121920.92115592957,0.2689348941735696
589,Gorko_280015414,-41.85,1845.8414682961302,0.2702863258025825
590,Gorko_280015414,-57.25,2247.4905770081386,0.2689348941735696
591,Vefa_244500423,-203.9,660879.5839435011,0.26759021970270175
592,Gorko_280015414,-89.75,742.5609543856699,0.26759021970270175
593,Vefa_244500423,-237.05,140897.6044499576,0.2662522686041882
594,Gorko_280015414,-109.05000000000001,812.1066609420814,0.2662522686041882
595,Vefa_244500423,-298.25,156332.5899870582,0.2649210072611673
596,Gorko_280015414,-141.5,3225.254698107019,0.2649210072611673
597,Vefa_244500423,-351.35,204925.26027157623,0.26359640222486147
598,Gorko_280015414,-166.75,1215.4618947710842,0.26359640222486147
599,Vefa_244500423,-401.35,475559.15927124023,0.26227842021373715
600,Gorko_280015414,-102.2,9728.468829948455,0.26227842021373715
601,Vefa_244500423,-462.95000000000005,98268.46802306175,0.2609670281126685
602,Vefa_244500423,-522.45,328382.090353779,0.25966219297210513
603,Gorko_280015414,-105.10000000000001,1327.3867965214886,0.2609670281126685
604,Vefa_244500423,-577.25,211815.11406847835,0.2583638820072446
605,Gorko_280015414,-124.60000000000001,15938.024283922334,0.25966219297210513
606,Vefa_244500423,-634.25,119316.10339897871,0.2570720625972084
607,Gorko_280015414,-144.60000000000002,1054.105362469796,0.2583638820072446
608,Vefa_244500423,-691.25,709752.8856520653,0.25578670228422234
609,Gorko_280015414,-167.20000000000002,2113.6011163812364,0.2570720625972084
610,Vefa_244500423,-749.6500000000001,342725.976200819,0.25450776877280124
611,Gorko_280015414,-189.75,10356.341686993605,0.25578670228422234
612,Vefa_244500423,-710.8000000000001,387891.75574442744,0.2532352299289372
613,Gorko_280015414,-187.45000000000002,14268.660027069709,0.25450776877280124
614,Vefa_244500423,-575.5500000000001,100408.70417411625,0.2519690537792925
615,Gorko_280015414,-210.25,13402.700561541133,0.2532352299289372
616,Vefa_244500423,-579.65,193365.5836223401,0.2507092085103961
617,Gorko_280015414,-182.95000000000002,2682.7281760436017,0.2519690537792925
618,Vefa_244500423,-651.3000000000001,675062.449007621,0.2494556624678441
619,Gorko_280015414,-140.5,15409.888107279588,0.2507092085103961
620,Vefa_244500423,-714.5,316696.9577727169,0.24820838415550486
621,Gorko_280015414,-162.1,1250.7262616306543,0.2494556624678441
622,Vefa_244500423,-698.35,443782.1792373657,0.24696734223472733
623,Gorko_280015414,-183.10000000000002,29084.491805140227,0.24820838415550486
624,Vefa_244500423,-575.0,204471.50316548347,0.2457325055235537
625,Gorko_280015414,-106.25,3274.577142689028,0.24696734223472733
626,Vefa_244500423,-218.5,161235.5156828314,0.24450384299593592
627,Gorko_280015414,-132.05,5907.613182177767,0.2457325055235537
628,Vefa_244500423,-159.75,96357.22711928189,0.24328132378095624
629,Gorko_280015414,-152.3,3170.5820160931908,0.24450384299593592
630,Vefa_244500423,-180.75,254155.8609265685,0.24206491716205145
631,Gorko_280015414,-184.3,1825.6118950494565,0.24328132378095624
632,Vefa_244500423,-217.15,85323.95495937765,0.2408545925762412
633,Gorko_280015414,-210.5,3480.094648133032,0.24206491716205145
634,Vefa_244500423,-201.60000000000002,365143.8833577037,0.23965031961336
635,Gorko_280015414,-242.9,4244.891252566129,0.2408545925762412
636,Vefa_244500423,-244.35000000000002,126770.76092877984,0.2384520680152932
637,Gorko_280015414,-271.55,6201.114068709314,0.23965031961336
638,Vefa_244500423,-277.95000000000005,481927.47539776564,0.23725980767521673
639,Gorko_280015414,-287.15,15857.967348657085,0.2384520680152932
640,Vefa_244500423,-346.7,299131.71550887823,0.23607350863684065
641,Gorko_280015414,-300.1,79081.86186693609,0.23725980767521673
642,Gorko_280015414,-286.45,131457.61624037568,0.23607350863684065
643,Vefa_244500423,-413.6,115734.20109259337,0.23489314109365644
644,Gorko_280015414,-134.55,33212.05271763541,0.23489314109365644
645,Vefa_244500423,-488.15000000000003,76327.82223056257,0.23371867538818816
646,Gorko_280015414,-136.5,92737.89234213019,0.23371867538818816
647,Vefa_244500423,-574.0,444571.3726376593,0.23255008201124722
648,Gorko_280015414,-131.45,26621.77713620942,0.23255008201124722
649,Vefa_244500423,-650.35,126314.93284702301,0.231387331601191
650,Gorko_280015414,-157.05,48797.50796726404,0.231387331601191
651,Vefa_244500423,-730.1500000000001,127913.26062036492,0.23023039494318503
652,Gorko_280015414,-185.15,105948.63524140604,0.23023039494318503
653,Vefa_244500423,-788.1500000000001,152975.21180792898,0.2290792429684691
654,Gorko_280015414,-204.9,36607.02871586755,0.2290792429684691
655,Vefa_244500423,-858.35,354813.7111204583,0.22793384675362674
656,Gorko_280015414,-231.35000000000002,17519.403016593307,0.22793384675362674
657,Vefa_244500423,-927.6,265771.4981184602,0.22679417751985861
658,Gorko_280015414,-256.1,7799.68960404268,0.22679417751985861
659,Vefa_244500423,-609.35,75744.3526969254,0.22566020663225933
660,Vefa_244500423,-621.4,406937.3409435749,0.22453190559909803
661,Gorko_280015414,-164.25,16887.575236693956,0.22566020663225933
662,Vefa_244500423,-507.05,568364.0497656763,0.22340924607110255
663,Gorko_280015414,-176.55,100825.91233408242,0.22453190559909803
664,Gorko_280015414,-206.65,15781.81360117346,0.22340924607110255
665,Vefa_244500423,-430.3,559458.8096883297,0.22229219984074702
666,Gorko_280015414,-238.85000000000002,79008.4667318901,0.22229219984074702
667,Vefa_244500423,-350.45,258277.59563606355,0.2211807388415433
668,Gorko_280015414,-278.75,4120.391376524698,0.2211807388415433
669,Vefa_244500423,-311.5,171684.06773984432,0.22007483514733558
670,Gorko_280015414,-317.5,16906.41038759832,0.22007483514733558
671,Vefa_244500423,-224.9,719762.3856766224,0.2189744609715989
672,Gorko_280015414,-325.85,26227.7552322555,0.2189744609715989
673,Vefa_244500423,-115.5,257400.94952184334,0.2178795886667409
674,Vefa_244500423,-136.35000000000002,207672.478157565,0.2167901907234072
675,Gorko_280015414,-196.75,181934.14466184378,0.2178795886667409
676,Gorko_280015414,-149.0,37479.90661767917,0.2167901907234072
677,Vefa_244500423,-166.9,184382.29165583872,0.21570623976979014
678,Gorko_280015414,-176.9,73749.20125292428,0.21570623976979014
679,Vefa_244500423,-188.8,113996.2206428498,0.21462770857094118
680,Gorko_280015414,-187.5,6499.872112256475,0.21462770857094118
681,Vefa_244500423,-262.25,51777.96620871127,0.21355457002808648
682,Gorko_280015414,-123.4,8642.67825418245,0.21355457002808648
683,Vefa_244500423,-324.7,570048.0122701759,0.21248679717794605
684,Gorko_280015414,-22.450000000000003,1445.3346007466316,0.21248679717794605
685,Vefa_244500423,-389.70000000000005,119721.75847804546,0.21142436319205632
686,Gorko_280015414,-57.0,10923.083004506305,0.21142436319205632
687,Vefa_244500423,-464.5,119637.75812600553,0.21036724137609603
688,Gorko_280015414,-91.9,4743.138199773151,0.21036724137609603
689,Vefa_244500423,-518.4000000000001,115975.39880943298,0.20931540516921554
690,Gorko_280015414,-123.05000000000001,26207.29096925445,0.20931540516921554
691,Gorko_280015414,-155.15,10744.978640463203,0.20826882814336947
692,Vefa_244500423,-586.8000000000001,516126.28378067166,0.20826882814336947
693,Gorko_280015414,-197.1,4465.955025791191,0.20722748400265262
694,Vefa_244500423,-656.6,453232.9000945091,0.20722748400265262
695,Gorko_280015414,-237.20000000000002,28400.428562682122,0.20619134658263935
696,Vefa_244500423,-709.35,630292.6724937111,0.20619134658263935
697,Gorko_280015414,-261.05,1619.1951448470354,0.20516038984972615
698,Vefa_244500423,-764.1,225286.16187000275,0.20516038984972615
699,Gorko_280015414,-301.25,4274.275129027665,0.2041345879004775
700,Vefa_244500423,-829.6,2044620.6721506715,0.2041345879004775
701,Gorko_280015414,-342.75,1578.2668457068503,0.2031139149609751
702,Gorko_280015414,-383.25,2053.253393985331,0.20209834538617025
703,Vefa_244500423,-616.8000000000001,398168.0876877308,0.2031139149609751
704,Gorko_280015414,-432.0,14449.064924295992,0.2010878536592394
705,Vefa_244500423,-518.35,477935.2255273536,0.20209834538617025
706,Gorko_280015414,-478.35,2596.049145217985,0.2000824143909432
707,Vefa_244500423,-551.85,21618.650132477283,0.2010878536592394
708,Gorko_280015414,-525.4000000000001,48698.06548746221,0.19908200231898848
709,Vefa_244500423,-568.3000000000001,66633.45834797621,0.2000824143909432
710,Gorko_280015414,-574.6,40962.12898481265,0.19808659230739353
711,Vefa_244500423,-431.6,165484.6359540224,0.19908200231898848
712,Gorko_280015414,-621.25,31502.503102986142,0.19709615934585656
713,Vefa_244500423,-387.5,1216785.1347318888,0.19808659230739353
714,Gorko_280015414,-286.15000000000003,65641.83136273269,0.19611067854912728
715,Vefa_244500423,-424.75,403484.2563725114,0.19709615934585656
716,Vefa_244500423,-430.45000000000005,54927.07625859976,0.19611067854912728
717,Gorko_280015414,-237.75,12451.821828034721,0.19513012515638165
718,Gorko_280015414,-143.65,11686.3321178006,0.19415447453059972
719,Vefa_244500423,-383.3,119404.12821136415,0.19513012515638165
720,Vefa_244500423,-355.6,224495.84482926875,0.19415447453059972
721,Gorko_280015414,-95.45,5509.404561887553,0.19318370215794672
722,Vefa_244500423,-389.75,296837.40880042315,0.19318370215794672
723,Gorko_280015414,-105.5,8639.937050101347,0.192217783647157
724,Vefa_244500423,-422.6,175664.03489345312,0.192217783647157
725,Gorko_280015414,-162.15,5269.701887462288,0.1912566947289212
726,Vefa_244500423,-343.0,474127.7323818207,0.1912566947289212
727,Gorko_280015414,-212.45000000000002,7861.740267194342,0.1903004112552766
728,Vefa_244500423,-332.05,841570.1527311802,0.1903004112552766
729,Gorko_280015414,-280.70000000000005,9189.344339775853,0.18934890919900021
730,Vefa_244500423,-295.7,393453.3352909088,0.18934890919900021
731,Gorko_280015414,-334.5,20544.76675964007,0.18840216465300522
732,Vefa_244500423,-336.8,131983.325622797,0.18840216465300522
733,Gorko_280015414,-390.75,17222.392896466306,0.18746015382974018
734,Vefa_244500423,-376.5,283715.80210006237,0.18746015382974018
735,Gorko_280015414,-444.0,56645.59523653053,0.1865228530605915
736,Vefa_244500423,-422.15000000000003,214256.40354391932,0.1865228530605915
737,Gorko_280015414,-393.3,10997.65934850683,0.18559023879528855
738,Vefa_244500423,-487.65000000000003,150974.06677246094,0.18559023879528855
739,Gorko_280015414,-422.5,12934.511422345648,0.1846622876013121
740,Vefa_244500423,-537.1500000000001,644016.076005727,0.1846622876013121
741,Gorko_280015414,-462.55,99730.96854778272,0.18373897616330553
742,Vefa_244500423,-592.95,50552.25153720379,0.18373897616330553
743,Gorko_280015414,-476.25,36549.55467372853,0.182820281282489
744,Vefa_244500423,-477.0,135806.62954318523,0.182820281282489
745,Gorko_280015414,-516.55,5344.455876730382,0.18190617987607657
746,Vefa_244500423,-323.5,610881.1185597815,0.18190617987607657
747,Gorko_280015414,-528.4000000000001,86291.37580460357,0.18099664897669618
748,Vefa_244500423,-379.5,97640.05724525452,0.18099664897669618
749,Gorko_280015414,-582.9,18062.987331588287,0.1800916657318127
750,Vefa_244500423,-444.8,55087.33871508483,0.1800916657318127
751,Gorko_280015414,-648.45,16214.878269617911,0.17919120740315364
752,Vefa_244500423,-513.2,135516.76397931576,0.17919120740315364
753,Gorko_280015414,-492.55,2572.470670722978,0.17829525136613786
754,Vefa_244500423,-567.6,256961.71128809452,0.17829525136613786
755,Gorko_280015414,-496.75,12663.594960998744,0.17740377510930716
756,Vefa_244500423,-556.0500000000001,269187.16017974913,0.17740377510930716
757,Gorko_280015414,-310.5,11671.08509214595,0.17651675623376062
758,Vefa_244500423,-349.55,232075.34043585137,0.17651675623376062
759,Gorko_280015414,-233.60000000000002,58785.33951382339,0.1756341724525918
760,Vefa_244500423,-379.6,51257.911309197545,0.1756341724525918
761,Gorko_280015414,-279.3,8850.86684332462,0.17475600159032884
762,Vefa_244500423,-399.0,162893.11319684982,0.17475600159032884
763,Gorko_280015414,-233.95000000000002,11748.639085029718,0.17388222158237718
764,Gorko_280015414,-246.05,119059.73451840226,0.1730128104744653
765,Vefa_244500423,-405.35,61691.942926734686,0.17388222158237718
766,Gorko_280015414,-150.55,26455.467395836487,0.17214774642209296
767,Vefa_244500423,-459.40000000000003,589594.4693443924,0.1730128104744653
768,Gorko_280015414,-174.55,2346.4169063539157,0.1712870076899825
769,Vefa_244500423,-551.5,126661.34187799692,0.17214774642209296
770,Gorko_280015414,-234.55,5520.304017757066,0.17043057265153258
771,Vefa_244500423,-623.0,157704.0723901391,0.1712870076899825
772,Gorko_280015414,-287.25,11676.095040644635,0.16957841978827493
773,Vefa_244500423,-712.3000000000001,73312.68277454376,0.17043057265153258
774,Gorko_280015414,-339.0,7404.9515611976385,0.16873052768933355
775,Vefa_244500423,-784.1500000000001,239865.3592403531,0.16957841978827493
776,Gorko_280015414,-332.1,11448.114771116438,0.1678868750508869
777,Vefa_244500423,-873.1,487900.8921265602,0.16873052768933355
778,Gorko_280015414,-395.0,15085.136641878635,0.16704744067563246
779,Vefa_244500423,-849.95,1201459.136350751,0.1678868750508869
780,Gorko_280015414,-444.1,17552.77275428176,0.1662122034722543
781,Vefa_244500423,-614.7,428234.35562631197,0.16704744067563246
782,Gorko_280015414,-499.1,33551.14013860468,0.16538114245489302
783,Vefa_244500423,-692.2,406763.11875623465,0.1662122034722543
784,Gorko_280015414,-551.0,239417.1906785844,0.16455423674261854
785,Vefa_244500423,-784.8000000000001,1094470.163970232,0.16538114245489302
786,Gorko_280015414,-599.75,13830.645808509798,0.16373146555890544
787,Vefa_244500423,-876.9000000000001,64977.8375235796,0.16455423674261854
788,Gorko_280015414,-649.85,3739.7155160176335,0.16291280823111093
789,Vefa_244500423,-949.8000000000001,38981.913959912956,0.16373146555890544
790,Gorko_280015414,-699.35,25999.122642720402,0.16209824418995536
791,Vefa_244500423,-1025.3000000000002,90995.93256406696,0.16291280823111093
792,Gorko_280015414,-735.3000000000001,29992.62106073927,0.16128775296900558
793,Vefa_244500423,-789.4000000000001,169373.89973181486,0.16209824418995536
794,Gorko_280015414,-649.15,18709.070921440376,0.16048131420416054
795,Vefa_244500423,-399.05,480334.70058077574,0.16128775296900558
796,Gorko_280015414,-614.5,11755.997615402564,0.15967890763313974
797,Gorko_280015414,-452.95000000000005,26411.28116688691,0.15888051309497406
798,Vefa_244500423,-312.75,35248.22241614759,0.16048131420416054
799,Gorko_280015414,-442.35,53041.885902546346,0.1580861105294992
800,Vefa_244500423,-382.5,179203.22133666277,0.15967890763313974
801,Vefa_244500423,-452.25,91814.63335369527,0.15888051309497406
802,Gorko_280015414,-498.85,97304.46230901591,0.1572956799768517
803,Vefa_244500423,-540.6,277032.58859598637,0.1580861105294992
804,Gorko_280015414,-473.40000000000003,90190.22465765849,0.15650920157696743
805,Vefa_244500423,-503.85,485471.0306046121,0.1572956799768517
806,Gorko_280015414,-452.1,69922.14126410219,0.1557266555690826
807,Gorko_280015414,-493.35,84125.01779522382,0.1549480222912372
808,Vefa_244500423,-471.0,252655.74043941498,0.15650920157696743
809,Gorko_280015414,-530.4000000000001,25991.041845941683,0.15417328217978102
810,Vefa_244500423,-544.2,321192.053199172,0.1557266555690826
811,Gorko_280015414,-562.3,396270.86756809615,0.1534024157688821
812,Vefa_244500423,-619.65,287988.84191274643,0.1549480222912372
813,Gorko_280015414,-501.70000000000005,27412.77328909388,0.1526354036900377
814,Vefa_244500423,-693.6500000000001,354653.5417995453,0.15417328217978102
815,Vefa_244500423,-767.45,212385.55335717648,0.1534024157688821
816,Gorko_280015414,-360.0,15156.729197592053,0.1518722266715875
817,Vefa_244500423,-723.3000000000001,874345.802412529,0.1526354036900377
818,Gorko_280015414,-412.85,13669.874134506743,0.15111286553822956
819,Gorko_280015414,-468.5,24952.023241976858,0.15035730121053842
820,Vefa_244500423,-552.25,143386.47628498077,0.1518722266715875
821,Gorko_280015414,-523.25,26224.776768444106,0.14960551470448571
822,Vefa_244500423,-575.95,39366.1714104414,0.15111286553822956
823,Vefa_244500423,-654.4,25476.325343742967,0.15035730121053842
824,Gorko_280015414,-592.6,8424.972372655473,0.14885748713096328
825,Vefa_244500423,-727.4000000000001,99811.3606390953,0.14960551470448571
826,Gorko_280015414,-647.35,262072.64322838394,0.14811319969530845
827,Vefa_244500423,-812.0,274265.8764460087,0.14885748713096328
828,Gorko_280015414,-716.7,20322.388896811754,0.1473726336968319
829,Vefa_244500423,-887.1500000000001,136820.48435521126,0.14811319969530845
830,Gorko_280015414,-787.6,34239.18228762038,0.14663577052834775
831,Vefa_244500423,-828.4000000000001,390205.33053421974,0.1473726336968319
832,Gorko_280015414,-855.4000000000001,143259.02995250907,0.14590259167570602
833,Vefa_244500423,-673.25,563674.2575764358,0.14663577052834775
834,Gorko_280015414,-758.35,24431.668176476844,0.1451730787173275
835,Vefa_244500423,-574.4,58405.17432664335,0.14590259167570602
836,Gorko_280015414,-692.95,24519.240393197164,0.14444721332374086
837,Vefa_244500423,-595.1,88696.7343708314,0.1451730787173275
838,Gorko_280015414,-774.6,5895.566896898905,0.14372497725712216
839,Gorko_280015414,-819.3000000000001,7935.028469486264,0.14300635237083656
840,Vefa_244500423,-682.85,179395.35193647444,0.14444721332374086
841,Gorko_280015414,-476.40000000000003,56641.9037935026,0.14229132060898236
842,Vefa_244500423,-771.3000000000001,604107.8965005577,0.14372497725712216
843,Gorko_280015414,-518.05,33731.70810106024,0.14157986400593744
844,Vefa_244500423,-857.75,136789.46307121962,0.14300635237083656
845,Gorko_280015414,-472.75,83569.56608906388,0.14087196468590776
846,Vefa_244500423,-932.5,101051.08470201492,0.14229132060898236
847,Gorko_280015414,-527.2,177756.21439290792,0.14016760486247823
848,Vefa_244500423,-998.5,102570.91606855392,0.14157986400593744
849,Vefa_244500423,-1067.5,481757.515106678,0.14087196468590776
850,Gorko_280015414,-441.15000000000003,2008246.7290094672,0.13946676683816583
851,Vefa_244500423,-1136.5,168890.52617239952,0.14016760486247823
852,Gorko_280015414,-171.8,64145.078089987044,0.138769433003975
853,Vefa_244500423,-1207.25,957436.1156116724,0.13946676683816583
854,Gorko_280015414,-234.85000000000002,152981.9707437344,0.13807558583895513
855,Gorko_280015414,-295.5,87503.96788444195,0.13738520790976036
856,Vefa_244500423,-1292.5,44948.285773172975,0.138769433003975
857,Gorko_280015414,-357.15000000000003,44567.314145868644,0.13669828187021155
858,Vefa_244500423,-1372.75,152862.42204737663,0.13807558583895513
859,Gorko_280015414,-418.85,58911.645880479366,0.13601479046086049
860,Vefa_244500423,-1041.5,101798.59164711833,0.13738520790976036
861,Gorko_280015414,-501.55,344529.70609251224,0.1353347165085562
862,Vefa_244500423,-745.8000000000001,202502.89208347723,0.13669828187021155
863,Gorko_280015414,-564.55,246446.89578215173,0.1346580429260134
864,Vefa_244500423,-709.25,118362.23642098159,0.13601479046086049
865,Gorko_280015414,-625.5500000000001,69393.22294718624,0.13398475271138335
866,Vefa_244500423,-702.1500000000001,716725.0435479879,0.1353347165085562
867,Gorko_280015414,-688.5500000000001,13047.602407157421,0.13331482894782642
868,Vefa_244500423,-595.35,171733.47880136967,0.1346580429260134
869,Gorko_280015414,-752.5500000000001,18676.827337566763,0.13264825480308728
870,Vefa_244500423,-539.3,528720.1114455312,0.13398475271138335
871,Gorko_280015414,-682.8000000000001,8285.911733029177,0.13198501352907185
872,Gorko_280015414,-683.5500000000001,139817.5774821132,0.1313250884614265
873,Vefa_244500423,-349.75,81526.76641836762,0.13331482894782642
874,Gorko_280015414,-609.0500000000001,49791.25498375483,0.13066846301911936
875,Vefa_244500423,-365.25,84588.56733572483,0.13264825480308728
876,Gorko_280015414,-594.65,13927.073335999623,0.13001512070402377
877,Vefa_244500423,-444.3,117462.77018976212,0.13198501352907185
878,Gorko_280015414,-366.35,37081.792958423495,0.12936504510050365
879,Vefa_244500423,-518.8,369173.3491819799,0.1313250884614265
880,Gorko_280015414,-391.5,51801.37287532096,0.12871821987500112
881,Vefa_244500423,-593.25,116046.37527236715,0.13066846301911936
882,Gorko_280015414,-445.65000000000003,29446.18017439358,0.12807462877562611
883,Vefa_244500423,-666.75,167480.1385552585,0.13001512070402377
884,Vefa_244500423,-740.25,1779934.057676971,0.12936504510050365
885,Gorko_280015414,-511.15000000000003,61384.654307467164,0.12743425563174798
886,Vefa_244500423,-815.25,331207.4440773089,0.12871821987500112
887,Gorko_280015414,-571.1,48863.23551527411,0.12679708435358925
888,Vefa_244500423,-893.25,68527.30486929417,0.12807462877562611
889,Gorko_280015414,-524.6500000000001,36877.525237879934,0.1261630989318213
890,Vefa_244500423,-963.0500000000001,198342.7225703895,0.12743425563174798
891,Gorko_280015414,-557.85,142303.56247754768,0.1255322834371622
892,Vefa_244500423,-1031.3000000000002,138607.05608819425,0.12679708435358925
893,Gorko_280015414,-617.45,22106.98898200052,0.12490462201997637
894,Vefa_244500423,-1046.75,727742.0203384012,0.1261630989318213
895,Gorko_280015414,-679.7,86255.68832642981,0.1242800989098765
896,Vefa_244500423,-897.7,529459.5593624711,0.1255322834371622
897,Gorko_280015414,-741.95,76605.76973514631,0.12365869841532712
898,Vefa_244500423,-899.5,93392.83113332151,0.12490462201997637
899,Gorko_280015414,-734.35,74266.80369756324,0.12304040492325048
900,Gorko_280015414,-336.45,48834.23625331174,0.12242520289863423
901,Vefa_244500423,-979.75,329208.0948486328,0.1242800989098765
902,Gorko_280015414,-323.7,21285.42134632566,0.12181307688414106
903,Vefa_244500423,-973.5,283768.39659547806,0.12365869841532712
904,Vefa_244500423,-857.9000000000001,615063.5742630027,0.12304040492325048
905,Gorko_280015414,-344.55,202266.3512124624,0.12120401149972035
906,Vefa_244500423,-845.6500000000001,4524151.730523631,0.12242520289863423
907,Gorko_280015414,-356.05,61731.088509434834,0.12059799144222175
908,Vefa_244500423,-748.0,592761.3683070801,0.12181307688414106
909,Gorko_280015414,-433.6,81500.65269113891,0.11999500148501063
910,Vefa_244500423,-612.25,788892.8752061725,0.12120401149972035
911,Gorko_280015414,-513.05,283358.4286548684,0.11939502647758558
912,Vefa_244500423,-553.0500000000001,938252.9289239645,0.12059799144222175
913,Gorko_280015414,-345.2,1489994.481639135,0.11879805134519765
914,Vefa_244500423,-604.2,642209.632880073,0.11999500148501063
915,Gorko_280015414,-346.25,35080.731916725636,0.11820406108847166
916,Vefa_244500423,-656.7,1290453.977939725,0.11939502647758558
917,Gorko_280015414,-383.95000000000005,41541.484962679446,0.1176130407830293
918,Vefa_244500423,-708.2,737436.1404090375,0.11879805134519765
919,Gorko_280015414,-413.0,120094.71505859517,0.11702497557911415
920,Vefa_244500423,-764.7,131895.68660749495,0.11820406108847166
921,Gorko_280015414,-436.55,125245.07791429968,0.11643985070121858
922,Vefa_244500423,-812.75,371367.2092196159,0.1176130407830293
923,Gorko_280015414,-492.6,79052.68716355239,0.11585765144771248
924,Vefa_244500423,-871.9000000000001,120034.56948044889,0.11702497557911415
925,Gorko_280015414,-553.7,21913.16921904683,0.11527836319047392
926,Vefa_244500423,-921.9000000000001,131605.40145277977,0.11643985070121858
927,Gorko_280015414,-635.65,65107.3863283135,0.11470197137452155
928,Vefa_244500423,-970.1500000000001,145282.56135035306,0.11585765144771248
929,Gorko_280015414,-711.45,112066.93905122112,0.11412846151764894
930,Vefa_244500423,-1024.0500000000002,175813.46594525618,0.11527836319047392
931,Gorko_280015414,-775.7,113785.27310657618,0.1135578192100607
932,Vefa_244500423,-1082.1000000000001,79417.13242354989,0.11470197137452155
933,Gorko_280015414,-839.45,79070.34665025119,0.11299003011401039
934,Vefa_244500423,-1147.8,167613.5746679604,0.11412846151764894
935,Gorko_280015414,-842.1500000000001,36174.017103704624,0.11242507996344034
936,Vefa_244500423,-1203.8,87318.92832279205,0.1135578192100607
937,Gorko_280015414,-751.95,21080.171517816372,0.11186295456362313
938,Vefa_244500423,-1249.05,264129.7169832885,0.11299003011401039
939,Gorko_280015414,-811.45,117002.9488784289,0.11130363979080501
940,Vefa_244500423,-1314.15,96886.98085436225,0.11242507996344034
941,Gorko_280015414,-882.25,37195.705264149234,0.11074712159185099
942,Vefa_244500423,-1334.25,202945.91083538532,0.11186295456362313
943,Gorko_280015414,-567.55,360990.31241992116,0.11019338598389174
944,Vefa_244500423,-1294.5500000000002,232547.48343540728,0.11130363979080501
945,Gorko_280015414,-476.1,73114.79790384788,0.10964241905397228
946,Gorko_280015414,-544.95,61380.82870020531,0.10909420695870241
947,Vefa_244500423,-1101.7,2312323.9397132397,0.11074712159185099
948,Gorko_280015414,-618.7,49959.3922778462,0.1085487359239089
949,Vefa_244500423,-1077.95,281721.27732765675,0.11019338598389174
950,Gorko_280015414,-337.15000000000003,35650.76157615334,0.10800599224428936
951,Vefa_244500423,-1115.2,430244.9090330601,0.10964241905397228
952,Gorko_280015414,-241.45000000000002,112936.13947880268,0.10746596228306791
953,Vefa_244500423,-1132.6000000000001,777629.0780417919,0.10909420695870241
954,Gorko_280015414,-241.65,356039.8144517075,0.10692863247165257
955,Vefa_244500423,-1133.7,216535.14348279778,0.1085487359239089
956,Gorko_280015414,-254.60000000000002,22624.87227827136,0.1063939893092943
957,Vefa_244500423,-1201.8,360971.4734031111,0.10800599224428936
958,Gorko_280015414,-325.8,94160.20478461124,0.10586201936274783
959,Vefa_244500423,-1240.45,149693.86826223135,0.10746596228306791
960,Gorko_280015414,-395.15000000000003,173849.7454549924,0.10533270926593409
961,Vefa_244500423,-1301.0,258826.87573174015,0.10692863247165257
962,Gorko_280015414,-447.90000000000003,123414.14632130973,0.10480604571960442
963,Vefa_244500423,-1360.7,183921.73891597986,0.1063939893092943
964,Gorko_280015414,-514.6500000000001,66289.96653664293,0.1042820154910064
965,Vefa_244500423,-1425.4,817085.811445687,0.10586201936274783
966,Gorko_280015414,-561.1500000000001,77926.28589639813,0.10376060541355137
967,Gorko_280015414,-626.3000000000001,68276.98236749694,0.1032418023864836
968,Vefa_244500423,-1493.1000000000001,1022405.3850319982,0.10533270926593409
969,Gorko_280015414,-690.8000000000001,50351.019346776986,0.10272559337455119
970,Vefa_244500423,-1559.8000000000002,231070.87794361217,0.10480604571960442
971,Gorko_280015414,-755.3000000000001,162077.20924543124,0.10221196540767843
972,Vefa_244500423,-1589.15,219823.83937973157,0.1042820154910064
973,Gorko_280015414,-819.8000000000001,106690.66938852897,0.10170090558064004
974,Vefa_244500423,-1610.8500000000001,481461.8718893039,0.10376060541355137
975,Gorko_280015414,-884.3000000000001,28523.436501434393,0.10119240105273684
976,Vefa_244500423,-1327.7,736974.1271018982,0.1032418023864836
977,Gorko_280015414,-948.8000000000001,67218.15193216503,0.10068643904747315
978,Vefa_244500423,-1371.8000000000002,852962.4997714162,0.10272559337455119
979,Gorko_280015414,-902.6,139086.70477225818,0.10018300685223579
980,Vefa_244500423,-1233.15,131390.99375500996,0.10221196540767843
981,Gorko_280015414,-800.1,127150.32855352387,0.0996820918179746
982,Vefa_244500423,-1187.3,288191.55506145954,0.10170090558064004
983,Vefa_244500423,-1091.0,1551428.8489539176,0.10119240105273684
984,Gorko_280015414,-886.85,267818.01150723174,0.09918368135888474
985,Vefa_244500423,-1022.6500000000001,790388.8039498329,0.10068643904747315
986,Gorko_280015414,-951.35,710659.000044765,0.09868776295209031
987,Gorko_280015414,-851.0500000000001,113579.9647314807,0.09819432413732986
988,Vefa_244500423,-1012.2,79771.04704427719,0.10018300685223579
989,Gorko_280015414,-388.20000000000005,50892.936162665486,0.09770335251664321
990,Vefa_244500423,-749.25,124098.16286733747,0.0996820918179746
991,Gorko_280015414,-239.55,213378.55491292998,0.09721483575406
992,Vefa_244500423,-226.0,147305.515977934,0.09918368135888474
993,Gorko_280015414,-298.9,68591.35562380822,0.09672876157528969
994,Vefa_244500423,-134.55,287172.19004134834,0.09868776295209031
995,Gorko_280015414,-313.05,105965.73530141852,0.09624511776741324
996,Gorko_280015414,-269.9,81166.95178543458,0.09576389217857617
997,Vefa_244500423,-177.95000000000002,136688.24432823062,0.09819432413732986
998,Gorko_280015414,-156.55,131669.4862743914,0.09528507271768329
999,Vefa_244500423,-223.9,158182.11142992973,0.09770335251664321
1000,Gorko_280015414,-156.35000000000002,143438.73209879082,0.09480864735409487
1001,Vefa_244500423,-277.15,382763.83824238926,0.09721483575406
1002,Gorko_280015414,-232.20000000000002,74424.6392320469,0.0943346041173244
1003,Vefa_244500423,-326.8,166969.6143124234,0.09672876157528969
1004,Gorko_280015414,-296.20000000000005,648194.8669295711,0.09386293109673778
1005,Vefa_244500423,-392.35,139031.6376669407,0.09624511776741324
1006,Gorko_280015414,-275.45000000000005,75123.32669667582,0.09339361644125409
1007,Vefa_244500423,-447.85,309958.65045818524,0.09576389217857617
1008,Vefa_244500423,-427.95000000000005,1384687.9120094776,0.09528507271768329
1009,Gorko_280015414,-330.8,55253.16914864234,0.09292664835904782
1010,Vefa_244500423,-450.5,540974.4952354431,0.09480864735409487
1011,Gorko_280015414,-405.1,49725.617848195136,0.09246201511725258
1012,Vefa_244500423,-509.45000000000005,239742.99482166767,0.0943346041173244
1013,Gorko_280015414,-473.5,190908.82561960258,0.09199970504166631
1014,Vefa_244500423,-573.35,210977.51047289371,0.09386293109673778
1015,Gorko_280015414,-541.0,772056.2209291747,0.09153970651645797
1016,Vefa_244500423,-629.5500000000001,434645.90332454443,0.09339361644125409
1017,Gorko_280015414,-609.65,258861.69177967403,0.09108200798387568
1018,Vefa_244500423,-685.0500000000001,194857.1615076065,0.09292664835904782
1019,Gorko_280015414,-677.9,43139.1080983825,0.0906265979439563
1020,Vefa_244500423,-600.25,130206.2451309078,0.09246201511725258
1021,Gorko_280015414,-745.1500000000001,159549.30254625995,0.09017346495423652
1022,Vefa_244500423,-517.55,737557.3879927993,0.09199970504166631
1023,Gorko_280015414,-823.4000000000001,124776.49595835595,0.08972259762946533
1024,Gorko_280015414,-889.7,76001.01018363493,0.089273984641318
1025,Vefa_244500423,-558.4,564992.8785529733,0.09153970651645797
1026,Gorko_280015414,-961.2,37638.37036234746,0.0888276147181114
1027,Vefa_244500423,-547.4,212652.92815233907,0.09108200798387568
1028,Gorko_280015414,-527.2,343656.4378832266,0.08838347664452084
1029,Vefa_244500423,-432.75,3162144.8310210407,0.0906265979439563
1030,Gorko_280015414,-503.0,281383.7132595992,0.08794155926129824
1031,Vefa_244500423,-445.8,938534.5664269924,0.09017346495423652
1032,Gorko_280015414,-534.25,67756.580494734,0.08750185146499175
1033,Vefa_244500423,-539.1,163261.04346984625,0.08972259762946533
1034,Gorko_280015414,-503.65000000000003,221549.55457314476,0.08706434220766679
1035,Vefa_244500423,-617.0500000000001,90421.2826963265,0.089273984641318
1036,Gorko_280015414,-308.95000000000005,385200.09624973685,0.08662902049662846
1037,Vefa_244500423,-606.45,202161.5294482112,0.0888276147181114
1038,Gorko_280015414,-243.5,115628.24200285226,0.08619587539414532
1039,Vefa_244500423,-616.0500000000001,179341.8019837737,0.08838347664452084
1040,Gorko_280015414,-138.7,347694.4127014838,0.08576489601717459
1041,Vefa_244500423,-690.0500000000001,417833.8856869936,0.08794155926129824
1042,Gorko_280015414,-154.2,320365.0911663305,0.08533607153708872
1043,Vefa_244500423,-764.2,194039.86652755737,0.08750185146499175
1044,Gorko_280015414,-209.35,58860.657390027656,0.08490939117940327
1045,Vefa_244500423,-829.95,497478.1089596972,0.08706434220766679
1046,Gorko_280015414,-281.95000000000005,62216.28415898979,0.08448484422350626
1047,Vefa_244500423,-896.7,248777.7338989973,0.08662902049662846
1048,Gorko_280015414,-313.5,84387.18624024268,0.08406242000238873
1049,Vefa_244500423,-963.45,1041104.5578588769,0.08619587539414532
1050,Gorko_280015414,-343.6,137168.68611693382,0.08364210790237678
1051,Vefa_244500423,-1039.6,329280.6630012542,0.08576489601717459
1052,Gorko_280015414,-423.35,119814.11652452406,0.0832238973628649
1053,Vefa_244500423,-1121.5,168092.12052240968,0.08533607153708872
1054,Gorko_280015414,-493.90000000000003,72936.82727506058,0.08280777787605056
1055,Vefa_244500423,-1100.3,804155.7116028368,0.08490939117940327
1056,Gorko_280015414,-564.1500000000001,483256.7450577697,0.08239373898667031
1057,Vefa_244500423,-595.6,284902.69020843506,0.08448484422350626
1058,Gorko_280015414,-602.35,85523.39166898276,0.08198177029173696
1059,Vefa_244500423,-571.0,169869.57696187496,0.08406242000238873
1060,Gorko_280015414,-652.85,139166.98810645193,0.08157186144027828
1061,Vefa_244500423,-582.9,219034.25046018112,0.08364210790237678
1062,Gorko_280015414,-719.0,133805.00688140493,0.0811640021330769
1063,Vefa_244500423,-516.2,475383.35310792923,0.0832238973628649
1064,Gorko_280015414,-799.3000000000001,71785.30718898948,0.08075818212241151
1065,Vefa_244500423,-306.25,416309.0213558078,0.08280777787605056
1066,Gorko_280015414,-739.6500000000001,101617.65027544694,0.08035439121179945
1067,Vefa_244500423,-186.5,268171.7756556715,0.08239373898667031
1068,Gorko_280015414,-709.3000000000001,74160.63039182499,0.07995261925574046
1069,Vefa_244500423,-264.25,435533.880228132,0.08198177029173696
1070,Gorko_280015414,-700.0,138641.61340394616,0.07955285615946175
1071,Gorko_280015414,-725.25,577572.5396601555,0.07915509187866444
1072,Vefa_244500423,-332.55,580269.2503523827,0.08157186144027828
1073,Gorko_280015414,-760.95,61838.61797698587,0.07875931641927113
1074,Vefa_244500423,-260.6,522790.0398784876,0.0811640021330769
1075,Gorko_280015414,-626.0500000000001,89228.49460581504,0.07836551983717477
1076,Vefa_244500423,-278.05,427552.2244705558,0.08075818212241151
1077,Gorko_280015414,-352.7,100002.63997027744,0.07797369223798889
1078,Vefa_244500423,-348.3,391773.66949114203,0.08035439121179945
1079,Gorko_280015414,-175.8,139927.714374654,0.07758382377679894
1080,Vefa_244500423,-425.20000000000005,507072.62153083086,0.07995261925574046
1081,Gorko_280015414,-243.70000000000002,51644.25635927543,0.07719590465791494
1082,Vefa_244500423,-417.95000000000005,547716.4280159473,0.07955285615946175
1083,Gorko_280015414,-315.05,637174.5908188224,0.07680992513462537
1084,Vefa_244500423,-383.20000000000005,199170.98790860176,0.07915509187866444
1085,Gorko_280015414,-382.90000000000003,150199.61243262142,0.07642587550895225
1086,Vefa_244500423,-476.55,412890.45227733254,0.07875931641927113
1087,Gorko_280015414,-447.40000000000003,271491.70217678323,0.07604374613140748
1088,Vefa_244500423,-547.8,263043.69066286087,0.07836551983717477
1089,Gorko_280015414,-537.3,849585.8803079575,0.07566352740075044
1090,Vefa_244500423,-636.0500000000001,438999.60104990005,0.07797369223798889
1091,Gorko_280015414,-618.4,186221.77316940879,0.07528520976374668
1092,Vefa_244500423,-728.3000000000001,246679.94243057445,0.07758382377679894
1093,Gorko_280015414,-685.9,675718.8144797692,0.07490878371492794
1094,Vefa_244500423,-799.5500000000001,315630.4673936367,0.07719590465791494
1095,Gorko_280015414,-753.4000000000001,693515.357472904,0.0745342397963533
1096,Vefa_244500423,-890.8000000000001,551134.5911626816,0.07680992513462537
1097,Gorko_280015414,-820.9000000000001,3066220.061999254,0.07416156859737154
1098,Vefa_244500423,-984.4000000000001,408420.69426715374,0.07642587550895225
1099,Gorko_280015414,-717.95,221825.16063404456,0.07379076075438468
1100,Gorko_280015414,-794.45,120828.72792892158,0.07342180695061275
1101,Vefa_244500423,-1005.1,202262.92891436815,0.07604374613140748
1102,Gorko_280015414,-864.2,104106.4063440077,0.07305469791585968
1103,Vefa_244500423,-871.7,211416.61008740962,0.07566352740075044
1104,Gorko_280015414,-933.95,177708.87541205157,0.07268942442628039
1105,Vefa_244500423,-814.75,208219.8520050291,0.07528520976374668
1106,Gorko_280015414,-830.6,88932.27837485122,0.07232597730414898
1107,Vefa_244500423,-907.8000000000001,214589.66971442103,0.07490878371492794
1108,Gorko_280015414,-844.25,109346.79808503948,0.07196434741762824
1109,Vefa_244500423,-892.5500000000001,483391.0627593994,0.0745342397963533
1110,Gorko_280015414,-932.5500000000001,218910.71915719798,0.0716045256805401
1111,Vefa_244500423,-640.4,418328.54956910014,0.07416156859737154
1112,Gorko_280015414,-853.9000000000001,127866.19493767526,0.0712465030521374
1113,Vefa_244500423,-634.0,407469.46693886817,0.07379076075438468
1114,Gorko_280015414,-526.0,140314.13739294012,0.0708902705368767
1115,Vefa_244500423,-702.4000000000001,214547.17403177917,0.07342180695061275
1116,Gorko_280015414,-333.90000000000003,137331.68635606152,0.07053581918419231
1117,Vefa_244500423,-767.6500000000001,215145.51985740662,0.07305469791585968
1118,Vefa_244500423,-790.8000000000001,190224.05905735493,0.07268942442628039
1119,Gorko_280015414,-315.65,138011.5240864996,0.07018314008827135
1120,Vefa_244500423,-645.35,266857.01208749413,0.07232597730414898
1121,Gorko_280015414,-342.05,206075.91382444603,0.06983222438783
1122,Vefa_244500423,-620.75,172434.607568264,0.07196434741762824
1123,Gorko_280015414,-371.15000000000003,124806.08203700557,0.06948306326589085
1124,Vefa_244500423,-679.1500000000001,261174.71781165153,0.0716045256805401
1125,Gorko_280015414,-439.40000000000003,209945.31022486184,0.0691356479495614
1126,Vefa_244500423,-708.5500000000001,1148473.7704819292,0.0712465030521374
1127,Gorko_280015414,-514.8,338599.547526028,0.06878996970981359
1128,Gorko_280015414,-585.3,538077.8464115951,0.06844601986126451
1129,Vefa_244500423,-604.75,211394.27865970135,0.0708902705368767
1130,Gorko_280015414,-658.8000000000001,280082.1994211804,0.06810378976195819
1131,Vefa_244500423,-663.65,390636.8345117569,0.07053581918419231
1132,Gorko_280015414,-727.3000000000001,157523.26260247617,0.0677632708131484
1133,Vefa_244500423,-627.85,234617.4586609006,0.07018314008827135
1134,Gorko_280015414,-750.3000000000001,265483.141854858,0.06742445445908266
1135,Vefa_244500423,-613.65,621609.9946068525,0.06983222438783
1136,Gorko_280015414,-581.1,185001.70376867428,0.06708733218678724
1137,Vefa_244500423,-614.5500000000001,468912.5728996694,0.06948306326589085
1138,Gorko_280015414,-642.15,148846.10803946678,0.0667518955258533
1139,Vefa_244500423,-385.35,231514.37951751426,0.0691356479495614
1140,Gorko_280015414,-707.7,457946.3292251192,0.06641813604822402
1141,Vefa_244500423,-262.95000000000005,323046.2116228938,0.06878996970981359
1142,Gorko_280015414,-777.45,311838.63166904263,0.0660860453679829
1143,Vefa_244500423,-338.6,201258.03837299347,0.06844601986126451
1144,Gorko_280015414,-864.85,137831.57894661278,0.06575561514114299
1145,Vefa_244500423,-414.55,696827.6910969317,0.06810378976195819
1146,Gorko_280015414,-937.85,339175.49470523,0.06542683706543727
1147,Vefa_244500423,-494.0,302662.83544534445,0.0677632708131484
1148,Gorko_280015414,-1006.85,176080.27877474204,0.06509970288011008
1149,Vefa_244500423,-589.95,154202.60897647543,0.06742445445908266
1150,Gorko_280015414,-998.25,693765.3818308454,0.06477420436570952
1151,Vefa_244500423,-668.35,265065.1406766176,0.06708733218678724
1152,Gorko_280015414,-641.0500000000001,286616.76096628536,0.06445033334388098
1153,Vefa_244500423,-751.8000000000001,194834.1967935562,0.0667518955258533
1154,Gorko_280015414,-550.35,281199.5481192102,0.06412808167716157
1155,Vefa_244500423,-638.65,182381.39648946375,0.06641813604822402
1156,Gorko_280015414,-642.25,198375.2312272638,0.06380744126877576
1157,Vefa_244500423,-641.7,409820.3151344955,0.0660860453679829
1158,Gorko_280015414,-666.5,74275.45004877076,0.06348840406243188
1159,Vefa_244500423,-715.85,169404.64527288452,0.06575561514114299
1160,Gorko_280015414,-647.8000000000001,109223.4324577339,0.06317096204211972
1161,Vefa_244500423,-804.95,179101.1251115799,0.06542683706543727
1162,Gorko_280015414,-479.3,140247.72779236734,0.06285510723190912
1163,Gorko_280015414,-356.5,116671.44795501977,0.06254083169574957
1164,Vefa_244500423,-907.9000000000001,556057.7200088501,0.06509970288011008
1165,Gorko_280015414,-393.85,166963.23658706434,0.062228127537270826
1166,Vefa_244500423,-996.95,448699.67648637295,0.06477420436570952
1167,Gorko_280015414,-459.55,121647.61262786505,0.06191698689958447
1168,Vefa_244500423,-998.25,285201.57714915276,0.06445033334388098
1169,Gorko_280015414,-505.45000000000005,229501.0488859862,0.061607401965086545
1170,Vefa_244500423,-984.45,266721.69735759497,0.06412808167716157
1171,Gorko_280015414,-515.5,68186.63671569526,0.06129936495526111
1172,Vefa_244500423,-961.6,242150.95932602882,0.06380744126877576
1173,Gorko_280015414,-555.8,119229.49637110718,0.0609928681304848
1174,Vefa_244500423,-976.2,177017.3425860703,0.06348840406243188
1175,Gorko_280015414,-625.35,289087.89371899975,0.060687903789832374
1176,Vefa_244500423,-742.25,159723.38884735107,0.06317096204211972
1177,Gorko_280015414,-694.35,1305765.0104159156,0.06038446427088321
1178,Vefa_244500423,-532.9000000000001,474657.1912691593,0.06285510723190912
1179,Gorko_280015414,-763.35,84793.65428537875,0.06008254194952879
1180,Gorko_280015414,-832.35,91139.3362772055,0.05978212923978115
1181,Vefa_244500423,-538.9000000000001,241824.75540441275,0.06254083169574957
1182,Gorko_280015414,-903.35,103345.14287887514,0.05948321859358224
1183,Vefa_244500423,-543.1500000000001,462698.03849697113,0.062228127537270826
1184,Gorko_280015414,-789.85,64465.521080203354,0.05918580250061433
1185,Vefa_244500423,-616.0,198854.60732746124,0.06191698689958447
1186,Gorko_280015414,-803.1,148796.70612879557,0.058889873488111255
1187,Vefa_244500423,-686.75,382795.9408379793,0.061607401965086545
1188,Gorko_280015414,-831.75,327565.1421896368,0.058595424120670696
1189,Vefa_244500423,-770.6,501326.3166692415,0.06129936495526111
1190,Gorko_280015414,-805.1500000000001,380056.59639848024,0.05830244700006734
1191,Vefa_244500423,-830.0500000000001,947711.1443086567,0.0609928681304848
1192,Gorko_280015414,-875.5,338030.9969262816,0.058010934765067
1193,Vefa_244500423,-461.20000000000005,291344.1344753504,0.060687903789832374
1194,Vefa_244500423,-398.8,668798.6362584233,0.06038446427088321
1195,Gorko_280015414,-926.7,150090.52855383232,0.05772088009124167
1196,Gorko_280015414,-869.25,139065.62602748862,0.05743227569078546
1197,Vefa_244500423,-390.65000000000003,1056237.1450307295,0.06008254194952879
1198,Gorko_280015414,-806.5,235207.8635706287,0.05714511431233153
1199,Vefa_244500423,-430.85,266532.4114316404,0.05978212923978115
1200,Gorko_280015414,-890.9000000000001,187615.1304295808,0.05685938874076987
1201,Vefa_244500423,-423.35,2589922.8541878313,0.05948321859358224
1202,Gorko_280015414,-955.4000000000001,1315536.918219842,0.056575091797066025
1203,Vefa_244500423,-438.75,227995.6773429215,0.05918580250061433
1204,Gorko_280015414,-1019.9000000000001,255600.6526458338,0.056292216338080694
1205,Vefa_244500423,-490.85,109262.88095760345,0.058889873488111255
1206,Gorko_280015414,-1000.3000000000001,95112.7035126239,0.05601075525639029
1207,Vefa_244500423,-568.65,307384.8569250107,0.058595424120670696
1208,Gorko_280015414,-794.25,404448.6145925969,0.05573070148010834
1209,Vefa_244500423,-633.35,244080.66777400672,0.05830244700006734
1210,Gorko_280015414,-555.9000000000001,575261.5096362978,0.0554520479727078
1211,Vefa_244500423,-703.2,134982.54289314896,0.058010934765067
1212,Gorko_280015414,-489.85,444316.37686230615,0.05517478773284426
1213,Vefa_244500423,-586.85,185652.9587674737,0.05772088009124167
1214,Gorko_280015414,-272.70000000000005,107428.39736201242,0.05489891379418004
1215,Vefa_244500423,-478.85,68665.45892885514,0.05743227569078546
1216,Gorko_280015414,-324.40000000000003,293563.780646421,0.05462441922520914
1217,Vefa_244500423,-482.5,112163.9004368931,0.05714511431233153
1218,Gorko_280015414,-345.45,138340.02000320773,0.0543512971290831
1219,Vefa_244500423,-567.35,205137.74533867836,0.05685938874076987
1220,Gorko_280015414,-350.25,135342.44077400304,0.05407954064343768
1221,Vefa_244500423,-647.45,282401.91296973825,0.056575091797066025
1222,Gorko_280015414,-252.65,130830.60253126919,0.05380914294022049
1223,Vefa_244500423,-732.85,926706.0750157833,0.056292216338080694
1224,Gorko_280015414,-298.95000000000005,271823.8974613063,0.05354009722551939
1225,Vefa_244500423,-820.6,368076.56771707535,0.05601075525639029
1226,Gorko_280015414,-288.70000000000005,99753.28067542973,0.05327239673939179
1227,Vefa_244500423,-914.0,427021.20191958547,0.05573070148010834
1228,Gorko_280015414,-338.0,75988.77451425418,0.053006034755694834
1229,Vefa_244500423,-690.35,269213.91609457135,0.0554520479727078
1230,Gorko_280015414,-377.40000000000003,139457.1835277453,0.052741004581916356
1231,Vefa_244500423,-638.65,215951.52152252197,0.05517478773284426
1232,Gorko_280015414,-446.90000000000003,68800.44054644927,0.052477299559006776
1233,Gorko_280015414,-467.5,103018.25472788485,0.052214913061211746
1234,Vefa_244500423,-550.5,274622.77993392944,0.05489891379418004
1235,Gorko_280015414,-545.95,396832.9488655329,0.05195383849590569
1236,Vefa_244500423,-518.6,201369.8053541854,0.05462441922520914
1237,Gorko_280015414,-639.25,137239.1832894273,0.05169406930342616
1238,Vefa_244500423,-486.15000000000003,297076.53401573,0.0543512971290831
1239,Gorko_280015414,-710.75,128275.42542698234,0.05143559895690903
1240,Vefa_244500423,-521.6500000000001,164421.9332159385,0.05407954064343768
1241,Gorko_280015414,-780.25,189164.03324174136,0.051178420962124486
1242,Vefa_244500423,-592.15,350435.20233351365,0.05380914294022049
1243,Gorko_280015414,-850.75,299487.49255083594,0.05092252885731386
1244,Vefa_244500423,-486.40000000000003,331189.89096309245,0.05354009722551939
1245,Gorko_280015414,-860.85,206090.60844088346,0.05066791621302729
1246,Vefa_244500423,-552.9000000000001,149811.46960949898,0.05327239673939179
1247,Gorko_280015414,-933.35,568927.2552649528,0.05041457663196215
1248,Vefa_244500423,-630.45,542333.2291600574,0.053006034755694834
1249,Gorko_280015414,-997.75,238624.6256041117,0.050162503748802344
1250,Vefa_244500423,-569.95,270046.0478144884,0.052741004581916356
1251,Gorko_280015414,-712.95,449297.48634664714,0.049911691230058335
1252,Vefa_244500423,-465.95000000000005,489058.5252342522,0.052477299559006776
1253,Gorko_280015414,-637.8000000000001,390606.1815056037,0.049911691230058335
1254,Vefa_244500423,-438.1,508717.8543096185,0.052214913061211746
1255,Gorko_280015414,-592.75,206505.58800202142,0.049911691230058335
1256,Vefa_244500423,-523.25,510889.7197326254,0.05195383849590569
1257,Gorko_280015414,-679.1,104014.00540312007,0.049911691230058335
1258,Vefa_244500423,-602.75,193596.64818421006,0.05169406930342616
1259,Gorko_280015414,-488.15000000000003,113063.04470701143,0.049911691230058335
1260,Vefa_244500423,-643.4,214799.32611443102,0.05143559895690903
1261,Gorko_280015414,-542.85,205580.27043389156,0.049911691230058335
1262,Vefa_244500423,-715.0500000000001,314007.75078157196,0.051178420962124486
1263,Gorko_280015414,-494.75,155843.7979415623,0.049911691230058335
1264,Vefa_244500423,-737.75,459343.3167351186,0.05092252885731386
1265,Gorko_280015414,-507.85,149941.2964457795,0.049911691230058335
1266,Vefa_244500423,-826.1500000000001,292049.7910785675,0.05066791621302729
1267,Gorko_280015414,-492.15000000000003,1085044.26022175,0.049911691230058335
1268,Vefa_244500423,-707.25,169915.98755002784,0.05041457663196215
1269,Gorko_280015414,-563.9000000000001,480334.3235220462,0.049911691230058335
1270,Vefa_244500423,-722.95,155951.93655216694,0.050162503748802344
1271,Gorko_280015414,-631.65,741517.5308095403,0.049911691230058335
1272,Vefa_244500423,-794.95,1013480.8171234131,0.049911691230058335
1273,Gorko_280015414,-701.4000000000001,208146.7535691632,0.049911691230058335
1274,Vefa_244500423,-800.7,304341.71989026666,0.049911691230058335
1275,Gorko_280015414,-789.75,714423.060651877,0.049911691230058335
1276,Vefa_244500423,-834.45,140358.00149971247,0.049911691230058335
1277,Gorko_280015414,-859.5,1576705.1833708193,0.049911691230058335
1278,Vefa_244500423,-634.0,96123.79600962996,0.049911691230058335
1279,Gorko_280015414,-947.85,223953.97613804415,0.049911691230058335
1280,Vefa_244500423,-716.25,169973.3960568905,0.049911691230058335
1281,Gorko_280015414,-1017.6,424630.66067045275,0.049911691230058335
1282,Vefa_244500423,-778.6,377396.71656417847,0.049911691230058335
1283,Gorko_280015414,-979.7,119370.73616046831,0.049911691230058335
1284,Vefa_244500423,-849.1,266432.92574357986,0.049911691230058335
1285,Gorko_280015414,-1023.75,129627.93379041553,0.049911691230058335
1286,Vefa_244500423,-918.0,128210.39305925369,0.049911691230058335
1287,Vefa_244500423,-991.5,203773.5920738168,0.049911691230058335
1288,Gorko_280015414,-1048.0,474947.4645163212,0.049911691230058335
1289,Gorko_280015414,-1015.7,1871248.8755774237,0.049911691230058335
1290,Vefa_244500423,-768.75,223479.39934365638,0.049911691230058335
1291,Gorko_280015414,-712.1,255904.64910282008,0.049911691230058335
1292,Vefa_244500423,-702.9000000000001,1694113.0623743534,0.049911691230058335
1293,Gorko_280015414,-552.75,249619.38514361158,0.049911691230058335
1294,Vefa_244500423,-800.6500000000001,566081.1024491298,0.049911691230058335
1295,Gorko_280015414,-548.7,275038.10096235573,0.049911691230058335
1296,Vefa_244500423,-890.5,211799.01794672292,0.049911691230058335
1297,Gorko_280015414,-548.9000000000001,243368.2507013008,0.049911691230058335
1298,Vefa_244500423,-963.3000000000001,777051.5024050474,0.049911691230058335
1299,Gorko_280015414,-620.25,105900.94935754873,0.049911691230058335
1300,Vefa_244500423,-974.7,382409.41097214073,0.049911691230058335
1301,Gorko_280015414,-616.4,203658.55187325925,0.049911691230058335
1302,Vefa_244500423,-1060.75,509287.05050611496,0.049911691230058335
1303,Gorko_280015414,-687.5,279889.2886070013,0.049911691230058335
1304,Vefa_244500423,-1090.8500000000001,174813.8325600624,0.049911691230058335
1305,Gorko_280015414,-762.0,246548.2338478947,0.049911691230058335
1306,Vefa_244500423,-1139.65,462977.1150381565,0.049911691230058335
1307,Gorko_280015414,-821.2,2261879.604744211,0.049911691230058335
1308,Vefa_244500423,-1209.9,2139463.8984805346,0.049911691230058335
1309,Gorko_280015414,-911.5,494716.8964635649,0.049911691230058335
1310,Vefa_244500423,-1218.55,261451.96765881777,0.049911691230058335
1311,Gorko_280015414,-982.0,1771703.86833667,0.049911691230058335
1312,Vefa_244500423,-1301.45,306928.65277814865,0.049911691230058335
1313,Gorko_280015414,-1071.3000000000002,189525.5629022643,0.049911691230058335
1314,Vefa_244500423,-1349.5500000000002,266021.77179150283,0.049911691230058335
1315,Gorko_280015414,-1160.6000000000001,723685.9583978951,0.049911691230058335
1316,Vefa_244500423,-1413.8000000000002,509770.10219886526,0.049911691230058335
1317,Gorko_280015414,-1249.9,708530.4848926514,0.049911691230058335
1318,Vefa_244500423,-1461.6000000000001,203718.85789215565,0.049911691230058335
1319,Gorko_280015414,-1126.6000000000001,636804.3674714416,0.049911691230058335
1320,Vefa_244500423,-1524.3500000000001,217333.03788864613,0.049911691230058335
1321,Gorko_280015414,-1197.25,691997.4369665831,0.049911691230058335
1322,Vefa_244500423,-1612.5500000000002,379900.7027359009,0.049911691230058335
1323,Gorko_280015414,-1020.6,689569.5243689865,0.049911691230058335
1324,Vefa_244500423,-1416.2,967439.8888273239,0.049911691230058335
1325,Gorko_280015414,-1058.2,423784.20534627885,0.049911691230058335
1326,Vefa_244500423,-1003.6500000000001,1320531.3539631367,0.049911691230058335
1327,Gorko_280015414,-599.4,326664.02126108576,0.049911691230058335
1328,Vefa_244500423,-572.0,372381.83547726274,0.049911691230058335
1329,Vefa_244500423,-636.25,862106.293354392,0.049911691230058335
1330,Gorko_280015414,-517.3,552734.8744125962,0.049911691230058335
1331,Vefa_244500423,-705.0500000000001,905336.0071623325,0.049911691230058335
1332,Gorko_280015414,-555.6,374105.3380354233,0.049911691230058335
1333,Vefa_244500423,-787.8000000000001,954523.3160674572,0.049911691230058335
1334,Gorko_280015414,-263.70000000000005,209339.80197909847,0.049911691230058335
1335,Vefa_244500423,-869.75,554240.9329519868,0.049911691230058335
1336,Gorko_280015414,-175.15,295569.80286091566,0.049911691230058335
1337,Vefa_244500423,-962.9000000000001,222789.32869637012,0.049911691230058335
1338,Gorko_280015414,-109.1,528710.0357899964,0.049911691230058335
1339,Vefa_244500423,-1061.3000000000002,461832.98785343766,0.049911691230058335
1340,Gorko_280015414,-120.85,187768.5518885553,0.049911691230058335
1341,Vefa_244500423,-1011.9000000000001,2127784.374748707,0.049911691230058335
1342,Gorko_280015414,-168.8,1285127.165131323,0.049911691230058335
1343,Vefa_244500423,-1007.5,14458102.312535763,0.049911691230058335
1344,Gorko_280015414,-240.45000000000002,408874.41397235077,0.049911691230058335
1345,Vefa_244500423,-983.6500000000001,1672037.3925366998,0.049911691230058335
1346,Gorko_280015414,-310.5,886704.1720659155,0.049911691230058335
1347,Vefa_244500423,-945.35,2357960.393661022,0.049911691230058335
1348,Gorko_280015414,-375.3,352703.0580492802,0.049911691230058335
1349,Vefa_244500423,-924.3000000000001,189804.61638832092,0.049911691230058335
1350,Gorko_280015414,-441.55,120273.63379001152,0.049911691230058335
1351,Vefa_244500423,-975.35,979783.3204143047,0.049911691230058335
1352,Gorko_280015414,-506.8,129562.9021784924,0.049911691230058335
1353,Vefa_244500423,-1049.4,177690.80906344205,0.049911691230058335
1354,Gorko_280015414,-551.35,613241.7082945518,0.049911691230058335
1355,Vefa_244500423,-1146.65,183302.54876455665,0.049911691230058335
1356,Gorko_280015414,-613.6,77616.59819235196,0.049911691230058335
1357,Vefa_244500423,-1232.9,141139.21644162014,0.049911691230058335
1358,Gorko_280015414,-675.85,453266.2343868902,0.049911691230058335
1359,Vefa_244500423,-1315.4,766792.3432275057,0.049911691230058335
1360,Gorko_280015414,-738.1,565857.869156301,0.049911691230058335
1361,Vefa_244500423,-1400.9,218168.93449813873,0.049911691230058335
1362,Gorko_280015414,-800.35,337806.5445341654,0.049911691230058335
1363,Vefa_244500423,-1406.2,157842.0197304748,0.049911691230058335
1364,Gorko_280015414,-809.95,169823.77226482704,0.049911691230058335
1365,Vefa_244500423,-1298.1000000000001,148122.5634880066,0.049911691230058335
1366,Gorko_280015414,-828.85,152681.65511784703,0.049911691230058335
1367,Vefa_244500423,-1238.3500000000001,72675.09834295511,0.049911691230058335
1368,Gorko_280015414,-828.5500000000001,363340.3072590381,0.049911691230058335
1369,Vefa_244500423,-1307.95,343076.89014565945,0.049911691230058335
1370,Gorko_280015414,-847.4000000000001,184913.33227348328,0.049911691230058335
1371,Vefa_244500423,-1380.1000000000001,575422.9167693853,0.049911691230058335
1372,Gorko_280015414,-886.45,228405.40754193068,0.049911691230058335
1373,Vefa_244500423,-1495.9,199269.1929552257,0.049911691230058335
1374,Gorko_280015414,-743.6500000000001,133577.23359353095,0.049911691230058335
1375,Gorko_280015414,-810.85,153038.37865652516,0.049911691230058335
1376,Vefa_244500423,-1606.1000000000001,774255.8818254471,0.049911691230058335
1377,Gorko_280015414,-610.95,433555.81739581004,0.049911691230058335
1378,Vefa_244500423,-1716.3000000000002,405517.88922166824,0.049911691230058335
1379,Gorko_280015414,-557.45,335931.1216241047,0.049911691230058335
1380,Vefa_244500423,-1747.8500000000001,244809.13061770797,0.049911691230058335
1381,Gorko_280015414,-463.25,275114.0547904819,0.049911691230058335
1382,Vefa_244500423,-1683.5500000000002,189998.41530156136,0.049911691230058335
1383,Gorko_280015414,-472.95000000000005,1098703.4053861275,0.049911691230058335
1384,Vefa_244500423,-1582.5,161097.07768303156,0.049911691230058335
1385,Gorko_280015414,-408.5,426292.6312240772,0.049911691230058335
1386,Vefa_244500423,-1594.1000000000001,3895044.2357153893,0.049911691230058335
1387,Gorko_280015414,-478.90000000000003,217934.49614308216,0.049911691230058335
1388,Vefa_244500423,-1370.45,2046078.0195553303,0.049911691230058335
1389,Gorko_280015414,-544.9000000000001,93179.41866252571,0.049911691230058335
1390,Vefa_244500423,-1205.3500000000001,337600.3783991486,0.049911691230058335
1391,Gorko_280015414,-610.9,93227.32043338567,0.049911691230058335
1392,Vefa_244500423,-965.0,232260.49805516005,0.049911691230058335
1393,Gorko_280015414,-667.65,184848.75216808604,0.049911691230058335
1394,Vefa_244500423,-632.45,207201.44399981573,0.049911691230058335
1395,Gorko_280015414,-703.95,123661.08726106212,0.049911691230058335
1396,Vefa_244500423,-669.35,184906.93517607078,0.049911691230058335
1397,Gorko_280015414,-767.6500000000001,478961.409057125,0.049911691230058335
1398,Vefa_244500423,-646.15,240131.64021074772,0.049911691230058335
1399,Gorko_280015414,-819.1500000000001,562907.2007373616,0.049911691230058335
1400,Vefa_244500423,-640.75,280157.87245082855,0.049911691230058335
1401,Gorko_280015414,-880.4000000000001,592501.0225076899,0.049911691230058335
1402,Vefa_244500423,-709.9000000000001,1512268.320093885,0.049911691230058335
1403,Gorko_280015414,-940.6500000000001,72713.26897081733,0.049911691230058335
1404,Vefa_244500423,-758.5,263869.6566371769,0.049911691230058335
1405,Gorko_280015414,-1002.9000000000001,404934.77031690255,0.049911691230058335
1406,Vefa_244500423,-709.6,383513.4362702295,0.049911691230058335
1407,Gorko_280015414,-1064.15,221381.817068398,0.049911691230058335
1408,Gorko_280015414,-1126.4,103656.3783942461,0.049911691230058335
1409,Vefa_244500423,-635.2,922189.1820049286,0.049911691230058335
1410,Gorko_280015414,-1097.8,227574.85671010986,0.049911691230058335
1411,Vefa_244500423,-589.45,390385.32425642014,0.049911691230058335
1412,Gorko_280015414,-998.8000000000001,107587.89910956472,0.049911691230058335
1413,Vefa_244500423,-676.9000000000001,231243.12466747337,0.049911691230058335
1414,Gorko_280015414,-1065.1,133050.4153565839,0.049911691230058335
1415,Vefa_244500423,-765.1,268631.1172269881,0.049911691230058335
1416,Gorko_280015414,-1128.1000000000001,269991.9364279285,0.049911691230058335
1417,Vefa_244500423,-760.85,201293.03956401348,0.049911691230058335
1418,Vefa_244500423,-755.95,225980.65543305874,0.049911691230058335
1419,Gorko_280015414,-595.6,435383.32421563566,0.049911691230058335
1420,Vefa_244500423,-850.9000000000001,371329.86282492615,0.049911691230058335
1421,Gorko_280015414,-321.6,325273.7923180871,0.049911691230058335
1422,Vefa_244500423,-771.7,766491.9021343589,0.049911691230058335
1423,Gorko_280015414,-130.8,711749.5078273127,0.049911691230058335
1424,Vefa_244500423,-819.9000000000001,901322.5461003333,0.049911691230058335
1425,Gorko_280015414,-207.55,475090.67088801414,0.049911691230058335
1426,Vefa_244500423,-865.7,1109029.7141904235,0.049911691230058335
1427,Gorko_280015414,-272.8,219827.43629016355,0.049911691230058335
1428,Gorko_280015414,-330.75,141226.96273531765,0.049911691230058335
1429,Vefa_244500423,-980.8000000000001,532796.5296537422,0.049911691230058335
1430,Gorko_280015414,-396.85,828020.1744605005,0.049911691230058335
1431,Vefa_244500423,-992.1,281281.80116033554,0.049911691230058335
1432,Gorko_280015414,-463.90000000000003,178055.50016826764,0.049911691230058335
1433,Vefa_244500423,-767.9000000000001,311971.6014652252,0.049911691230058335
1434,Vefa_244500423,-759.4000000000001,265252.06541770697,0.049911691230058335
1435,Gorko_280015414,-547.5,614722.2313430794,0.049911691230058335
1436,Vefa_244500423,-815.5500000000001,370083.48649320006,0.049911691230058335
1437,Gorko_280015414,-488.15000000000003,80754.75419514626,0.049911691230058335
1438,Vefa_244500423,-898.5500000000001,154217.54131033272,0.049911691230058335
1439,Gorko_280015414,-328.15000000000003,202319.50530208694,0.049911691230058335
1440,Vefa_244500423,-919.1500000000001,317151.06662511826,0.049911691230058335
1441,Gorko_280015414,-376.6,113413.42827901617,0.049911691230058335
1442,Vefa_244500423,-970.9000000000001,595335.9578361511,0.049911691230058335
1443,Gorko_280015414,-444.3,137664.17455572262,0.049911691230058335
1444,Vefa_244500423,-888.7,391603.01847171783,0.049911691230058335
1445,Gorko_280015414,-513.7,120378.82773490995,0.049911691230058335
1446,Vefa_244500423,-682.3000000000001,573647.3157072067,0.049911691230058335
1447,Gorko_280015414,-582.2,146033.95812311023,0.049911691230058335
1448,Vefa_244500423,-695.0,283678.2813835144,0.049911691230058335
1449,Gorko_280015414,-650.7,263329.42309158295,0.049911691230058335
1450,Vefa_244500423,-797.1500000000001,525275.2090681791,0.049911691230058335
1451,Gorko_280015414,-717.2,341224.82749630883,0.049911691230058335
1452,Vefa_244500423,-886.4000000000001,147413.4753317833,0.049911691230058335
1453,Gorko_280015414,-731.4000000000001,389603.06072701514,0.049911691230058335
1454,Vefa_244500423,-881.5,1186693.9052189589,0.049911691230058335
1455,Gorko_280015414,-808.95,136998.21939952672,0.049911691230058335
1456,Vefa_244500423,-855.35,344693.87378025055,0.049911691230058335
1457,Gorko_280015414,-818.45,466279.94978556735,0.049911691230058335
1458,Vefa_244500423,-943.75,823815.3109250069,0.049911691230058335
1459,Gorko_280015414,-753.5500000000001,1510532.4792075977,0.049911691230058335
1460,Vefa_244500423,-904.4000000000001,291063.4736213684,0.049911691230058335
1461,Gorko_280015414,-603.85,98199.55603024663,0.049911691230058335
1462,Vefa_244500423,-817.1500000000001,907756.5208141385,0.049911691230058335
1463,Gorko_280015414,-614.65,72709.50177313387,0.049911691230058335
1464,Vefa_244500423,-838.85,1503153.3325160742,0.049911691230058335
1465,Gorko_280015414,-676.0,330290.56725789607,0.049911691230058335
1466,Vefa_244500423,-742.1500000000001,219308.58521711826,0.049911691230058335
1467,Gorko_280015414,-723.85,63597.6914835386,0.049911691230058335
1468,Vefa_244500423,-807.6500000000001,701220.3408979177,0.049911691230058335
1469,Gorko_280015414,-775.75,81977.61691499874,0.049911691230058335
1470,Gorko_280015414,-841.75,250518.28657317162,0.049911691230058335
1471,Vefa_244500423,-856.45,776303.6473058462,0.049911691230058335
1472,Gorko_280015414,-907.75,73136.78912163246,0.049911691230058335
1473,Vefa_244500423,-889.9000000000001,865546.0695447922,0.049911691230058335
1474,Gorko_280015414,-957.9000000000001,142250.76176775602,0.049911691230058335
1475,Vefa_244500423,-976.6500000000001,888993.377276659,0.049911691230058335
1476,Gorko_280015414,-457.05,168799.1972252652,0.049911691230058335
1477,Vefa_244500423,-1091.3,379676.8667599261,0.049911691230058335
1478,Gorko_280015414,-222.5,335802.5808238297,0.049911691230058335
1479,Vefa_244500423,-1206.15,196281.32044517994,0.049911691230058335
1480,Gorko_280015414,-309.20000000000005,850985.8496413827,0.049911691230058335
1481,Vefa_244500423,-1136.8,186430.07600927353,0.049911691230058335
1482,Gorko_280015414,-373.5,459507.12635009736,0.049911691230058335
1483,Vefa_244500423,-1016.45,308125.58399719,0.049911691230058335
1484,Gorko_280015414,-439.5,688039.5639956761,0.049911691230058335
1485,Vefa_244500423,-845.5500000000001,96634.01305738464,0.049911691230058335
1486,Gorko_280015414,-509.95000000000005,198729.50066145265,0.049911691230058335
1487,Vefa_244500423,-766.0500000000001,257199.1289722994,0.049911691230058335
1488,Gorko_280015414,-576.7,717316.6042514443,0.049911691230058335
1489,Vefa_244500423,-645.8000000000001,370406.85165890306,0.049911691230058335
1490,Gorko_280015414,-641.45,1714460.5853908658,0.049911691230058335
1491,Vefa_244500423,-607.65,596328.0802979469,0.049911691230058335
1492,Gorko_280015414,-709.2,723357.0998895764,0.049911691230058335
1493,Vefa_244500423,-651.3000000000001,666826.2332396507,0.049911691230058335
1494,Gorko_280015414,-776.95,209929.8498428613,0.049911691230058335
1495,Vefa_244500423,-701.9000000000001,864802.1493637288,0.049911691230058335
1496,Gorko_280015414,-841.7,674077.8555164635,0.049911691230058335
1497,Vefa_244500423,-788.25,457612.65002441406,0.049911691230058335
1498,Gorko_280015414,-910.45,397573.3002070058,0.049911691230058335
1499,Vefa_244500423,-757.25,256060.21408468485,0.049911691230058335
1500,Gorko_280015414,-696.6500000000001,1263391.3425062895,0.049911691230058335
1501,Vefa_244500423,-857.6500000000001,621548.0471949577,0.049911691230058335
1502,Gorko_280015414,-636.2,2616889.723160714,0.049911691230058335
1503,Vefa_244500423,-857.7,483768.48938655853,0.049911691230058335
1504,Gorko_280015414,-706.0500000000001,230462.54448190704,0.049911691230058335
1505,Vefa_244500423,-716.1500000000001,774326.8132039309,0.049911691230058335
1506,Gorko_280015414,-753.8000000000001,419131.26640835404,0.049911691230058335
1507,Vefa_244500423,-749.1,259197.09073354676,0.049911691230058335
1508,Gorko_280015414,-817.5,150476.9037117809,0.049911691230058335
1509,Vefa_244500423,-848.95,454265.86269168556,0.049911691230058335
1510,Gorko_280015414,-875.25,91959.98674950004,0.049911691230058335
1511,Vefa_244500423,-947.95,558226.8104169369,0.049911691230058335
1512,Gorko_280015414,-936.0,258951.49443411827,0.049911691230058335
1513,Vefa_244500423,-1011.3000000000001,478217.0377383977,0.049911691230058335
1514,Gorko_280015414,-792.45,159788.8107450083,0.049911691230058335
1515,Vefa_244500423,-1112.2,317836.26500641555,0.049911691230058335
1516,Gorko_280015414,-376.70000000000005,1435191.4788879938,0.049911691230058335
1517,Vefa_244500423,-1221.3500000000001,3197786.203152299,0.049911691230058335
1518,Gorko_280015414,-142.2,318109.7841231525,0.049911691230058335
1519,Vefa_244500423,-1169.3500000000001,477690.489094764,0.049911691230058335
1520,Gorko_280015414,-206.6,541456.6731951609,0.049911691230058335
1521,Vefa_244500423,-1214.6000000000001,540029.1956974193,0.049911691230058335
1522,Gorko_280015414,-267.35,290468.9673204329,0.049911691230058335
1523,Vefa_244500423,-1180.7,695018.6948463917,0.049911691230058335
1524,Gorko_280015414,-295.75,257886.7350447215,0.049911691230058335
1525,Vefa_244500423,-801.45,377234.4518632889,0.049911691230058335
1526,Gorko_280015414,-360.3,222253.09263586998,0.049911691230058335
1527,Vefa_244500423,-710.85,524567.5467042923,0.049911691230058335
1528,Gorko_280015414,-370.45000000000005,197363.78456171043,0.049911691230058335
1529,Vefa_244500423,-786.95,481496.9615793228,0.049911691230058335
1530,Gorko_280015414,-441.35,312129.0682489276,0.049911691230058335
1531,Vefa_244500423,-854.6500000000001,531146.7507644929,0.049911691230058335
1532,Gorko_280015414,-510.6,1182761.2869637609,0.049911691230058335
1533,Vefa_244500423,-835.2,360167.99722898006,0.049911691230058335
1534,Vefa_244500423,-876.4000000000001,480622.66231536865,0.049911691230058335
1535,Gorko_280015414,-489.85,270255.0841858983,0.049911691230058335
1536,Vefa_244500423,-790.6500000000001,533794.0758113861,0.049911691230058335
1537,Gorko_280015414,-551.0,604247.7033196404,0.049911691230058335
1538,Vefa_244500423,-644.25,685209.7417042553,0.049911691230058335
1539,Gorko_280015414,-613.95,424005.8854271546,0.049911691230058335
1540,Vefa_244500423,-728.5,280795.41675329953,0.049911691230058335
1541,Gorko_280015414,-599.25,260847.83922579885,0.049911691230058335
1542,Vefa_244500423,-826.0,365484.373960495,0.049911691230058335
1543,Gorko_280015414,-644.6,335254.48818205297,0.049911691230058335
1544,Gorko_280015414,-705.35,384344.10464659333,0.049911691230058335
1545,Vefa_244500423,-626.95,327233.32443761826,0.049911691230058335
1546,Gorko_280015414,-766.1,262148.3130864948,0.049911691230058335
1547,Vefa_244500423,-615.6,682947.2717738748,0.049911691230058335
1548,Gorko_280015414,-818.4000000000001,1171808.9728466189,0.049911691230058335
1549,Vefa_244500423,-692.2,312751.3309764862,0.049911691230058335
1550,Gorko_280015414,-849.25,540786.0067124367,0.049911691230058335
1551,Vefa_244500423,-763.95,705307.8615359664,0.049911691230058335
1552,Gorko_280015414,-733.3000000000001,481291.04645852745,0.049911691230058335
1553,Vefa_244500423,-825.0,534077.0167344604,0.049911691230058335
1554,Gorko_280015414,-534.35,83914.84424201399,0.049911691230058335
1555,Vefa_244500423,-868.85,743672.1508450508,0.049911691230058335
1556,Gorko_280015414,-565.55,187964.59656479955,0.049911691230058335
1557,Vefa_244500423,-809.95,564175.6542034149,0.049911691230058335
1558,Gorko_280015414,-387.15000000000003,433838.3370824978,0.049911691230058335
1559,Vefa_244500423,-919.5500000000001,688488.2969285846,0.049911691230058335
1560,Gorko_280015414,-384.70000000000005,472442.26174434274,0.049911691230058335
1561,Vefa_244500423,-940.85,939798.3184376359,0.049911691230058335
1562,Gorko_280015414,-439.8,278055.29678142816,0.049911691230058335
1563,Vefa_244500423,-988.5,655032.5458147526,0.049911691230058335
1564,Gorko_280015414,-503.05,187471.0110519901,0.049911691230058335
1565,Vefa_244500423,-750.0,468811.8153644353,0.049911691230058335
1566,Gorko_280015414,-549.25,172472.24486351013,0.049911691230058335
1567,Vefa_244500423,-661.2,475887.6898906231,0.049911691230058335
1568,Gorko_280015414,-439.35,234876.2920472026,0.049911691230058335
1569,Gorko_280015414,-477.70000000000005,699797.7375077549,0.049911691230058335
1570,Vefa_244500423,-762.1500000000001,821244.1205033064,0.049911691230058335
1571,Gorko_280015414,-542.1,377132.1272401259,0.049911691230058335
1572,Vefa_244500423,-868.1,243050.49173548818,0.049911691230058335
1573,Gorko_280015414,-448.3,109458.34525324777,0.049911691230058335
1574,Vefa_244500423,-963.4000000000001,427397.3021361427,0.049911691230058335
1575,Gorko_280015414,-515.4000000000001,159884.05495974422,0.049911691230058335
1576,Vefa_244500423,-1078.1000000000001,506154.33267320413,0.049911691230058335
1577,Gorko_280015414,-584.9,219527.45481229573,0.049911691230058335
1578,Vefa_244500423,-1140.4,380601.1137225628,0.049911691230058335
1579,Gorko_280015414,-660.8000000000001,317979.429272905,0.049911691230058335
1580,Vefa_244500423,-1239.4,563729.5117012132,0.049911691230058335
1581,Gorko_280015414,-723.6,174689.96275046468,0.049911691230058335
1582,Vefa_244500423,-1148.4,185226.48757325113,0.049911691230058335
1583,Gorko_280015414,-787.2,681052.4678046107,0.049911691230058335
1584,Vefa_244500423,-994.0,565641.0165362358,0.049911691230058335
1585,Gorko_280015414,-850.2,462129.75240745395,0.049911691230058335
1586,Vefa_244500423,-997.95,657829.2891743183,0.049911691230058335
1587,Gorko_280015414,-745.4000000000001,235959.86493294686,0.049911691230058335
1588,Vefa_244500423,-1088.6000000000001,461313.47221422195,0.049911691230058335
1589,Gorko_280015414,-806.9000000000001,107754.64722197643,0.049911691230058335
1590,Gorko_280015414,-777.5500000000001,229715.45581191033,0.049911691230058335
1591,Vefa_244500423,-1215.25,554783.2263171803,0.049911691230058335
1592,Gorko_280015414,-837.0500000000001,211939.10379276832,0.049911691230058335
1593,Vefa_244500423,-1212.4,957525.1197427362,0.049911691230058335
1594,Gorko_280015414,-846.85,1204652.1424784064,0.049911691230058335
1595,Vefa_244500423,-1279.3500000000001,598131.5743692517,0.049911691230058335
1596,Gorko_280015414,-687.75,650664.672824543,0.049911691230058335
1597,Vefa_244500423,-1380.9,1116366.752393365,0.049911691230058335
1598,Gorko_280015414,-479.95000000000005,409427.41113227885,0.049911691230058335
1599,Vefa_244500423,-1345.25,556471.8912689686,0.049911691230058335
1600,Vefa_244500423,-1431.2,580662.1383199692,0.049911691230058335
1601,Gorko_280015414,-527.45,901543.5895361304,0.049911691230058335
1602,Vefa_244500423,-1121.8,300618.2213797569,0.049911691230058335
1603,Gorko_280015414,-554.7,141242.57136779279,0.049911691230058335
1604,Vefa_244500423,-981.4000000000001,236855.0290208161,0.049911691230058335
1605,Gorko_280015414,-491.35,400223.95241911896,0.049911691230058335
1606,Vefa_244500423,-905.95,689743.5985326767,0.049911691230058335
1607,Gorko_280015414,-459.20000000000005,523160.2938461043,0.049911691230058335
