step,reward,loss,epsilon
1,-0.0,0,1.0
2,-0.0,0,1.0
3,-0.0,0,1.0
4,-0.0,0,1.0
5,-0.0,0,1.0
6,-0.0,0,1.0
7,-0.0,0,1.0
8,-0.0,0,1.0
9,-0.0,0,1.0
10,-0.0,0,1.0
11,-0.0,0,1.0
12,-0.0,0,1.0
13,-0.0,0,1.0
14,-0.0,0,1.0
15,-0.0,0,1.0
16,-0.0,0,1.0
17,-0.0,0,1.0
18,-1.0,0,1.0
19,-0.0,0,1.0
20,-0.0,0,1.0
21,-0.0,0,1.0
22,-0.0,0,1.0
23,-0.0,0,1.0
24,-0.0,0,1.0
25,-0.0,0,1.0
26,-0.0,0,1.0
27,-0.0,0,1.0
28,-0.0,0,1.0
29,-0.0,0,1.0
30,-0.0,0,1.0
31,-0.0,0,1.0
32,-0.0,0.019134496904910092,0.995
33,-0.0,0.015821793942990325,0.990025
34,-0.0,0.014423160558803438,0.985074875
35,-0.0,0.014508485921814356,0.9801495006250001
36,-0.0,0.013930577452878623,0.9752487531218751
37,-0.0,0.014237756673765034,0.9703725093562657
38,-0.0,0.014442564159085514,0.9655206468094844
39,-0.0,0.013231267967803731,0.960693043575437
40,-0.0,0.001239459686538602,0.9558895783575597
41,-0.0,0.00037666412581582875,0.9511101304657719
42,-0.0,0.013212067489376741,0.946354579813443
43,-0.0,0.014107671848010137,0.9416228069143757
44,-0.0,0.014493802460670502,0.9369146928798039
45,-0.0,0.014599113510051609,0.9322301194154049
46,-0.0,0.013721282606884877,0.9275689688183278
47,-0.0,0.014498151146149496,0.9229311239742362
48,-0.0,0.013829328472103164,0.918316468354365
49,-0.0,0.014150009886214399,0.9137248860125932
50,-0.0,0.0010759526027960863,0.9091562615825302
51,-0.0,0.013442618525676409,0.9046104802746175
52,-0.0,0.013772847462190763,0.9000874278732445
53,-0.0,0.013964387495485318,0.8955869907338783
54,-0.0,0.014351711179187765,0.8911090557802088
55,-0.0,0.0015528313481065672,0.8866535105013078
56,-0.0,0.0005350467821563232,0.8822202429488013
57,-0.0,0.0003882066459765989,0.8778091417340573
58,-0.0,0.00019679372654145266,0.8734200960253871
59,-0.0,0.013633526858461267,0.8690529955452602
60,-0.0,0.00037344758013158064,0.8647077305675338
61,-0.0,0.00013919350594049362,0.8603841919146962
62,-0.0,0.00010675107818683416,0.8560822709551227
63,-0.0,0.014382809360651477,0.851801859600347
64,-0.0,0.01434560997933498,0.8475428503023453
65,-0.0,0.0004325980265224537,0.8433051360508336
66,-0.0,0.013897010882283664,0.8390886103705794
67,-0.0,0.0003683887510242123,0.8348931673187264
68,-0.0,0.0006884900973390673,0.8307187014821328
69,-0.0,0.013947951569664774,0.8265651079747222
70,-0.0,0.000522717235737602,0.8224322824348486
71,-0.0,0.0004330800180645106,0.8183201210226743
72,-0.0,0.014120961349280314,0.8142285204175609
73,-0.0,0.014261795662478927,0.810157377815473
74,-0.0,0.014085722540137624,0.8061065909263957
75,-0.0,0.0005205257013343734,0.8020760579717637
76,-1.0,0.00038100951201732597,0.798065677681905
77,-0.0,0.00018947557152207417,0.7940753492934954
78,-0.0,0.030473931341061813,0.7901049725470279
79,-0.0,0.0013466639680891485,0.7861544476842928
80,-0.0,0.015489410541334236,0.7822236754458713
81,-0.0,0.02863947121774002,0.778312557068642
82,-0.0,0.015815343632801012,0.7744209942832988
83,-0.0,0.014374948341146068,0.7705488893118823
84,-0.0,0.014662410122937694,0.7666961448653229
85,-0.0,0.028786603193993468,0.7628626641409962
86,-0.0,0.0015667155280978257,0.7590483508202912
87,-0.0,0.014832641161452605,0.7552531090661897
88,-0.0,0.00045962270721056075,0.7514768435208588
89,-0.0,0.028738608094232468,0.7477194593032545
90,-0.0,0.014999010454883305,0.7439808620067382
91,-0.0,0.014951974827149573,0.7402609576967045
92,-0.0,0.0152543480919205,0.736559652908221
93,-0.0,0.0005699330582246143,0.7328768546436799
94,-0.0,0.013866433093707692,0.7292124703704616
95,-0.0,0.014117946049205604,0.7255664080186093
96,-0.0,0.015397830486790838,0.7219385759785162
97,-0.0,0.015218956092568202,0.7183288830986236
98,-0.0,0.014471997796066116,0.7147372386831305
99,-0.0,0.015212830926095933,0.7111635524897149
100,-0.0,0.0008065952266583798,0.7076077347272662
101,-0.0,0.015415165152910415,0.7040696960536299
102,-0.0,0.015018964389270771,0.7005493475733617
103,-0.0,0.014604583585972719,0.697046600835495
104,-0.0,0.01503908556863843,0.6935613678313175
105,-0.0,0.0006053866497065788,0.6900935609921609
106,-0.0,0.01507876179672973,0.6866430931872001
107,-0.0,0.028715323903884538,0.6832098777212641
108,-0.0,0.014240736209251995,0.6797938283326578
109,-0.0,0.0009204065459798641,0.6763948591909945
110,-0.0,0.014758510342270603,0.6730128848950395
111,-0.0,0.028631531255684226,0.6696478204705644
112,-0.0,0.0010851470578046168,0.6662995813682115
113,-0.0,0.0005450503740735968,0.6629680834613705
114,-0.0,0.01468584706806348,0.6596532430440636
115,-0.0,0.0151064347086165,0.6563549768288433
116,-0.0,0.0007127386410156662,0.653073201944699
117,-0.0,0.00018827910840060746,0.6498078359349755
118,-0.0,9.134253097051702e-05,0.6465587967553006
119,-0.0,0.014788822642644523,0.6433260027715241
120,-0.0,0.00015963914307872123,0.6401093727576664
121,-0.0,4.68139683973412e-05,0.6369088258938781
122,-0.0,2.310069839296311e-05,0.6337242817644086
123,-0.0,1.960560137265194e-05,0.6305556603555866
124,-0.0,0.014687407044157346,0.6274028820538087
125,-0.0,7.879132583895713e-05,0.6242658676435396
126,-0.0,0.014682513333632113,0.6211445383053219
127,-0.0,0.0001594629462075519,0.6180388156137953
128,-0.0,0.015486545910909201,0.6149486215357263
129,-0.0,0.014821480714676732,0.6118738784280476
130,-0.0,0.014690403448540402,0.6088145090359074
131,-0.0,0.0006075315730910275,0.6057704364907278
132,-0.0,0.00037198244695139243,0.6027415843082742
133,-0.0,0.014337221044902673,0.5997278763867329
134,-0.0,0.029163628976762328,0.5967292370047992
135,-0.0,0.0012163984294901553,0.5937455908197752
136,-0.0,0.0005333789592862903,0.5907768628656763
137,-0.0,3.777832064708053e-05,0.5878229785513479
138,-0.0,8.951763776390148e-05,0.5848838636585911
139,-0.0,0.030680125269390027,0.5819594443402982
140,-0.0,0.028130237056631452,0.5790496471185967
141,-0.0,0.0010929275101208428,0.5761543988830038
142,-0.0,0.015013775419344547,0.5732736268885887
143,-0.0,0.0006660495787586988,0.5704072587541458
144,-0.0,0.014592206324352137,0.567555222460375
145,-0.0,0.0008707872193849166,0.5647174463480732
146,-0.0,0.0003439765674712464,0.5618938591163328
147,-0.0,1.4097081736143269e-05,0.5590843898207511
148,-0.0,2.7225156830693042e-06,0.5562889678716474
149,-0.0,9.249876845463662e-07,0.5535075230322891
150,-0.0,3.614627588771624e-07,0.5507399854171277
151,-0.0,1.1668168356515629e-07,0.547986285490042
152,-0.0,0.015353417551398102,0.5452463540625918
153,-0.0,0.00021982953641408454,0.5425201222922789
154,-0.0,0.015802127850319647,0.5398075216808175
155,-0.0,0.00016062698711493545,0.5371084840724134
156,-0.0,0.00013307257646197953,0.5344229416520513
157,-0.0,9.578811460260113e-06,0.531750826943791
158,-0.0,2.54875832818832e-05,0.5290920728090721
159,-0.0,2.4689214395176465e-05,0.5264466124450268
160,-0.0,0.015791679810599594,0.5238143793828016
161,-0.0,0.00014962837833498727,0.5211953074858876
162,-0.0,7.135934050501465e-05,0.5185893309484582
163,-0.0,0.015346033265967403,0.5159963842937159
164,-0.0,0.0003564911304885718,0.5134164023722473
165,-0.0,0.015457305522301587,0.510849320360386
166,-0.0,0.015169631468020355,0.5082950737585841
167,-0.0,0.014523641974050195,0.5057535983897912
168,-0.0,0.028932670092156814,0.5032248303978422
169,-0.0,0.001835701397081042,0.500708706245853
170,-0.0,0.0005543331196408384,0.4982051627146237
171,-0.0,8.890269300090847e-05,0.49571413690105054
172,-0.0,0.0001301120019056093,0.4932355662165453
173,-0.0,3.5833679308728064e-05,0.4907693883854626
174,-0.0,9.221669465287956e-06,0.4883155414435353
175,-0.0,8.692725098621151e-06,0.4858739637363176
176,-0.0,2.4943400984137748e-05,0.483444593917636
177,-0.0,0.030417497957549392,0.4810273709480478
178,-0.0,0.028679686822512134,0.47862223409330756
179,-0.0,0.0008726396363060163,0.47622912292284103
180,-0.0,0.0005628790711719115,0.4738479773082268
181,-0.0,0.0003274607773539876,0.47147873742168567
182,-0.0,9.53824491398414e-05,0.46912134373457726
183,-0.0,5.377183756065905e-05,0.46677573701590436
184,-0.0,0.015488252328617795,0.46444185833082485
185,-0.0,0.000311058711714593,0.46211964903917074
186,-0.0,0.015089013853859318,0.4598090507939749
187,-0.0,0.00036051919452215143,0.457510005540005
188,-0.0,0.015228269599139562,0.45522245551230495
189,-0.0,0.014616854621375866,0.4529463432347434
190,-0.0,0.0003976305820521897,0.4506816115185697
191,-0.0,0.027877452636334253,0.4484282034609769
192,-0.0,0.002187136771057907,0.446186062443672
193,-0.0,0.015292098386505137,0.4439551321314536
194,-0.0,0.028792447532770604,0.4417353564707963
195,-0.0,0.0007790981381996607,0.43952667968844233
196,-1.0,0.015004779277287921,0.43732904629000013
197,-0.0,0.0007676739120280023,0.4351424010585501
198,-0.0,0.00011127784359904175,0.43296668905325736
199,-0.0,8.477914464348292e-05,0.43080185560799106
200,-0.0,3.496894164287284e-05,0.4286478463299511
201,-0.0,0.015364727438240256,0.42650460709830135
202,-0.0,0.014982464409196223,0.42437208406280985
203,-0.0,0.016103724028663627,0.4222502236424958
204,-0.0,0.015640345802978572,0.42013897252428334
205,-0.0,0.01506947396962044,0.4180382776616619
206,-0.0,0.0002778125942759502,0.4159480862733536
207,-0.0,0.014431178919874554,0.41386834584198684
208,-0.0,0.0007838071281774939,0.4117990041127769
209,-0.0,0.014698491143525977,0.40974000909221303
210,-0.0,0.0004408660219690219,0.40769130904675194
211,-0.0,0.015072513121884512,0.40565285250151817
212,-0.0,0.014705718429213865,0.4036245882390106
213,-0.0,6.318320588838411e-05,0.4016064652978155
214,-0.0,2.9432858240641124e-05,0.3995984329713264
215,-0.0,1.492206111954747e-05,0.3976004408064698
216,-0.0,0.015052410278141637,0.39561243860243744
217,-0.0,0.014695956097883878,0.3936343764094253
218,-0.0,0.030421741569229388,0.39166620452737816
219,-0.0,0.0001575589268751898,0.3897078735047413
220,-0.0,5.943289099352711e-05,0.3877593341372176
221,-0.0,0.015403544966773097,0.3858205374665315
222,-0.0,0.015857473111486442,0.38389143477919885
223,-0.0,0.0001520781984842845,0.3819719776053028
224,-0.0,4.98092913672199e-05,0.3800621177172763
225,-0.0,3.306406539493878e-05,0.37816180712868996
226,-0.0,6.787187491852364e-05,0.37627099809304654
227,-0.0,0.00018726560463466768,0.3743896431025813
228,-0.0,0.00011531962668226425,0.37251769488706843
229,-1.0,5.133883552114354e-05,0.3706551064126331
230,-0.0,0.0466571218619077,0.36880183088056995
231,-0.0,0.030942509725477407,0.3669578217261671
232,-0.0,0.016319271080803333,0.36512303261753626
233,-0.0,0.016075252524221206,0.3632974174544486
234,-0.0,0.0020910326943318703,0.3614809303671764
235,-0.0,0.0008820750977633907,0.3596735257153405
236,-0.0,0.01673710405425055,0.3578751580867638
237,-0.0,3.9317444186837136e-05,0.35608578229633
238,-0.0,0.014869345010336765,0.3543053533848483
239,-0.0,0.014732888145573497,0.35253382661792404
240,-0.0,0.0005593877937570824,0.3507711574848344
241,-0.0,0.02968525413582057,0.34901730169741024
242,-0.0,0.00038331913989197997,0.3472722151889232
243,-0.0,0.01590026484878393,0.3455358541129786
244,-0.0,0.00043805401297380975,0.3438081748424137
245,-0.0,0.01587167234196324,0.3420891339682016
246,-0.0,0.014436260857777938,0.3403786882983606
247,-0.0,0.014058719986708823,0.3386767948568688
248,-0.0,0.0003950333439344256,0.33698341088258443
249,-0.0,9.75409386398951e-05,0.3352984938281715
250,-0.0,5.357826972840485e-05,0.33362200135903064
251,-0.0,3.243359706106563e-05,0.33195389135223546
252,-0.0,0.03016464428768284,0.3302941218954743
253,-0.0,0.015013257817720449,0.32864265128599696
254,-0.0,0.0010722690536821046,0.326999438029567
255,-0.0,0.015668497449033758,0.3253644408394192
256,-1.0,0.01548513547582786,0.3237376186352221
257,-0.0,0.028191234898805817,0.322118930542046
258,-0.0,0.013782789697801334,0.32050833588933575
259,-1.0,0.0007086166966507879,0.31890579420988907
260,-0.0,0.013298942300281169,0.3173112652388396
261,-0.0,0.0008280421764723656,0.3157247089126454
262,-0.0,0.015200751468825047,0.3141460853680822
263,-0.0,0.015201062129996501,0.3125753549412418
264,-0.0,0.01559288528488878,0.31101247816653554
265,-0.0,0.028549657373401927,0.30945741577570285
266,-0.0,0.015174461629351654,0.3079101286968243
267,-0.0,0.028344059300621893,0.3063705780533402
268,-0.0,0.00102621133287073,0.30483872516307353
269,-0.0,0.013860804198490229,0.3033145315372582
270,-0.0,0.000483399165574383,0.3017979588795719
271,-0.0,0.00038648685421449613,0.30028896908517405
272,-0.0,0.0270104398675991,0.2987875242397482
273,-0.0,0.015164967182554334,0.29729358661854943
274,-0.0,0.014511025110027609,0.29580711868545667
275,-0.0,0.0014959940176630937,0.2943280830920294
276,-0.0,0.016600553488064662,0.29285644267656924
277,-0.0,0.015425714740018748,0.2913921604631864
278,-0.0,0.015120702229754146,0.28993519966087045
279,-0.0,0.014847368884495893,0.2884855236625661
280,-0.0,0.03004374098016349,0.28704309604425327
281,-0.0,0.028579339600810272,0.285607880564032
282,-0.0,0.0008845621123327874,0.28417984116121187
283,-0.0,0.0004365972424208442,0.2827589419554058
284,-0.0,0.0002984913235906106,0.28134514724562876
285,-0.0,0.00022340966173572951,0.2799384215094006
286,-0.0,0.00020629488898293857,0.27853872940185365
287,-0.0,0.00021700446247452376,0.27714603575484437
288,-0.0,0.00016681490004266664,0.2757603055760701
289,-0.0,0.015308856267264304,0.2743815040481898
290,-0.0,0.029506837187778245,0.2730095965279488
291,-0.0,0.00047691576634179,0.27164454854530906
292,-0.0,0.0001742175868457707,0.2702863258025825
293,-0.0,9.21772684636668e-05,0.2689348941735696
294,-0.0,0.013536164904370818,0.26759021970270175
295,-0.0,0.00031331221939723264,0.2662522686041882
296,-0.0,0.015250960129097546,0.2649210072611673
297,-0.0,0.013594532576674756,0.26359640222486147
298,-0.0,0.0005768491291853195,0.26227842021373715
299,-0.0,0.00024529005685680616,0.2609670281126685
300,-0.0,0.01633602862136918,0.25966219297210513
301,-0.0,0.03077227865080283,0.2583638820072446
302,-0.0,0.014417607218632611,0.2570720625972084
303,-0.0,0.013308124117941134,0.25578670228422234
304,-0.0,0.00032327810458809836,0.25450776877280124
305,-0.0,0.00035280026503414774,0.2532352299289372
306,-0.0,0.00010998040747889348,0.2519690537792925
307,-0.0,6.923734486719013e-05,0.2507092085103961
308,-0.0,0.0159866899107719,0.2494556624678441
309,-0.0,0.015793736352359034,0.24820838415550486
310,-0.0,0.016228848827324782,0.24696734223472733
311,-0.0,0.01574018823077239,0.2457325055235537
312,-0.0,0.000838435088269307,0.24450384299593592
313,-0.0,0.0004896368677407281,0.24328132378095624
314,-0.0,0.01583101787336605,0.24206491716205145
315,-0.0,0.00020204601362117103,0.2408545925762412
316,-0.0,0.0001269811049517955,0.23965031961336
317,-0.0,0.029661515121030657,0.2384520680152932
318,-0.0,0.0008378308749854568,0.23725980767521673
319,-0.0,0.0007052107649201389,0.23607350863684065
320,-0.0,0.00020358490205296675,0.23489314109365644
321,-0.0,3.409639702312006e-05,0.23371867538818816
322,-0.0,7.047628896472702e-06,0.23255008201124722
323,-0.0,5.308847482510259e-06,0.231387331601191
324,-0.0,2.8465682859746266e-06,0.23023039494318503
325,-0.0,0.030875565728202048,0.2290792429684691
326,-0.0,0.015077543321996956,0.22793384675362674
327,-0.0,0.00015659221260477807,0.22679417751985861
328,-0.0,0.0152120984748354,0.22566020663225933
329,-0.0,0.031110021722099646,0.22453190559909803
330,-0.0,0.014637468044834318,0.22340924607110255
331,-0.0,0.0009176833324011646,0.22229219984074702
332,-0.0,0.00021361491376126196,0.2211807388415433
333,-0.0,0.014048177041969423,0.22007483514733558
334,-0.0,0.013804633238567152,0.2189744609715989
335,-0.0,0.0005129619336088354,0.2178795886667409
336,-0.0,0.00010734420390612343,0.2167901907234072
337,-0.0,6.596185069464994e-05,0.21570623976979014
338,-0.0,0.013874554952609586,0.21462770857094118
339,-0.0,0.00042292824552359054,0.21355457002808648
340,-0.0,0.0010568064109319764,0.21248679717794605
341,-0.0,0.0017846830975258854,0.21142436319205632
342,-0.0,0.012578650678790382,0.21036724137609603
343,-0.0,0.012551145768554761,0.20931540516921554
344,-0.0,0.00014875739977959768,0.20826882814336947
345,-0.0,0.014868659474449153,0.20722748400265262
346,-0.0,0.029045853584145798,0.20619134658263935
347,-0.0,0.02869765308756289,0.20516038984972615
348,-0.0,0.01417642776020725,0.2041345879004775
349,-0.0,8.575134792465633e-05,0.2031139149609751
350,-0.0,0.01395335228202299,0.20209834538617025
351,-0.0,0.0001262187269581716,0.2010878536592394
352,-0.0,7.47119570689847e-05,0.2000824143909432
353,-0.0,4.3215213167968614e-05,0.19908200231898848
354,-0.0,2.6647435473980963e-05,0.19808659230739353
355,-0.0,6.602394631571862e-06,0.19709615934585656
356,-0.0,7.378669577797706e-05,0.19611067854912728
357,-0.0,8.711007188466624e-06,0.19513012515638165
358,-0.0,5.160341272549213e-06,0.19415447453059972
359,-0.0,0.015842102346259677,0.19318370215794672
360,-0.0,0.01639666778936171,0.192217783647157
361,-0.0,0.0144969260880643,0.1912566947289212
362,-0.0,0.00018358717612443343,0.1903004112552766
363,-0.0,0.016195771592826702,0.18934890919900021
364,-0.0,0.031076840416289997,0.18840216465300522
365,-0.0,0.0004332030073470605,0.18746015382974018
366,-0.0,0.029188858313489163,0.1865228530605915
367,-1.0,0.01656815496642139,0.18559023879528855
368,-0.0,0.0002628351637363746,0.1846622876013121
369,-0.0,0.0004317703873433498,0.18373897616330553
370,-1.0,0.013545372238624509,0.182820281282489
371,-0.0,0.020145946561655137,0.18190617987607657
372,-0.0,0.0009912359004068984,0.18099664897669618
373,-0.0,0.00041846818000651487,0.1800916657318127
374,-0.0,0.00012945254129448358,0.17919120740315364
375,-0.0,4.4592096104079104e-05,0.17829525136613786
376,-0.0,2.999869693538857e-05,0.17740377510930716
377,-0.0,0.017207348066381092,0.17651675623376062
378,-0.0,0.0003430815653924224,0.1756341724525918
379,-0.0,0.015707296775439625,0.17475600159032884
380,-0.0,0.014479924339374506,0.17388222158237718
381,-0.0,0.014976442011210622,0.1730128104744653
382,-0.0,0.0004548810746909382,0.17214774642209296
383,-0.0,0.01684266827604905,0.1712870076899825
384,-0.0,0.02900646059689449,0.17043057265153258
385,-0.0,0.0008030149712183743,0.16957841978827493
386,-0.0,0.0164687999853399,0.16873052768933355
387,-0.0,0.0003574672521828859,0.1678868750508869
388,-0.0,0.00025169933893234354,0.16704744067563246
389,-0.0,0.0001671096348484294,0.1662122034722543
390,-0.0,0.013947704612486622,0.16538114245489302
391,-0.0,0.00038671104707033166,0.16455423674261854
392,-0.0,0.0001430769691568301,0.16373146555890544
393,-0.0,0.015526727631495874,0.16291280823111093
394,-0.0,0.014983194993114068,0.16209824418995536
395,-0.0,0.014429904053034903,0.16128775296900558
396,-0.0,0.03120774283328573,0.16048131420416054
397,-0.0,0.014289885006462555,0.15967890763313974
398,-0.0,0.0004113891852739471,0.15888051309497406
399,-0.0,0.031436689727524225,0.1580861105294992
400,-0.0,0.0002522776173918828,0.1572956799768517
401,-0.0,0.031736831174561164,0.15650920157696743
402,-0.0,0.013679748385129642,0.1557266555690826
403,-0.0,0.00036670374594471866,0.1549480222912372
404,-0.0,0.01560910430279705,0.15417328217978102
405,-0.0,0.013993982167733066,0.1534024157688821
406,-0.0,0.0007635788167021929,0.1526354036900377
407,-0.0,0.0005182073333855897,0.1518722266715875
408,-0.0,0.00031123179227598996,0.15111286553822956
409,-0.0,0.00029231982863819894,0.15035730121053842
410,-0.0,0.0002446076404751807,0.14960551470448571
411,-0.0,0.00034318801307230487,0.14885748713096328
412,-0.0,0.012850858718701286,0.14811319969530845
413,-0.0,0.0008234229874144461,0.1473726336968319
414,-0.0,0.013161040803108648,0.14663577052834775
415,-0.0,0.013159317669966697,0.14590259167570602
416,-0.0,0.012839839329785718,0.1451730787173275
417,-0.0,0.0010255397176877068,0.14444721332374086
418,-0.0,0.000558502914131509,0.14372497725712216
419,-0.0,0.00035871045338153884,0.14300635237083656
420,-0.0,0.015833848270467854,0.14229132060898236
421,-0.0,0.013357880367351527,0.14157986400593744
422,-0.0,0.0006274696843353994,0.14087196468590776
423,-0.0,0.014025421472274396,0.14016760486247823
424,-0.0,0.000885652886524646,0.13946676683816583
425,-0.0,0.0003853867311853776,0.138769433003975
426,-0.0,0.01677571922068588,0.13807558583895513
427,-0.0,0.026930706715012465,0.13738520790976036
428,-0.0,0.0005361281310417576,0.13669828187021155
429,-0.0,0.014461531645744374,0.13601479046086049
430,-0.0,0.0005006290520608303,0.1353347165085562
431,-0.0,0.028463381770427176,0.1346580429260134
432,-0.0,0.0008293329240807168,0.13398475271138335
433,-0.0,0.0002947697310100583,0.13331482894782642
434,-0.0,0.015676175757715072,0.13264825480308728
435,-0.0,0.013465393024991501,0.13198501352907185
436,-0.0,0.03171411060930618,0.1313250884614265
437,-0.0,6.494014881752719e-05,0.13066846301911936
438,-0.0,0.015507050752546547,0.13001512070402377
439,-0.0,0.04186663635437071,0.12936504510050365
440,-0.0,0.016763819571451677,0.12871821987500112
441,-0.0,0.03134658196813689,0.12807462877562611
442,-0.0,0.00037362768542603675,0.12743425563174798
443,-0.0,0.03049904227134448,0.12679708435358925
444,-0.0,0.005692293432970175,0.1261630989318213
445,-0.0,0.01954938813406315,0.1255322834371622
446,-0.0,0.024947213177245714,0.12490462201997637
447,-0.0,0.0006049659524371975,0.1242800989098765
448,-0.0,0.0001790482955641437,0.12365869841532712
449,-0.0,4.450969119318415e-05,0.12304040492325048
450,-0.0,0.014340919643575312,0.12242520289863423
451,-0.0,0.0001942115361437402,0.12181307688414106
452,-0.0,0.013862060854023639,0.12120401149972035
453,-0.0,0.00020401649490509044,0.12059799144222175
454,-0.0,0.00010359068550513939,0.11999500148501063
455,-0.0,0.01588816235045165,0.11939502647758558
456,-0.0,0.00025860138055833204,0.11879805134519765
457,-0.0,5.5182256455843515e-05,0.11820406108847166
458,-0.0,0.00010972062772207636,0.1176130407830293
459,-0.0,7.4621126846669e-05,0.11702497557911415
460,-0.0,0.00011779157641695834,0.11643985070121858
461,-0.0,0.00011481382333755619,0.11585765144771248
462,-0.0,7.492688496224531e-05,0.11527836319047392
463,-0.0,6.701888749205409e-05,0.11470197137452155
464,-0.0,6.207552096171298e-05,0.11412846151764894
465,-0.0,2.251227817995317e-05,0.1135578192100607
466,-0.0,1.4212738919799905e-06,0.11299003011401039
467,-0.0,0.015472086325722056,0.11242507996344034
468,-0.0,0.014378464450638173,0.11186295456362313
469,-0.0,0.00046739010913009194,0.11130363979080501
470,-0.0,0.030381987755764728,0.11074712159185099
471,-0.0,0.00012720993800030556,0.11019338598389174
472,-0.0,7.849275127114197e-05,0.10964241905397228
473,-0.0,3.4159748814488466e-05,0.10909420695870241
474,-0.0,0.014267873264305564,0.1085487359239089
475,-0.0,0.0003565405852867798,0.10800599224428936
476,-0.0,0.00013987479294996774,0.10746596228306791
477,-0.0,0.0155793544195717,0.10692863247165257
478,-0.0,0.015142243207356312,0.1063939893092943
479,-0.0,0.0003263292764241754,0.10586201936274783
480,-0.0,9.068345080720519e-05,0.10533270926593409
481,-0.0,3.281493344786668e-05,0.10480604571960442
482,-0.0,2.1130617721354383e-05,0.1042820154910064
483,-0.0,3.6567242833740465e-05,0.10376060541355137
484,-0.0,0.015050339095713738,0.1032418023864836
485,-0.0,0.00022036500891431388,0.10272559337455119
486,-0.0,0.0001690216001932754,0.10221196540767843
487,-0.0,9.026134907941241e-05,0.10170090558064004
488,-0.0,0.014552277526687973,0.10119240105273684
489,-0.0,0.00015108137530006616,0.10068643904747315
490,-0.0,0.014730306656591807,0.10018300685223579
491,-0.0,0.00046145117428508797,0.0996820918179746
492,-0.0,0.000674447408733618,0.09918368135888474
493,-0.0,0.00035283654271278664,0.09868776295209031
494,-0.0,0.0003531652885726544,0.09819432413732986
495,-0.0,0.014996929860735975,0.09770335251664321
496,-0.0,0.01554886763872787,0.09721483575406
497,-0.0,0.016066853171777584,0.09672876157528969
498,-0.0,0.000263064962364723,0.09624511776741324
499,-0.0,0.0004315347635994726,0.09576389217857617
500,-0.0,0.030304840731094185,0.09528507271768329
501,-0.0,0.015700245144625147,0.09480864735409487
502,-0.0,0.0006562501111912478,0.0943346041173244
503,-0.0,0.015915999652775917,0.09386293109673778
504,-0.0,5.909595058373185e-05,0.09339361644125409
505,-0.0,0.014136166403201145,0.09292664835904782
506,-0.0,0.00017813843685843267,0.09246201511725258
507,-0.0,0.00010503974503706104,0.09199970504166631
508,-0.0,0.00012077662138043621,0.09153970651645797
509,-0.0,0.016310879755915053,0.09108200798387568
510,-0.0,0.00015309996165946416,0.0906265979439563
511,-0.0,0.00018651624854579274,0.09017346495423652
512,-0.0,0.016127027761291008,0.08972259762946533
513,-0.0,0.03015178534481322,0.089273984641318
514,-0.0,0.00017883027724252543,0.0888276147181114
515,-0.0,0.00019293565290379178,0.08838347664452084
516,-0.0,0.0156060184444664,0.08794155926129824
517,-0.0,0.00011105393046939582,0.08750185146499175
518,-0.0,4.70438243069804e-05,0.08706434220766679
519,-0.0,3.334154164491565e-05,0.08662902049662846
520,-0.0,0.014771678811094091,0.08619587539414532
521,-0.0,0.0002446120010120012,0.08576489601717459
522,-0.0,0.0003074537079594819,0.08533607153708872
523,-0.0,8.947157401761885e-05,0.08490939117940327
524,-0.0,0.013379803916618194,0.08448484422350626
525,-0.0,0.00016934119097882297,0.08406242000238873
526,-0.0,0.015602047764222277,0.08364210790237678
527,-0.0,0.015532599325328515,0.0832238973628649
528,-0.0,0.00036793796561607195,0.08280777787605056
529,-0.0,0.015970998179753337,0.08239373898667031
530,-0.0,0.014680577970068498,0.08198177029173696
531,-0.0,0.00026550217337728554,0.08157186144027828
532,-0.0,0.00026860662726591045,0.0811640021330769
533,-0.0,6.191413231704246e-05,0.08075818212241151
534,-0.0,4.8376026029472996e-05,0.08035439121179945
535,-0.0,0.014516057237653045,0.07995261925574046
536,-0.0,0.0002262923616965784,0.07955285615946175
537,-0.0,7.648038713492511e-05,0.07915509187866444
538,-0.0,0.013495972231636344,0.07875931641927113
539,-0.0,0.012945852946576849,0.07836551983717477
540,-0.0,0.012957823696446269,0.07797369223798889
541,-0.0,0.0005233106280364552,0.07758382377679894
542,-0.0,0.00039065569423701874,0.07719590465791494
543,-0.0,0.02946167439192493,0.07680992513462537
544,-0.0,0.013947597897248087,0.07642587550895225
545,-0.0,0.00011139841415719332,0.07604374613140748
546,-0.0,0.00026427793342520545,0.07566352740075044
547,-0.0,0.012763965297082791,0.07528520976374668
548,-0.0,0.0004621447878818685,0.07490878371492794
549,-0.0,0.0005231540095979644,0.0745342397963533
550,-0.0,0.00038174596081258505,0.07416156859737154
551,-0.0,0.012924236070347359,0.07379076075438468
552,-0.0,0.00027675585396025326,0.07342180695061275
553,-0.0,0.00038250906234793547,0.07305469791585968
554,-0.0,0.013630324981988906,0.07268942442628039
555,-0.0,0.0002618627184531874,0.07232597730414898
556,-0.0,5.669898682647556e-05,0.07196434741762824
557,-0.0,0.01481904270850487,0.0716045256805401
558,-0.0,0.00047276049004096876,0.0712465030521374
559,-0.0,0.015796084743078254,0.0708902705368767
560,-0.0,7.923906989582008e-05,0.07053581918419231
561,-0.0,2.8443837816638506e-05,0.07018314008827135
562,-1.0,0.013461090048313196,0.06983222438783
563,-0.0,9.144302300523321e-05,0.06948306326589085
564,-0.0,6.447854959788736e-05,0.0691356479495614
565,-0.0,1.626190340786593e-05,0.06878996970981359
566,-0.0,1.4688501430271117e-05,0.06844601986126451
567,-0.0,1.5189829586370607e-05,0.06810378976195819
568,-0.0,1.2324081556935873e-05,0.0677632708131484
569,-0.0,0.013435225505172801,0.06742445445908266
570,-0.0,0.00016160069436033098,0.06708733218678724
571,-0.0,4.2934764572510886e-05,0.0667518955258533
572,-0.0,0.027113853985004363,0.06641813604822402
573,-0.0,0.0005259095106456785,0.0660860453679829
574,-0.0,0.00024111649471203478,0.06575561514114299
575,-0.0,5.7993147651314025e-05,0.06542683706543727
576,-0.0,0.015774779340379297,0.06509970288011008
577,-0.0,0.0003113115675241751,0.06477420436570952
578,-0.0,0.015813715741246126,0.06445033334388098
579,-0.0,0.028233843295116218,0.06412808167716157
580,-0.0,0.013476319423468996,0.06380744126877576
581,-0.0,0.013445442084872639,0.06348840406243188
582,-0.0,0.0004244205445189664,0.06317096204211972
583,-0.0,0.0007358658029943399,0.06285510723190912
584,-0.0,0.0006137295109027718,0.06254083169574957
585,-0.0,0.00026224812926956,0.062228127537270826
586,-0.0,0.00016610225881107457,0.06191698689958447
587,-0.0,0.013859914716422235,0.061607401965086545
588,-0.0,0.0004737073040546047,0.06129936495526111
589,-0.0,0.00013345823049881744,0.0609928681304848
590,-0.0,8.332772977581726e-05,0.060687903789832374
591,-0.0,0.014427340376524711,0.06038446427088321
592,-0.0,0.0002833908842916344,0.06008254194952879
593,-0.0,0.012776078674974656,0.05978212923978115
594,-0.0,0.013718153633199393,0.05948321859358224
595,-0.0,0.0006901472653240148,0.05918580250061433
596,-0.0,0.027704237175338875,0.058889873488111255
597,-0.0,0.001055469236558082,0.058595424120670696
598,-0.0,0.015644001989026185,0.05830244700006734
599,-0.0,2.514937239317394e-05,0.058010934765067
600,-0.0,1.7461908779381474e-05,0.05772088009124167
601,-0.0,1.13717452947526e-05,0.05743227569078546
602,-0.0,0.015248188368252258,0.05714511431233153
603,-0.0,0.000244181614547756,0.05685938874076987
604,-0.0,0.00016991139081312667,0.056575091797066025
605,-0.0,0.00011441130972933422,0.056292216338080694
606,-0.0,4.6405479195321675e-05,0.05601075525639029
607,-0.0,0.015893511663517934,0.05573070148010834
608,-0.0,0.000123130460167431,0.0554520479727078
609,-0.0,4.439046018323012e-05,0.05517478773284426
610,-0.0,4.406286463488288e-05,0.05489891379418004
611,-0.0,2.5028602631427255e-05,0.05462441922520914
612,-0.0,0.01523379577874756,0.0543512971290831
613,-0.0,0.0002481139711737468,0.05407954064343768
614,-0.0,1.8635721248256784e-05,0.05380914294022049
615,-0.0,4.8263849488995953e-05,0.05354009722551939
616,-0.0,8.289734867439336e-06,0.05327239673939179
617,-0.0,0.01509499650215429,0.053006034755694834
618,-0.0,0.00015048173913347063,0.052741004581916356
619,-0.0,0.014531197329720968,0.052477299559006776
620,-0.0,0.0005765100929489564,0.052214913061211746
621,-0.0,0.014754533438048112,0.05195383849590569
622,-0.0,0.0004803578077567927,0.05169406930342616
623,-0.0,0.00021510067490559948,0.05143559895690903
624,-0.0,9.718799099189823e-05,0.051178420962124486
625,-0.0,2.1126329279752554e-05,0.05092252885731386
626,-0.0,0.00012437566171286107,0.05066791621302729
627,-0.0,0.014526954547648074,0.05041457663196215
628,-0.0,0.0155920713167923,0.050162503748802344
629,-0.0,0.015733529684804237,0.049911691230058335
630,-0.0,0.011989716264643846,0.049911691230058335
631,-0.0,0.0003477514488636757,0.049911691230058335
632,-0.0,0.00011805991314162156,0.049911691230058335
633,-0.0,3.4083075384216954e-05,0.049911691230058335
634,-0.0,5.022388216957552e-05,0.049911691230058335
635,-0.0,0.0003199939741165281,0.049911691230058335
636,-0.0,3.494445068596974e-05,0.049911691230058335
637,-0.0,0.01544840959974439,0.049911691230058335
638,-0.0,0.000139017136987718,0.049911691230058335
639,-0.0,0.00023140045494962624,0.049911691230058335
640,-0.0,0.01629943201564421,0.049911691230058335
641,-0.0,0.00034378148384339724,0.049911691230058335
642,-0.0,0.00019405652447135324,0.049911691230058335
643,-0.0,0.01510965227009331,0.049911691230058335
644,-0.0,0.014477710029394242,0.049911691230058335
645,-0.0,0.0005081992872835173,0.049911691230058335
646,-0.0,0.00037468732052498303,0.049911691230058335
647,-0.0,0.00017324464890411395,0.049911691230058335
648,-0.0,0.00014994964634151842,0.049911691230058335
649,-0.0,9.455948042891293e-05,0.049911691230058335
650,-0.0,0.031241749365621414,0.049911691230058335
651,-0.0,0.0006627917276629618,0.049911691230058335
652,-0.0,0.015495758450077994,0.049911691230058335
653,-0.0,0.0007300152245128244,0.049911691230058335
654,-0.0,0.00022360078393995897,0.049911691230058335
655,-0.0,0.04639037902282617,0.049911691230058335
656,-0.0,0.015863619170289667,0.049911691230058335
657,-0.0,0.00034253608143330894,0.049911691230058335
658,-0.0,9.67130706102659e-05,0.049911691230058335
659,-0.0,0.029156849264850848,0.049911691230058335
660,-0.0,0.0007345727074894448,0.049911691230058335
661,-0.0,0.015734878883653033,0.049911691230058335
662,-0.0,0.015145145073953259,0.049911691230058335
663,-0.0,7.142563313777828e-05,0.049911691230058335
664,-0.0,4.085815167798046e-05,0.049911691230058335
665,-0.0,6.034031747503832e-05,0.049911691230058335
666,-0.0,8.860850363134887e-05,0.049911691230058335
667,-0.0,7.868168877678272e-05,0.049911691230058335
668,-0.0,0.014554975023628458,0.049911691230058335
669,-0.0,0.0005083272778350079,0.049911691230058335
670,-0.0,0.01444299117988379,0.049911691230058335
671,-0.0,0.029356747621479218,0.049911691230058335
672,-0.0,0.0003138865900638166,0.049911691230058335
673,-0.0,0.00010403761271504663,0.049911691230058335
674,-0.0,0.00014473887689803178,0.049911691230058335
675,-0.0,0.0001572177068149827,0.049911691230058335
676,-0.0,0.00010519492400717922,0.049911691230058335
677,-0.0,0.00018569192466788564,0.049911691230058335
678,-0.0,0.00016115528890707498,0.049911691230058335
679,-0.0,0.00011447962453204133,0.049911691230058335
680,-0.0,7.521028955959075e-05,0.049911691230058335
681,-0.0,5.4482117969101296e-05,0.049911691230058335
682,-0.0,0.01519488528619295,0.049911691230058335
683,-0.0,0.013692776911075732,0.049911691230058335
684,-0.0,0.013202268410693385,0.049911691230058335
685,-0.0,0.0009469425844281787,0.049911691230058335
686,-0.0,0.014005169639506931,0.049911691230058335
687,-0.0,0.00041793607806894784,0.049911691230058335
688,-0.0,0.0003100366092354534,0.049911691230058335
689,-0.0,0.00030316237490524145,0.049911691230058335
690,-0.0,0.00014288206658363833,0.049911691230058335
691,-1.0,6.405428849820538e-05,0.049911691230058335
692,-0.0,3.4101205566905435e-05,0.049911691230058335
693,-0.0,1.948352951597343e-05,0.049911691230058335
694,-0.0,0.01615257855372343,0.049911691230058335
695,-0.0,0.015201146581051317,0.049911691230058335
696,-0.0,0.0001814946099525372,0.049911691230058335
697,-0.0,6.0971669093135006e-05,0.049911691230058335
698,-0.0,0.014392252321702603,0.049911691230058335
699,-0.0,0.0003204358791089046,0.049911691230058335
700,-0.0,1.907827056573134e-05,0.049911691230058335
701,-0.0,1.948274308727349e-05,0.049911691230058335
702,-0.0,3.54468366938756e-05,0.049911691230058335
703,-0.0,2.998244061390952e-05,0.049911691230058335
704,-0.0,3.2864276942890186e-05,0.049911691230058335
705,-0.0,1.0281880576279434e-05,0.049911691230058335
706,-0.0,9.24937131330239e-06,0.049911691230058335
707,-0.0,1.3847211731032871e-05,0.049911691230058335
708,-0.0,1.1079020561632902e-05,0.049911691230058335
709,-0.0,4.6762703673763895e-06,0.049911691230058335
710,-0.0,0.030799365419702962,0.049911691230058335
711,-0.0,0.01553748839268021,0.049911691230058335
712,-0.0,0.0003021897606032553,0.049911691230058335
713,-0.0,0.0001137976942340857,0.049911691230058335
714,-0.0,0.03026499347366496,0.049911691230058335
715,-0.0,0.0003246755788381961,0.049911691230058335
716,-0.0,0.014881417372635042,0.049911691230058335
717,-0.0,0.0007530607990773319,0.049911691230058335
718,-0.0,0.00023752279167865709,0.049911691230058335
719,-0.0,3.895535906917047e-05,0.049911691230058335
720,-0.0,8.468539615336113e-06,0.049911691230058335
721,-0.0,0.015616028711772145,0.049911691230058335
722,-0.0,0.01554255601613741,0.049911691230058335
723,-0.0,0.015610727155289883,0.049911691230058335
724,-0.0,0.00011421978960682311,0.049911691230058335
725,-0.0,7.264133497508762e-05,0.049911691230058335
726,-0.0,4.0022506374137734e-05,0.049911691230058335
727,-0.0,3.522272461342624e-05,0.049911691230058335
728,-0.0,0.01525923585794331,0.049911691230058335
729,-0.0,0.01579918641520095,0.049911691230058335
730,-0.0,0.015082337394536995,0.049911691230058335
731,-0.0,0.015198130622200212,0.049911691230058335
732,-0.0,0.0003333702423589102,0.049911691230058335
733,-0.0,0.00017817702040190397,0.049911691230058335
734,-0.0,0.00014381450365164028,0.049911691230058335
735,-0.0,8.793773194781807e-05,0.049911691230058335
736,-0.0,0.0001612539746496111,0.049911691230058335
737,-0.0,6.551014798361621e-05,0.049911691230058335
738,-0.0,3.221896523797341e-05,0.049911691230058335
739,-0.0,0.031012728486248142,0.049911691230058335
740,-0.0,0.01566715997730339,0.049911691230058335
741,-0.0,0.00022693353016478568,0.049911691230058335
742,-0.0,0.01445762942561224,0.049911691230058335
743,-0.0,0.01446109327522116,0.049911691230058335
744,-0.0,0.000933276701618739,0.049911691230058335
745,-0.0,0.0004417955333630985,0.049911691230058335
746,-0.0,0.014770022532828109,0.049911691230058335
747,-0.0,0.0008049903988731066,0.049911691230058335
748,-0.0,0.0004640761667218385,0.049911691230058335
749,-0.0,0.043770120832327564,0.049911691230058335
750,-0.0,0.00033248355149595454,0.049911691230058335
751,-0.0,0.00019127515323802413,0.049911691230058335
752,-0.0,0.01442226804508806,0.049911691230058335
753,-0.0,0.00046679911466362967,0.049911691230058335
754,-0.0,0.014771713127164077,0.049911691230058335
755,-0.0,0.0007272232670896273,0.049911691230058335
756,-0.0,0.015284323665050614,0.049911691230058335
757,-0.0,6.157921453943394e-05,0.049911691230058335
758,-0.0,0.01556264676794683,0.049911691230058335
759,-0.0,0.0002734269427264735,0.049911691230058335
760,-0.0,6.119318820196895e-05,0.049911691230058335
761,-0.0,4.64743615111729e-05,0.049911691230058335
762,-0.0,5.476886488509081e-05,0.049911691230058335
763,-0.0,3.337320175944569e-05,0.049911691230058335
764,-0.0,2.9618986715718165e-05,0.049911691230058335
765,-0.0,3.062961056343738e-05,0.049911691230058335
766,-0.0,3.872145636307778e-05,0.049911691230058335
767,-0.0,2.3815445057806528e-05,0.049911691230058335
768,-0.0,3.31378990310327e-05,0.049911691230058335
769,-0.0,0.0309905300847646,0.049911691230058335
770,-0.0,7.244261494321336e-05,0.049911691230058335
771,-0.0,5.83276458456794e-05,0.049911691230058335
772,-0.0,7.734928819047582e-05,0.049911691230058335
773,-0.0,4.775755562747008e-05,0.049911691230058335
774,-0.0,0.015515152996822934,0.049911691230058335
775,-0.0,0.015332827751230127,0.049911691230058335
776,-0.0,0.01466226400187054,0.049911691230058335
777,-0.0,0.015821102076884586,0.049911691230058335
778,-0.0,0.015649853098594235,0.049911691230058335
779,-0.0,0.0003048676085204427,0.049911691230058335
780,-0.0,5.8489380600157403e-05,0.049911691230058335
781,-0.0,4.0933145570409835e-05,0.049911691230058335
782,-0.0,3.91272954387914e-05,0.049911691230058335
783,-0.0,1.4051790398456054e-05,0.049911691230058335
784,-0.0,6.433295464615635e-06,0.049911691230058335
785,-0.0,3.848905506299155e-06,0.049911691230058335
786,-0.0,2.12948156286274e-06,0.049911691230058335
787,-0.0,1.776597636678201e-07,0.049911691230058335
788,-0.0,0.015984971276836346,0.049911691230058335
789,-0.0,0.00029360375135532857,0.049911691230058335
790,-0.0,2.4006852524349753e-05,0.049911691230058335
791,-0.0,2.6224000058583385e-05,0.049911691230058335
792,-0.0,1.6912020423517915e-05,0.049911691230058335
793,-0.0,0.014878312892414758,0.049911691230058335
794,-0.0,0.016562171312752394,0.049911691230058335
795,-0.0,0.0004154931506086257,0.049911691230058335
796,-0.0,6.8140583639434045e-06,0.049911691230058335
797,-0.0,0.015791455393693532,0.049911691230058335
798,-0.0,7.997670045156724e-05,0.049911691230058335
799,-1.0,9.010971552619873e-06,0.049911691230058335
800,-0.0,4.581540790082883e-06,0.049911691230058335
801,-0.0,3.94227874927198e-06,0.049911691230058335
802,-0.0,4.096736031564997e-06,0.049911691230058335
803,-0.0,3.392683267385878e-06,0.049911691230058335
804,-0.0,2.417987840097266e-06,0.049911691230058335
805,-0.0,2.800833757310439e-06,0.049911691230058335
806,-0.0,1.6629836737307255e-06,0.049911691230058335
807,-0.0,3.1548584352170117e-06,0.049911691230058335
808,-0.0,2.2807196001992103e-06,0.049911691230058335
809,-0.0,1.5384945063860733e-06,0.049911691230058335
810,-0.0,2.6911503487412475e-06,0.049911691230058335
811,-0.0,0.01507209647607155,0.049911691230058335
812,-0.0,0.0002933764907486758,0.049911691230058335
813,-0.0,6.16445576479387e-06,0.049911691230058335
814,-0.0,2.0334401124132498e-05,0.049911691230058335
815,-0.0,3.0500626336631143e-06,0.049911691230058335
816,-0.0,0.00012202510465921749,0.049911691230058335
817,-0.0,0.015420649053010216,0.049911691230058335
818,-0.0,0.0003367685996771286,0.049911691230058335
819,-0.0,0.015475699698723755,0.049911691230058335
820,-0.0,0.014565371697925489,0.049911691230058335
821,-0.0,0.0007310894996082201,0.049911691230058335
822,-0.0,0.030732877679967796,0.049911691230058335
823,-0.0,4.711225012776765e-05,0.049911691230058335
824,-0.0,1.3019398183100606e-05,0.049911691230058335
825,-0.0,1.4315121157681965e-05,0.049911691230058335
826,-0.0,0.015224965623038322,0.049911691230058335
827,-0.0,0.00013379209002550851,0.049911691230058335
828,-0.0,0.016081522370416712,0.049911691230058335
829,-0.0,0.0002161388618593385,0.049911691230058335
830,-0.0,0.030673174972045913,0.049911691230058335
831,-0.0,0.0006804277956575788,0.049911691230058335
832,-0.0,0.00018496985228466656,0.049911691230058335
833,-0.0,2.0686472183228943e-05,0.049911691230058335
834,-0.0,0.014655116137792135,0.049911691230058335
835,-0.0,0.00027482997164440803,0.049911691230058335
836,-0.0,0.00013937606280833847,0.049911691230058335
837,-0.0,0.014749443713260035,0.049911691230058335
838,-0.0,0.015070494889595665,0.049911691230058335
839,-0.0,0.0005115655520224749,0.049911691230058335
840,-0.0,0.0002096674908109719,0.049911691230058335
841,-0.0,0.00010469965765969036,0.049911691230058335
842,-0.0,7.326755816328134e-05,0.049911691230058335
843,-0.0,7.69481738183142e-06,0.049911691230058335
844,-0.0,0.01481631149924463,0.049911691230058335
845,-0.0,0.00028847934115239227,0.049911691230058335
846,-0.0,0.00010263344893890469,0.049911691230058335
847,-0.0,0.015582875872161672,0.049911691230058335
848,-0.0,0.00015432407952431504,0.049911691230058335
849,-0.0,7.66952043207425e-06,0.049911691230058335
850,-0.0,0.015601599026499713,0.049911691230058335
851,-0.0,0.00020154737882371876,0.049911691230058335
852,-0.0,7.486539722080521e-05,0.049911691230058335
853,-0.0,3.4816111472046885e-05,0.049911691230058335
854,-0.0,0.015332199480481382,0.049911691230058335
855,-0.0,0.00031190121634227293,0.049911691230058335
856,-0.0,8.451030774714319e-05,0.049911691230058335
857,-0.0,4.4112018076969406e-05,0.049911691230058335
858,-0.0,1.5132790105454319e-05,0.049911691230058335
859,-0.0,0.015509389244004329,0.049911691230058335
860,-0.0,0.015841244113308395,0.049911691230058335
861,-0.0,0.014987651869367458,0.049911691230058335
862,-0.0,0.015850161533425666,0.049911691230058335
863,-0.0,5.1276585892878757e-05,0.049911691230058335
864,-0.0,0.015480083722678728,0.049911691230058335
865,-0.0,0.014781655156227202,0.049911691230058335
866,-0.0,0.0004913333073801596,0.049911691230058335
867,-0.0,0.0001717680569228719,0.049911691230058335
868,-0.0,0.00012186755620291478,0.049911691230058335
869,-0.0,6.378451727329093e-05,0.049911691230058335
870,-0.0,0.02938038964260592,0.049911691230058335
871,-0.0,0.00013267162839269986,0.049911691230058335
872,-0.0,8.508096712489532e-05,0.049911691230058335
873,-0.0,5.844627696660609e-05,0.049911691230058335
874,-0.0,0.015223364386343974,0.049911691230058335
875,-0.0,0.00032062033287161285,0.049911691230058335
876,-0.0,0.015775728762758234,0.049911691230058335
877,-0.0,9.741261951745628e-05,0.049911691230058335
878,-0.0,0.00014349104235122923,0.049911691230058335
879,-0.0,0.01531177634004166,0.049911691230058335
880,-0.0,0.000246261436887823,0.049911691230058335
881,-0.0,0.0002118529317250012,0.049911691230058335
882,-0.0,0.00018419391602897406,0.049911691230058335
883,-0.0,0.01531880409043529,0.049911691230058335
884,-0.0,0.00025986673740818755,0.049911691230058335
885,-0.0,0.014976344615813014,0.049911691230058335
886,-0.0,0.015840793434339973,0.049911691230058335
887,-0.0,0.014838885828339698,0.049911691230058335
888,-0.0,0.00017868940648213538,0.049911691230058335
889,-0.0,0.00023317611868378663,0.049911691230058335
890,-0.0,0.030691689952917045,0.049911691230058335
891,-0.0,0.015138819972690953,0.049911691230058335
892,-0.0,0.00010898348052990059,0.049911691230058335
893,-0.0,4.3358950033600685e-05,0.049911691230058335
894,-0.0,5.409625543961738e-05,0.049911691230058335
895,-0.0,0.015596779844827324,0.049911691230058335
896,-0.0,0.00016024265960368211,0.049911691230058335
897,-0.0,0.014171809207255137,0.049911691230058335
898,-0.0,0.0004869025460152443,0.049911691230058335
899,-0.0,0.014569661656224753,0.049911691230058335
900,-0.0,0.0007842894303280445,0.049911691230058335
901,-0.0,0.000284979702939836,0.049911691230058335
902,-0.0,0.0002155068532090354,0.049911691230058335
903,-0.0,0.00010425782585343768,0.049911691230058335
904,-0.0,0.014862392885022668,0.049911691230058335
905,-0.0,0.0306510766769037,0.049911691230058335
906,-0.0,0.014051051117746738,0.049911691230058335
907,-0.0,0.00017573541413185012,0.049911691230058335
908,-0.0,0.0004308749477957008,0.049911691230058335
909,-0.0,0.015610773889648044,0.049911691230058335
910,-0.0,0.0001091842684814992,0.049911691230058335
911,-0.0,0.015309945240460365,0.049911691230058335
912,-0.0,0.0002854242223691017,0.049911691230058335
913,-0.0,0.00018289152285433374,0.049911691230058335
914,-0.0,0.00011413422384976002,0.049911691230058335
915,-0.0,0.0001237304053773869,0.049911691230058335
916,-0.0,8.116916126255092e-05,0.049911691230058335
917,-0.0,7.58042673254522e-05,0.049911691230058335
918,-0.0,6.19574624849406e-05,0.049911691230058335
919,-0.0,2.956835949419201e-05,0.049911691230058335
920,-0.0,1.5539200688863275e-05,0.049911691230058335
921,-0.0,2.3789579888244816e-05,0.049911691230058335
922,-0.0,0.030056079653530077,0.049911691230058335
923,-0.0,4.7147504112388106e-05,0.049911691230058335
924,-0.0,6.227219564003406e-05,0.049911691230058335
925,-0.0,4.488304111305297e-05,0.049911691230058335
926,-0.0,0.01564159378806096,0.049911691230058335
927,-0.0,0.015506344669361738,0.049911691230058335
928,-0.0,7.935697635907957e-05,0.049911691230058335
929,-0.0,7.329924518822972e-05,0.049911691230058335
930,-0.0,9.469581264909266e-05,0.049911691230058335
931,-0.0,9.970606669185145e-05,0.049911691230058335
932,-0.0,7.001692761576805e-05,0.049911691230058335
933,-0.0,0.029505291681310553,0.049911691230058335
934,-0.0,8.106514088290773e-05,0.049911691230058335
935,-0.0,0.015144927881479475,0.049911691230058335
936,-0.0,0.00042443155894034135,0.049911691230058335
937,-0.0,0.00031876674574959907,0.049911691230058335
938,-0.0,0.00020524426658141692,0.049911691230058335
939,-0.0,0.01542708554222827,0.049911691230058335
940,-0.0,0.015071140545956041,0.049911691230058335
941,-0.0,0.02921541478275458,0.049911691230058335
942,-0.0,0.0003300916584976221,0.049911691230058335
943,-0.0,0.000233761230191476,0.049911691230058335
944,-0.0,0.027323634458014112,0.049911691230058335
945,-0.0,0.0009863793418389832,0.049911691230058335
946,-0.0,0.0012927812068426192,0.049911691230058335
947,-0.0,0.014566082544192227,0.049911691230058335
948,-0.0,0.0006355136937372663,0.049911691230058335
949,-0.0,0.00040688013055323324,0.049911691230058335
950,-0.0,0.0006052478968818775,0.049911691230058335
951,-0.0,0.00011628631268845169,0.049911691230058335
952,-0.0,5.089701824208259e-05,0.049911691230058335
953,-0.0,4.824806826227851e-05,0.049911691230058335
954,-0.0,5.572874669457217e-06,0.049911691230058335
955,-0.0,0.030373936054319955,0.049911691230058335
956,-0.0,0.00010539487403349312,0.049911691230058335
957,-0.0,0.00012402001691214082,0.049911691230058335
958,-0.0,6.846289925199756e-05,0.049911691230058335
959,-0.0,0.015653843449659366,0.049911691230058335
960,-0.0,0.0004485711581843077,0.049911691230058335
961,-0.0,0.0002024805273466157,0.049911691230058335
962,-0.0,0.00012864261379990938,0.049911691230058335
963,-0.0,0.00010375473412099095,0.049911691230058335
964,-0.0,2.5784011894902648e-05,0.049911691230058335
965,-0.0,2.210538975466747e-05,0.049911691230058335
966,-0.0,0.00011287049686048434,0.049911691230058335
967,-0.0,2.2922452628026946e-05,0.049911691230058335
968,-0.0,5.745663328227124e-06,0.049911691230058335
969,-0.0,7.244885115387234e-06,0.049911691230058335
970,-0.0,2.799146715304346e-06,0.049911691230058335
971,-0.0,3.5703022573940757e-06,0.049911691230058335
972,-0.0,0.015484991583955998,0.049911691230058335
973,-0.0,0.0003687931732781202,0.049911691230058335
974,-0.0,4.283480254981681e-05,0.049911691230058335
975,-0.0,0.0159694621827281,0.049911691230058335
976,-0.0,0.00017169370350167412,0.049911691230058335
977,-0.0,0.015788768507059476,0.049911691230058335
978,-0.0,0.00019271284804878164,0.049911691230058335
979,-0.0,0.00020352194191387602,0.049911691230058335
980,-0.0,7.454871895412607e-05,0.049911691230058335
981,-0.0,6.9283605397263415e-06,0.049911691230058335
982,-0.0,4.659724244238106e-07,0.049911691230058335
983,-0.0,0.045955282786116936,0.049911691230058335
984,-0.0,0.013703887866242326,0.049911691230058335
985,-0.0,0.00012126845626880822,0.049911691230058335
986,-0.0,0.014237878059390141,0.049911691230058335
987,-0.0,0.013368781674628849,0.049911691230058335
988,-1.0,0.0010580018264079172,0.049911691230058335
989,-0.0,0.0005553729081881897,0.049911691230058335
990,-0.0,0.02955826154668273,0.049911691230058335
991,-0.0,0.00030146237428141376,0.049911691230058335
992,-0.0,0.015121250779927209,0.049911691230058335
993,-0.0,0.000347013115188588,0.049911691230058335
994,-0.0,0.015809054852361726,0.049911691230058335
995,-0.0,0.0460943943238199,0.049911691230058335
996,-0.0,0.00022238550479869446,0.049911691230058335
997,-0.0,0.015350352807843137,0.049911691230058335
998,-0.0,0.00021431421021134156,0.049911691230058335
999,-0.0,0.0001269576418361229,0.049911691230058335
1000,-0.0,0.015375670705495281,0.049911691230058335
1001,-0.0,0.030003078718209508,0.049911691230058335
1002,-0.0,0.0003535503032736642,0.049911691230058335
1003,-0.0,0.014608872303726983,0.049911691230058335
1004,-0.0,0.00026381526440388825,0.049911691230058335
1005,-0.0,0.00012643084339744592,0.049911691230058335
1006,-0.0,0.00010416596682460977,0.049911691230058335
1007,-0.0,6.320843081653038e-05,0.049911691230058335
1008,-0.0,2.7118557326843984e-05,0.049911691230058335
1009,-0.0,1.6163097056320908e-05,0.049911691230058335
1010,-0.0,0.014450430430402506,0.049911691230058335
1011,-0.0,0.00028813048530906826,0.049911691230058335
1012,-0.0,9.039141003053253e-05,0.049911691230058335
1013,-0.0,0.00018186127285239797,0.049911691230058335
1014,-0.0,2.684306411060433e-05,0.049911691230058335
1015,-0.0,7.570064625816997e-05,0.049911691230058335
1016,-0.0,6.944698991251386e-05,0.049911691230058335
1017,-0.0,5.338542309361958e-05,0.049911691230058335
1018,-0.0,0.015055098625555985,0.049911691230058335
1019,-0.0,0.0001821507642825182,0.049911691230058335
1020,-0.0,0.00017666184225451076,0.049911691230058335
1021,-0.0,0.013849811681733278,0.049911691230058335
1022,-0.0,0.0005493521342083696,0.049911691230058335
1023,-0.0,0.0003089568324270431,0.049911691230058335
1024,-0.0,0.00011928745600897628,0.049911691230058335
1025,-0.0,0.014880165596288464,0.049911691230058335
1026,-0.0,0.012505704182951938,0.049911691230058335
1027,-0.0,0.0004197760417547526,0.049911691230058335
1028,-0.0,0.015063829585468369,0.049911691230058335
1029,-0.0,0.00020199445041946262,0.049911691230058335
1030,-0.0,0.014689993423095158,0.049911691230058335
1031,-0.0,0.00032168539376392635,0.049911691230058335
1032,-0.0,0.01262017789038894,0.049911691230058335
1033,-0.0,0.00047629609468429466,0.049911691230058335
1034,-0.0,0.01524255467679235,0.049911691230058335
1035,-0.0,0.00015612781529094656,0.049911691230058335
1036,-0.0,0.00010232605832527497,0.049911691230058335
1037,-0.0,7.946502090661056e-05,0.049911691230058335
1038,-0.0,0.00012741162387852611,0.049911691230058335
1039,-0.0,7.515516077592034e-05,0.049911691230058335
1040,-0.0,7.81222982897678e-05,0.049911691230058335
1041,-0.0,4.991107661922456e-05,0.049911691230058335
1042,-0.0,0.01507774302680609,0.049911691230058335
1043,-0.0,0.00045501971696819063,0.049911691230058335
1044,-0.0,1.5571792982171928e-05,0.049911691230058335
1045,-0.0,0.016374170227294857,0.049911691230058335
1046,-0.0,0.00048559960456753815,0.049911691230058335
1047,-0.0,0.015472328105454736,0.049911691230058335
1048,-0.0,0.015596187345911616,0.049911691230058335
1049,-0.0,0.015192069607210035,0.049911691230058335
1050,-0.0,9.326284815358576e-05,0.049911691230058335
1051,-0.0,3.963534215478681e-05,0.049911691230058335
1052,-0.0,1.70192100767963e-05,0.049911691230058335
1053,-0.0,1.6067642974786078e-05,0.049911691230058335
1054,-0.0,1.2569433158249321e-05,0.049911691230058335
1055,-0.0,0.01602456553427361,0.049911691230058335
1056,-0.0,0.00035685569960719477,0.049911691230058335
1057,-0.0,0.031466863574493686,0.049911691230058335
1058,-0.0,0.03083652082403887,0.049911691230058335
1059,-0.0,0.00019452620381343877,0.049911691230058335
1060,-0.0,0.03077302665235493,0.049911691230058335
1061,-0.0,0.029780112502294287,0.049911691230058335
1062,-0.0,0.00047582898707787535,0.049911691230058335
1063,-1.0,0.00018723933123965253,0.049911691230058335
1064,-0.0,0.00016943460116181086,0.049911691230058335
1065,-0.0,0.00011222245643693896,0.049911691230058335
1066,-0.0,0.00012020035580917465,0.049911691230058335
1067,-0.0,0.00011790213886797574,0.049911691230058335
1068,-0.0,6.796503936357112e-05,0.049911691230058335
1069,-0.0,0.015193689603302918,0.049911691230058335
1070,-0.0,0.00021280666345546706,0.049911691230058335
1071,-0.0,5.8631444318280046e-05,0.049911691230058335
1072,-0.0,0.015237608597743701,0.049911691230058335
1073,-0.0,0.00025721268005440834,0.049911691230058335
1074,-0.0,4.210733395382249e-05,0.049911691230058335
1075,-0.0,0.015092815974071527,0.049911691230058335
1076,-0.0,0.000347590619753646,0.049911691230058335
1077,-0.0,5.578704749684138e-05,0.049911691230058335
1078,-0.0,0.015015356857730922,0.049911691230058335
1079,-0.0,0.000275701648405402,0.049911691230058335
1080,-0.0,0.00011471220413739047,0.049911691230058335
1081,-0.0,0.01520117784019626,0.049911691230058335
1082,-0.0,0.016107722881237407,0.049911691230058335
1083,-0.0,0.0001900169162567522,0.049911691230058335
1084,-0.0,0.01554034534165405,0.049911691230058335
1085,-0.0,9.378751346389436e-05,0.049911691230058335
1086,-0.0,7.995878598876516e-05,0.049911691230058335
1087,-0.0,8.882830044854018e-05,0.049911691230058335
1088,-0.0,0.030993195332307266,0.049911691230058335
1089,-0.0,0.001202226157697408,0.049911691230058335
1090,-1.0,0.0005253221384338147,0.049911691230058335
1091,-0.0,0.0001578297040794041,0.049911691230058335
1092,-0.0,0.014425854731772603,0.049911691230058335
1093,-0.0,0.00013454894325803934,0.049911691230058335
1094,-0.0,0.014482127775686138,0.049911691230058335
1095,-0.0,0.00023578223972720025,0.049911691230058335
1096,-0.0,0.00012364022455813029,0.049911691230058335
1097,-0.0,5.3383863381384344e-05,0.049911691230058335
1098,-0.0,0.016987863684150284,0.049911691230058335
1099,-0.0,0.00031759502340378276,0.049911691230058335
1100,-0.0,0.00011581445512312549,0.049911691230058335
1101,-0.0,2.822781370248606e-05,0.049911691230058335
1102,-0.0,1.2256452819769947e-05,0.049911691230058335
1103,-0.0,0.015374274221327866,0.049911691230058335
1104,-0.0,0.00032326838643825795,0.049911691230058335
1105,-0.0,0.030745573726657094,0.049911691230058335
1106,-0.0,0.016351113591724697,0.049911691230058335
1107,-0.0,0.03008679331372832,0.049911691230058335
1108,-0.0,8.506280598297167e-05,0.049911691230058335
1109,-0.0,8.215394247201857e-05,0.049911691230058335
1110,-0.0,4.8474786993324415e-05,0.049911691230058335
1111,-0.0,3.534985469855201e-05,0.049911691230058335
1112,-0.0,2.233066416579277e-05,0.049911691230058335
1113,-0.0,1.5308416436710104e-05,0.049911691230058335
1114,-0.0,2.5658374994463884e-05,0.049911691230058335
1115,-0.0,0.016787782790572692,0.049911691230058335
1116,-0.0,0.00020957139273036773,0.049911691230058335
1117,-0.0,0.02920362798503362,0.049911691230058335
1118,-0.0,6.312115154827325e-05,0.049911691230058335
1119,-0.0,0.015224335618473361,0.049911691230058335
1120,-0.0,0.014919798600711687,0.049911691230058335
1121,-0.0,0.014869436356243604,0.049911691230058335
1122,-0.0,0.0004226853298803235,0.049911691230058335
1123,-0.0,0.00017442476962514775,0.049911691230058335
1124,-0.0,0.00011849786211115543,0.049911691230058335
1125,-0.0,6.570826025864562e-05,0.049911691230058335
1126,-0.0,9.228108039849303e-05,0.049911691230058335
1127,-0.0,0.015395086977051164,0.049911691230058335
1128,-0.0,0.00027198454127841387,0.049911691230058335
1129,-0.0,0.014708743988247619,0.049911691230058335
1130,-0.0,0.01553096425780609,0.049911691230058335
1131,-0.0,7.540456271137863e-05,0.049911691230058335
1132,-0.0,0.014622371129419776,0.049911691230058335
1133,-0.0,0.015146368714582081,0.049911691230058335
1134,-0.0,0.0005498081853261283,0.049911691230058335
1135,-0.0,0.017056112028399184,0.049911691230058335
1136,-0.0,0.016501277953693716,0.049911691230058335
1137,-0.0,0.00016033521364544612,0.049911691230058335
1138,-0.0,0.00013344258760916716,0.049911691230058335
1139,-0.0,5.4474966134421265e-05,0.049911691230058335
1140,-0.0,5.294868543614939e-05,0.049911691230058335
1141,-0.0,9.01836743878448e-05,0.049911691230058335
1142,-0.0,0.04475900608732908,0.049911691230058335
1143,-0.0,0.0004933378897042928,0.049911691230058335
1144,-0.0,0.00036151467897838074,0.049911691230058335
1145,-0.0,0.0001573768375600082,0.049911691230058335
1146,-0.0,0.014653265323865128,0.049911691230058335
1147,-0.0,0.0003176424050082005,0.049911691230058335
1148,-0.0,0.030051824050779885,0.049911691230058335
1149,-0.0,0.00013684522051582437,0.049911691230058335
1150,-0.0,0.00011505117322685443,0.049911691230058335
1151,-0.0,0.014358285497988454,0.049911691230058335
1152,-0.0,0.02642062207448248,0.049911691230058335
1153,-0.0,0.001297825579399614,0.049911691230058335
1154,-0.0,0.0006193472664222099,0.049911691230058335
1155,-0.0,0.02930122509019384,0.049911691230058335
1156,-0.0,0.0158974180868654,0.049911691230058335
1157,-0.0,0.0002644671261577969,0.049911691230058335
1158,-0.0,0.0004037885901766458,0.049911691230058335
1159,-0.0,0.00029484204472396414,0.049911691230058335
1160,-0.0,0.00018921800116800114,0.049911691230058335
1161,-0.0,0.00022946353765007643,0.049911691230058335
1162,-0.0,0.00020203832203691263,0.049911691230058335
1163,-0.0,0.00030459895272505477,0.049911691230058335
1164,-0.0,0.0003105531824914628,0.049911691230058335
1165,-0.0,0.0003055861391660919,0.049911691230058335
1166,-0.0,0.00018388470676455881,0.049911691230058335
1167,-0.0,4.552411540714729e-05,0.049911691230058335
1168,-0.0,0.02784316973526848,0.049911691230058335
1169,-0.0,0.015197084415726425,0.049911691230058335
1170,-0.0,0.0002906587746792956,0.049911691230058335
1171,-0.0,5.540233023150487e-05,0.049911691230058335
1172,-0.0,0.01520922523552315,0.049911691230058335
1173,-0.0,0.014943383296246893,0.049911691230058335
1174,-0.0,0.0005778925754356123,0.049911691230058335
1175,-0.0,0.014846771479852805,0.049911691230058335
1176,-0.0,0.00031940300485189255,0.049911691230058335
1177,-0.0,0.00010933033112081603,0.049911691230058335
1178,-0.0,0.012767486881031687,0.049911691230058335
1179,-0.0,0.00037115686042454854,0.049911691230058335
1180,-0.0,0.0173412211246472,0.049911691230058335
1181,-0.0,3.80230437855289e-05,0.049911691230058335
1182,-0.0,2.1726476376882076e-05,0.049911691230058335
1183,-0.0,3.145308379792766e-05,0.049911691230058335
1184,-0.0,1.389438544663335e-05,0.049911691230058335
1185,-0.0,0.028357738616122674,0.049911691230058335
1186,-0.0,0.014977398963218036,0.049911691230058335
1187,-0.0,0.0001701789676954446,0.049911691230058335
1188,-0.0,3.632227702254909e-05,0.049911691230058335
1189,-0.0,7.155078293408224e-05,0.049911691230058335
1190,-0.0,0.015287518786323062,0.049911691230058335
1191,-0.0,0.00018892674067930854,0.049911691230058335
1192,-0.0,0.00019468883042650376,0.049911691230058335
1193,-0.0,0.0002539160902595705,0.049911691230058335
1194,-0.0,5.140396596914343e-05,0.049911691230058335
1195,-0.0,6.14355100454489e-05,0.049911691230058335
1196,-0.0,1.9278865114102928e-05,0.049911691230058335
1197,-0.0,1.2768703513410529e-05,0.049911691230058335
1198,-0.0,1.0561728520042113e-05,0.049911691230058335
1199,-0.0,1.708759678001326e-05,0.049911691230058335
1200,-0.0,6.808774035915732e-06,0.049911691230058335
1201,-0.0,1.6854358079062453e-05,0.049911691230058335
1202,-0.0,5.0848951834714384e-06,0.049911691230058335
1203,-0.0,9.627303079157157e-06,0.049911691230058335
1204,-0.0,1.481547368720193e-05,0.049911691230058335
1205,-0.0,1.0109401193725276e-05,0.049911691230058335
1206,-0.0,9.862918479514905e-06,0.049911691230058335
1207,-0.0,3.863853270447137e-06,0.049911691230058335
1208,-0.0,0.013187941267822412,0.049911691230058335
1209,-0.0,0.0001737893289055492,0.049911691230058335
1210,-0.0,0.00011075808546223698,0.049911691230058335
1211,-0.0,0.03016526815093956,0.049911691230058335
1212,-0.0,0.029389230105707043,0.049911691230058335
1213,-0.0,0.014340236201817902,0.049911691230058335
1214,-0.0,0.014399100930006625,0.049911691230058335
1215,-0.0,0.0003299395434339658,0.049911691230058335
1216,-0.0,0.0003067220665968762,0.049911691230058335
1217,-0.0,0.00013721998581672779,0.049911691230058335
1218,-0.0,0.015451658373933697,0.049911691230058335
1219,-0.0,0.00044698802336995413,0.049911691230058335
1220,-0.0,0.00028922526681185445,0.049911691230058335
1221,-0.0,0.00010156322653642746,0.049911691230058335
1222,-0.0,0.015590835331238395,0.049911691230058335
1223,-0.0,0.00016120577723199858,0.049911691230058335
1224,-0.0,4.267833763516027e-05,0.049911691230058335
1225,-0.0,2.984884491752382e-05,0.049911691230058335
1226,-0.0,0.015232741878794975,0.049911691230058335
1227,-0.0,0.014741544798383188,0.049911691230058335
1228,-0.0,0.0007395161480587831,0.049911691230058335
1229,-0.0,0.00048015433198145274,0.049911691230058335
1230,-0.0,0.00012542729931297458,0.049911691230058335
1231,-0.0,0.00015289789948624843,0.049911691230058335
1232,-0.0,8.522612085259951e-05,0.049911691230058335
1233,-0.0,4.6537937533175366e-05,0.049911691230058335
1234,-1.0,0.015334348022090508,0.049911691230058335
1235,-0.0,0.00020659198531447487,0.049911691230058335
1236,-0.0,3.812226770098792e-05,0.049911691230058335
1237,-0.0,1.1036695373408886e-05,0.049911691230058335
1238,-0.0,3.691590628251973e-05,0.049911691230058335
1239,-0.0,1.7917416060578457e-05,0.049911691230058335
1240,-0.0,5.852133642534645e-06,0.049911691230058335
1241,-0.0,4.8005262377878374e-06,0.049911691230058335
1242,-0.0,0.01658842876179251,0.049911691230058335
1243,-0.0,0.00016078295250210317,0.049911691230058335
1244,-0.0,0.015368216241403942,0.049911691230058335
1245,-0.0,0.00024518200553202973,0.049911691230058335
1246,-0.0,6.43558002056642e-05,0.049911691230058335
1247,-0.0,7.709913708708882e-05,0.049911691230058335
1248,-0.0,2.7758978120573374e-05,0.049911691230058335
1249,-0.0,1.7852590140421398e-05,0.049911691230058335
1250,-0.0,1.6408241890530917e-05,0.049911691230058335
1251,-0.0,0.015343977947089513,0.049911691230058335
1252,-1.0,0.015210295346433367,0.049911691230058335
1253,-0.0,0.0003433260732170762,0.049911691230058335
1254,-0.0,0.000339906625539399,0.049911691230058335
1255,-0.0,0.015337533714044227,0.049911691230058335
1256,-0.0,0.015050865729644869,0.049911691230058335
1257,-0.0,0.00033462498392466955,0.049911691230058335
1258,-0.0,0.015239915490493416,0.049911691230058335
1259,-0.0,0.00019389517819945468,0.049911691230058335
1260,-0.0,8.26580427641943e-05,0.049911691230058335
1261,-0.0,9.747644761759489e-05,0.049911691230058335
1262,-0.0,5.8769154047233485e-05,0.049911691230058335
1263,-0.0,1.317926670019176e-05,0.049911691230058335
1264,-0.0,1.5315215163819174e-05,0.049911691230058335
1265,-0.0,1.8242842810989313e-05,0.049911691230058335
1266,-0.0,7.476663032413011e-06,0.049911691230058335
1267,-0.0,1.7009060622810712e-05,0.049911691230058335
1268,-0.0,0.02968005096222015,0.049911691230058335
1269,-0.0,0.01490336623207611,0.049911691230058335
1270,-0.0,0.0004969757464650115,0.049911691230058335
1271,-0.0,4.7163833593176496e-05,0.049911691230058335
1272,-0.0,0.015071641768261007,0.049911691230058335
1273,-0.0,0.000225226173014903,0.049911691230058335
1274,-0.0,7.062998946352761e-05,0.049911691230058335
1275,-0.0,2.1067920062733947e-05,0.049911691230058335
1276,-0.0,1.3875949328223669e-05,0.049911691230058335
1277,-0.0,1.5193442340688534e-05,0.049911691230058335
1278,-0.0,0.015348824187487509,0.049911691230058335
1279,-0.0,0.0001612736998426456,0.049911691230058335
1280,-0.0,0.00017229711589639152,0.049911691230058335
1281,-0.0,9.25489451065846e-05,0.049911691230058335
1282,-0.0,1.5043617472558718e-05,0.049911691230058335
1283,-0.0,0.015092324371642651,0.049911691230058335
1284,-0.0,0.030097452740942998,0.049911691230058335
1285,-0.0,0.0011462100402965802,0.049911691230058335
1286,-0.0,0.0001088806118296759,0.049911691230058335
1287,-0.0,2.1618850881921503e-05,0.049911691230058335
1288,-0.0,1.857986923603505e-05,0.049911691230058335
1289,-0.0,0.015117691122617405,0.049911691230058335
1290,-0.0,0.031460987217897696,0.049911691230058335
1291,-0.0,9.617825980967609e-05,0.049911691230058335
1292,-0.0,7.460488869526216e-05,0.049911691230058335
1293,-0.0,0.015319421624553797,0.049911691230058335
1294,-0.0,0.00013988655376806491,0.049911691230058335
1295,-0.0,3.5528569391374276e-05,0.049911691230058335
1296,-0.0,3.5549298758041914e-05,0.049911691230058335
1297,-0.0,0.015097903215391284,0.049911691230058335
1298,-0.0,0.014861292850071095,0.049911691230058335
1299,-0.0,0.00019099371897368655,0.049911691230058335
1300,-0.0,0.0002646264798045195,0.049911691230058335
1301,-0.0,0.015478299784192018,0.049911691230058335
1302,-1.0,0.0002873934298790459,0.049911691230058335
1303,-0.0,0.015104771179103693,0.049911691230058335
1304,-0.0,7.674644635326938e-05,0.049911691230058335
1305,-0.0,5.356084020036178e-05,0.049911691230058335
1306,-0.0,0.015129598772374742,0.049911691230058335
1307,-0.0,0.0002609383739446969,0.049911691230058335
1308,-0.0,9.76947600737077e-05,0.049911691230058335
1309,-0.0,0.05807696308032667,0.049911691230058335
1310,-0.0,0.0023392450671302356,0.049911691230058335
1311,-0.0,0.0005891096819436448,0.049911691230058335
1312,-0.0,0.00016763730813185163,0.049911691230058335
1313,-0.0,4.805789387418713e-05,0.049911691230058335
1314,-0.0,3.4259653157953096e-05,0.049911691230058335
1315,-0.0,2.288643894576836e-05,0.049911691230058335
1316,-0.0,2.087680709905726e-05,0.049911691230058335
1317,-0.0,0.015943416009724043,0.049911691230058335
1318,-0.0,0.0002805828259795362,0.049911691230058335
1319,-0.0,9.201872065034422e-05,0.049911691230058335
1320,-0.0,7.104151060843833e-05,0.049911691230058335
1321,-0.0,4.001665355701789e-05,0.049911691230058335
1322,-0.0,2.282926477370495e-05,0.049911691230058335
1323,-0.0,1.6938954274101775e-05,0.049911691230058335
1324,-0.0,1.0764889446068793e-05,0.049911691230058335
1325,-0.0,9.693268680076306e-06,0.049911691230058335
1326,-0.0,0.030376340819448622,0.049911691230058335
1327,-0.0,6.099449867069673e-05,0.049911691230058335
1328,-0.0,0.014948904975414123,0.049911691230058335
1329,-0.0,0.0002492127519673204,0.049911691230058335
1330,-0.0,7.61860565289263e-05,0.049911691230058335
1331,-0.0,6.462135073093123e-05,0.049911691230058335
1332,-0.0,4.6926941493552476e-05,0.049911691230058335
1333,-0.0,0.015504524395882235,0.049911691230058335
1334,-0.0,0.015063037484992492,0.049911691230058335
1335,-0.0,0.0002620876879291245,0.049911691230058335
1336,-0.0,0.015229726084413642,0.049911691230058335
1337,-0.0,0.00014233683671704966,0.049911691230058335
1338,-0.0,3.196806214589287e-05,0.049911691230058335
1339,-0.0,2.1210027625784278e-05,0.049911691230058335
1340,-0.0,0.015276003886810122,0.049911691230058335
1341,-0.0,0.0001612092802645293,0.049911691230058335
1342,-0.0,5.525338463385765e-05,0.049911691230058335
1343,-0.0,2.5555097764140555e-05,0.049911691230058335
1344,-0.0,0.015361277032983622,0.049911691230058335
1345,-0.0,0.00020491139152056803,0.049911691230058335
1346,-0.0,0.015223772356874665,0.049911691230058335
1347,-0.0,0.015157687467219697,0.049911691230058335
1348,-0.0,0.015367252605840154,0.049911691230058335
1349,-0.0,6.295613894202745e-05,0.049911691230058335
1350,-0.0,0.015427923994599801,0.049911691230058335
1351,-0.0,0.015017933852959686,0.049911691230058335
1352,-0.0,0.015926498934277333,0.049911691230058335
1353,-0.0,0.02957928083310435,0.049911691230058335
1354,-0.0,0.029667142810353653,0.049911691230058335
1355,-0.0,0.00039981452164283837,0.049911691230058335
1356,-0.0,0.0002038508521309268,0.049911691230058335
1357,-0.0,0.0002076683670111379,0.049911691230058335
1358,-0.0,0.00017037337909187045,0.049911691230058335
1359,-0.0,0.00014349549712733278,0.049911691230058335
1360,-0.0,0.015271333707573831,0.049911691230058335
1361,-0.0,0.04534729402581661,0.049911691230058335
1362,-0.0,0.00020512168555342214,0.049911691230058335
1363,-0.0,0.01541449976292597,0.049911691230058335
1364,-0.0,0.0001811137691447584,0.049911691230058335
1365,-0.0,9.501841088876972e-05,0.049911691230058335
1366,-0.0,0.015394055157457842,0.049911691230058335
1367,-0.0,0.015374259616521613,0.049911691230058335
1368,-0.0,0.00033086994852737917,0.049911691230058335
1369,-0.0,0.015017959221040655,0.049911691230058335
1370,-0.0,0.0003185991291729806,0.049911691230058335
1371,-0.0,0.02959064508411302,0.049911691230058335
1372,-0.0,0.015866450577789237,0.049911691230058335
1373,-0.0,0.00012784526825271314,0.049911691230058335
1374,-0.0,0.01506169271942781,0.049911691230058335
1375,-0.0,0.00013949889239484037,0.049911691230058335
1376,-0.0,0.00010426535831697947,0.049911691230058335
1377,-0.0,7.526360644760643e-05,0.049911691230058335
1378,-0.0,0.029444374091923464,0.049911691230058335
1379,-0.0,0.015302976502880483,0.049911691230058335
1380,-0.0,0.00013016728911452446,0.049911691230058335
1381,-0.0,0.0001704197695104881,0.049911691230058335
1382,-0.0,0.00011226446960677094,0.049911691230058335
1383,-0.0,0.00011835821851491346,0.049911691230058335
1384,-0.0,0.015211773650605664,0.049911691230058335
1385,-0.0,0.029552747164132143,0.049911691230058335
1386,-0.0,0.015294486822085673,0.049911691230058335
1387,-0.0,9.887440501188394e-05,0.049911691230058335
1388,-0.0,0.00012727309513138607,0.049911691230058335
1389,-0.0,8.650810377730522e-05,0.049911691230058335
1390,-0.0,6.748541181877954e-05,0.049911691230058335
1391,-0.0,7.01552263535632e-05,0.049911691230058335
1392,-0.0,6.391964194563116e-05,0.049911691230058335
1393,-0.0,0.014912855508214307,0.049911691230058335
1394,-0.0,0.014221453498521441,0.049911691230058335
1395,-0.0,0.0007415953099325634,0.049911691230058335
1396,-0.0,0.0002506338117314044,0.049911691230058335
1397,-0.0,0.0002559201686835877,0.049911691230058335
1398,-0.0,8.69269793426497e-05,0.049911691230058335
1399,-0.0,3.9938014253948495e-05,0.049911691230058335
1400,-0.0,4.400518622560412e-05,0.049911691230058335
1401,-0.0,0.015177173418294387,0.049911691230058335
1402,-0.0,0.0001280472115468001,0.049911691230058335
1403,-0.0,5.8612775788446925e-05,0.049911691230058335
1404,-0.0,0.014936940450382963,0.049911691230058335
1405,-0.0,0.000174541746659429,0.049911691230058335
1406,-0.0,0.0002507971106382456,0.049911691230058335
1407,-0.0,6.643948384521536e-05,0.049911691230058335
1408,-0.0,5.7479930752890596e-05,0.049911691230058335
1409,-0.0,0.01524143336402517,0.049911691230058335
1410,-0.0,0.00014249650553210813,0.049911691230058335
1411,-0.0,6.619722404366257e-05,0.049911691230058335
1412,-0.0,2.2161894563055284e-05,0.049911691230058335
1413,-0.0,1.7224330361109708e-05,0.049911691230058335
1414,-0.0,1.403978644809456e-05,0.049911691230058335
1415,-0.0,1.141998444498249e-05,0.049911691230058335
1416,-0.0,1.3254760318659464e-05,0.049911691230058335
1417,-0.0,1.2305768592568711e-05,0.049911691230058335
1418,-1.0,0.015244990126188185,0.049911691230058335
1419,-0.0,0.00016906799646676518,0.049911691230058335
1420,-0.0,0.0001002629623201301,0.049911691230058335
1421,-0.0,2.3028117228677744e-05,0.049911691230058335
1422,-0.0,0.029742750434628207,0.049911691230058335
1423,-1.0,0.01575596961023229,0.049911691230058335
1424,-0.0,0.00014326428890854004,0.049911691230058335
1425,-0.0,6.887146778922215e-05,0.049911691230058335
1426,-0.0,2.9601212190755177e-05,0.049911691230058335
1427,-0.0,2.6348993669600418e-05,0.049911691230058335
1428,-0.0,0.01488270018733484,0.049911691230058335
1429,-0.0,0.0003806715145913131,0.049911691230058335
1430,-0.0,0.00014655840536192954,0.049911691230058335
1431,-0.0,3.566275934474561e-05,0.049911691230058335
1432,-0.0,0.030600130710425333,0.049911691230058335
1433,-0.0,7.003143257122701e-05,0.049911691230058335
1434,-0.0,0.00011253889451268151,0.049911691230058335
1435,-0.0,4.445427597943308e-05,0.049911691230058335
1436,-0.0,0.01525051580000536,0.049911691230058335
1437,-0.0,0.0001987311727020824,0.049911691230058335
1438,-0.0,8.935356191841493e-05,0.049911691230058335
1439,-0.0,6.0533443686949795e-05,0.049911691230058335
1440,-0.0,4.788496762064831e-05,0.049911691230058335
1441,-0.0,3.847376042287465e-05,0.049911691230058335
1442,-0.0,4.202057741053977e-05,0.049911691230058335
1443,-0.0,2.641707321515696e-05,0.049911691230058335
1444,-0.0,2.8822495167446505e-05,0.049911691230058335
1445,-0.0,2.0643701702738326e-05,0.049911691230058335
1446,-0.0,0.015378492867981208,0.049911691230058335
1447,-0.0,0.03141643289898832,0.049911691230058335
1448,-0.0,6.767087647574499e-05,0.049911691230058335
1449,-0.0,0.015171531710040043,0.049911691230058335
1450,-0.0,0.015509169665989475,0.049911691230058335
1451,-0.0,6.414334075088846e-05,0.049911691230058335
1452,-0.0,3.431445544777034e-05,0.049911691230058335
1453,-0.0,0.015394284514826495,0.049911691230058335
1454,-0.0,0.00015397885806578415,0.049911691230058335
1455,-0.0,6.493659105899496e-05,0.049911691230058335
1456,-0.0,0.015356295277257459,0.049911691230058335
1457,-0.0,0.01532566743222219,0.049911691230058335
1458,-0.0,0.0001411408088358712,0.049911691230058335
1459,-0.0,6.479994438279846e-05,0.049911691230058335
1460,-0.0,4.893455086119047e-05,0.049911691230058335
1461,-0.0,0.015332692682022753,0.049911691230058335
1462,-1.0,0.045125754914749905,0.049911691230058335
1463,-0.0,9.340845753058602e-05,0.049911691230058335
1464,-0.0,0.015257984800882696,0.049911691230058335
1465,-0.0,0.00018901418616223964,0.049911691230058335
1466,-0.0,0.015269335962216246,0.049911691230058335
1467,-0.0,0.00030687175211596696,0.049911691230058335
1468,-1.0,0.00018575533457010351,0.049911691230058335
1469,-0.0,6.974524069391919e-05,0.049911691230058335
1470,-0.0,0.015510290804769511,0.049911691230058335
1471,-0.0,0.014993338417298219,0.049911691230058335
1472,-0.0,0.014777224511647091,0.049911691230058335
1473,-0.0,0.01527998056224078,0.049911691230058335
1474,-0.0,0.0005638161764238703,0.049911691230058335
1475,-0.0,0.015545510432900755,0.049911691230058335
1476,-0.0,0.00011059292569370882,0.049911691230058335
1477,-0.0,0.00012576532293451237,0.049911691230058335
1478,-0.0,6.344584460293845e-05,0.049911691230058335
1479,-0.0,0.030513201133942403,0.049911691230058335
1480,-0.0,0.014648361532920262,0.049911691230058335
1481,-0.0,0.00036224562950337713,0.049911691230058335
1482,-0.0,0.0003319319591241765,0.049911691230058335
1483,-0.0,0.00022376016721636915,0.049911691230058335
1484,-0.0,6.0112315978244624e-05,0.049911691230058335
1485,-0.0,5.9456843557459393e-05,0.049911691230058335
1486,-0.0,0.015221427817863287,0.049911691230058335
1487,-0.0,0.00014483524154940142,0.049911691230058335
1488,-0.0,5.951989669483737e-05,0.049911691230058335
1489,-0.0,0.015271286540780693,0.049911691230058335
1490,-0.0,0.01521577272939112,0.049911691230058335
1491,-0.0,0.015026413469229283,0.049911691230058335
1492,-0.0,0.04587540716931926,0.049911691230058335
1493,-0.0,0.015237456461591137,0.049911691230058335
1494,-0.0,0.015281866148370682,0.049911691230058335
1495,-0.0,0.00033608909791382757,0.049911691230058335
1496,-0.0,0.030011263661890553,0.049911691230058335
1497,-0.0,0.0006938692080211695,0.049911691230058335
1498,-0.0,0.029391397669428443,0.049911691230058335
1499,-0.0,0.01511449049814928,0.049911691230058335
1500,-0.0,0.0008630237574607236,0.049911691230058335
1501,-0.0,0.0004817677178152735,0.049911691230058335
1502,-0.0,0.0001950660889633582,0.049911691230058335
1503,-0.0,0.015198753867139203,0.049911691230058335
1504,-0.0,0.015008182920951185,0.049911691230058335
1505,-0.0,0.0004116954714277199,0.049911691230058335
1506,-0.0,0.015026555614667814,0.049911691230058335
1507,-0.0,0.0004282705533000808,0.049911691230058335
1508,-0.0,0.0002468632565069129,0.049911691230058335
1509,-0.0,0.015260923449773145,0.049911691230058335
1510,-0.0,0.00024828245159369544,0.049911691230058335
1511,-0.0,0.00012234054364057556,0.049911691230058335
1512,-0.0,0.015035764600725088,0.049911691230058335
1513,-0.0,0.00020973979329141912,0.049911691230058335
1514,-0.0,0.0444736452085408,0.049911691230058335
1515,-0.0,0.029568091143403308,0.049911691230058335
1516,-0.0,0.00040134344851594506,0.049911691230058335
1517,-0.0,0.0002566646463719735,0.049911691230058335
1518,-0.0,0.013933418962565725,0.049911691230058335
1519,-0.0,0.0003861895679051486,0.049911691230058335
1520,-0.0,0.015161644362606808,0.049911691230058335
1521,-0.0,0.014650034135335943,0.049911691230058335
1522,-0.0,0.028380030548646573,0.049911691230058335
1523,-0.0,0.0008815829186232804,0.049911691230058335
1524,-0.0,0.0004855351066339608,0.049911691230058335
1525,-0.0,0.00033589043141546426,0.049911691230058335
1526,-0.0,0.0003132676026016412,0.049911691230058335
1527,-0.0,0.014744386008970878,0.049911691230058335
1528,-0.0,0.00016859049566164686,0.049911691230058335
1529,-0.0,0.00014826167983983396,0.049911691230058335
1530,-0.0,0.0002601841774634295,0.049911691230058335
1531,-0.0,0.0004221474467165365,0.049911691230058335
1532,-0.0,0.0009496903421834461,0.049911691230058335
1533,-0.0,0.0008379940854967294,0.049911691230058335
1534,-0.0,0.015466304823927746,0.049911691230058335
1535,-0.0,0.0001472985602104515,0.049911691230058335
1536,-0.0,7.754511162599842e-05,0.049911691230058335
1537,-0.0,0.013842434737697307,0.049911691230058335
1538,-0.0,0.00042542327516148504,0.049911691230058335
1539,-0.0,0.0001446214297369788,0.049911691230058335
1540,-0.0,6.0513322127529615e-05,0.049911691230058335
1541,-0.0,3.002484676217776e-05,0.049911691230058335
1542,-0.0,0.013244514027377807,0.049911691230058335
1543,-0.0,0.0148756817049231,0.049911691230058335
1544,-0.0,0.00011070804785839883,0.049911691230058335
1545,-0.0,0.031377285911284414,0.049911691230058335
1546,-0.0,0.029187190195437474,0.049911691230058335
1547,-0.0,0.02819413501975987,0.049911691230058335
1548,-0.0,0.00035995944546129977,0.049911691230058335
1549,-0.0,0.0002947429397295309,0.049911691230058335
1550,-0.0,0.028886535747119524,0.049911691230058335
1551,-0.0,0.00020156919072178425,0.049911691230058335
1552,-0.0,0.00011572303708362597,0.049911691230058335
1553,-0.0,0.00019535104217993648,0.049911691230058335
1554,-0.0,0.00011548653213822035,0.049911691230058335
1555,-0.0,0.00010377889157098252,0.049911691230058335
1556,-0.0,0.00010079706683896461,0.049911691230058335
1557,-0.0,9.233597001667704e-05,0.049911691230058335
1558,-0.0,0.02927426142088052,0.049911691230058335
1559,-0.0,0.0005625369042547845,0.049911691230058335
1560,-0.0,0.03140280721589761,0.049911691230058335
1561,-0.0,0.043367978368554105,0.049911691230058335
1562,-0.0,0.0011535345561810573,0.049911691230058335
1563,-0.0,0.0007234303631769023,0.049911691230058335
1564,-0.0,0.00024873378454515205,0.049911691230058335
1565,-0.0,8.313160185480228e-05,0.049911691230058335
1566,-0.0,0.01595931155300269,0.049911691230058335
1567,-0.0,0.00013482414275202415,0.049911691230058335
1568,-0.0,0.030482600547586003,0.049911691230058335
1569,-0.0,0.028812230707671915,0.049911691230058335
1570,-0.0,0.013851399752979887,0.049911691230058335
1571,-0.0,0.013549932892374272,0.049911691230058335
1572,-0.0,0.0009587173673253346,0.049911691230058335
1573,-0.0,0.00034046183679947717,0.049911691230058335
1574,-0.0,0.0005424998265084469,0.049911691230058335
1575,-0.0,0.0004603030307066547,0.049911691230058335
1576,-0.0,0.014906134502457813,0.049911691230058335
1577,-0.0,7.673676580687017e-05,0.049911691230058335
1578,-0.0,9.019961594058934e-05,0.049911691230058335
1579,-0.0,0.0001412000359195531,0.049911691230058335
1580,-0.0,0.00015809713312364693,0.049911691230058335
1581,-0.0,0.01484506168715427,0.049911691230058335
1582,-0.0,0.014979244490348265,0.049911691230058335
1583,-0.0,0.00012543161716394025,0.049911691230058335
1584,-0.0,0.015276938102900317,0.049911691230058335
1585,-0.0,0.00011361221978489766,0.049911691230058335
1586,-0.0,6.35080049491421e-05,0.049911691230058335
1587,-0.0,3.773469457390988e-05,0.049911691230058335
1588,-0.0,0.014987480869641523,0.049911691230058335
1589,-0.0,0.0001524773415275682,0.049911691230058335
1590,-0.0,7.976828918065948e-05,0.049911691230058335
1591,-0.0,0.014844835586725225,0.049911691230058335
1592,-0.0,0.00015674936526011152,0.049911691230058335
1593,-0.0,0.00011435222319278182,0.049911691230058335
1594,-0.0,0.00010488561733268398,0.049911691230058335
1595,-0.0,0.0001230744358906577,0.049911691230058335
1596,-0.0,0.0001001122728325754,0.049911691230058335
1597,-0.0,0.013828364205522803,0.049911691230058335
1598,-0.0,0.00019900081670698455,0.049911691230058335
1599,-0.0,0.0002724646207852288,0.049911691230058335
1600,-0.0,6.675099587738487e-05,0.049911691230058335
1601,-0.0,0.027429530366035237,0.049911691230058335
1602,-0.0,0.0005499151385350842,0.049911691230058335
1603,-0.0,0.0006408008396121545,0.049911691230058335
1604,-0.0,0.00031935580924624674,0.049911691230058335
1605,-0.0,0.015567564118152077,0.049911691230058335
1606,-0.0,4.2718189057211475e-05,0.049911691230058335
1607,-0.0,0.015408276977290747,0.049911691230058335
1608,-0.0,9.009178383934113e-05,0.049911691230058335
1609,-0.0,1.9207578386026825e-05,0.049911691230058335
1610,-0.0,2.0711152353858342e-05,0.049911691230058335
1611,-0.0,8.0280862047033e-06,0.049911691230058335
1612,-0.0,1.1395481109843786e-05,0.049911691230058335
1613,-0.0,0.045306170454722405,0.049911691230058335
1614,-0.0,0.01449538012030871,0.049911691230058335
1615,-0.0,0.0007426229761904324,0.049911691230058335
1616,-0.0,0.00022414104725498873,0.049911691230058335
1617,-0.0,0.00023807977569845207,0.049911691230058335
1618,-0.0,0.015228362911926752,0.049911691230058335
1619,-0.0,3.596943361117155e-05,0.049911691230058335
1620,-0.0,1.5743646215149454e-05,0.049911691230058335
1621,-0.0,0.015087381665637167,0.049911691230058335
1622,-0.0,0.00016878670001574392,0.049911691230058335
1623,-0.0,0.00012427643201817773,0.049911691230058335
1624,-1.0,3.0128295975373476e-05,0.049911691230058335
1625,-0.0,1.3407909307261434e-05,0.049911691230058335
1626,-0.0,0.015211128316721556,0.049911691230058335
1627,-0.0,0.014973661149768253,0.049911691230058335
1628,-0.0,0.015681371690163814,0.049911691230058335
1629,-0.0,0.0002528903125380566,0.049911691230058335
1630,-0.0,0.0001655363043937541,0.049911691230058335
1631,-0.0,0.00013032768468690392,0.049911691230058335
1632,-0.0,0.00021379298118251455,0.049911691230058335
1633,-0.0,4.0193895666007506e-05,0.049911691230058335
1634,-0.0,0.030915401387236585,0.049911691230058335
1635,-0.0,9.759324352387466e-05,0.049911691230058335
1636,-0.0,3.0269137994309858e-05,0.049911691230058335
1637,-0.0,1.7752696173545246e-05,0.049911691230058335
1638,-0.0,0.015465917864531775,0.049911691230058335
1639,-0.0,0.014477775194499998,0.049911691230058335
1640,-0.0,0.0005296040872373453,0.049911691230058335
1641,-0.0,0.0002649097046685256,0.049911691230058335
1642,-0.0,9.880362475733762e-05,0.049911691230058335
1643,-0.0,9.67682336252551e-05,0.049911691230058335
1644,-0.0,7.525814692854738e-05,0.049911691230058335
1645,-0.0,0.015745295926018477,0.049911691230058335
1646,-0.0,6.794246725411873e-05,0.049911691230058335
1647,-0.0,0.015211139146993347,0.049911691230058335
1648,-0.0,0.0002189432740635766,0.049911691230058335
1649,-0.0,5.99675211816475e-05,0.049911691230058335
1650,-0.0,5.782337106552404e-05,0.049911691230058335
1651,-0.0,1.4488354612041121e-05,0.049911691230058335
1652,-0.0,0.01551339713563843,0.049911691230058335
1653,-0.0,0.0001602475507489487,0.049911691230058335
1654,-0.0,0.00010144429329272953,0.049911691230058335
1655,-0.0,0.014774170011683845,0.049911691230058335
1656,-0.0,0.00021768659546239633,0.049911691230058335
1657,-0.0,0.00013958594895280285,0.049911691230058335
1658,-0.0,6.467868010459621e-05,0.049911691230058335
1659,-0.0,5.162002403169552e-05,0.049911691230058335
1660,-0.0,3.366970418028359e-05,0.049911691230058335
1661,-0.0,1.6212875076249134e-05,0.049911691230058335
1662,-0.0,1.2151045160280205e-05,0.049911691230058335
1663,-0.0,0.015211468211233342,0.049911691230058335
1664,-0.0,0.00015661922242315995,0.049911691230058335
1665,-0.0,2.539174614568651e-05,0.049911691230058335
1666,-0.0,1.182738615946536e-05,0.049911691230058335
1667,-0.0,5.612705406665697e-06,0.049911691230058335
1668,-0.0,0.015409209624591025,0.049911691230058335
1669,-0.0,0.00019011359592724375,0.049911691230058335
1670,-0.0,2.3623673992385734e-05,0.049911691230058335
1671,-0.0,1.2346764004078636e-05,0.049911691230058335
1672,-0.0,8.537308028522261e-06,0.049911691230058335
1673,-0.0,9.39070063754599e-06,0.049911691230058335
1674,-0.0,0.015104076577153513,0.049911691230058335
1675,-0.0,0.00016056042962020456,0.049911691230058335
1676,-0.0,0.014692755734493801,0.049911691230058335
1677,-0.0,0.015325693395122464,0.049911691230058335
1678,-0.0,0.0001209794119461094,0.049911691230058335
1679,-0.0,0.014939277918090355,0.049911691230058335
1680,-0.0,0.00018162356894890763,0.049911691230058335
1681,-0.0,0.015577834362360932,0.049911691230058335
1682,-0.0,9.806560767344763e-05,0.049911691230058335
1683,-0.0,5.650953727709407e-05,0.049911691230058335
1684,-0.0,0.01503230848042765,0.049911691230058335
1685,-0.0,0.014563141407048175,0.049911691230058335
1686,-0.0,0.01558326433061552,0.049911691230058335
1687,-0.0,4.582673338404675e-05,0.049911691230058335
1688,-0.0,4.271626190366362e-05,0.049911691230058335
1689,-0.0,2.990016167725429e-05,0.049911691230058335
1690,-0.0,3.1551001405301544e-05,0.049911691230058335
1691,-0.0,3.748129227854058e-05,0.049911691230058335
1692,-0.0,0.015690648902740634,0.049911691230058335
1693,-0.0,0.0001040552295812347,0.049911691230058335
1694,-0.0,4.1531124972155053e-05,0.049911691230058335
1695,-0.0,2.4866121114186512e-05,0.049911691230058335
1696,-0.0,2.151257369220616e-05,0.049911691230058335
1697,-0.0,0.015040731500810312,0.049911691230058335
1698,-0.0,9.994443076433157e-05,0.049911691230058335
1699,-0.0,5.060509841504912e-05,0.049911691230058335
1700,-0.0,1.4817311658532617e-05,0.049911691230058335
1701,-0.0,8.650703546386751e-06,0.049911691230058335
1702,-0.0,1.6388010266155106e-05,0.049911691230058335
1703,-0.0,1.396771736494884e-05,0.049911691230058335
1704,-0.0,1.2605047968072824e-05,0.049911691230058335
1705,-0.0,8.72408900974564e-06,0.049911691230058335
1706,-0.0,1.0771639939489985e-05,0.049911691230058335
1707,-0.0,8.144070669170028e-06,0.049911691230058335
1708,-0.0,8.697068547058873e-06,0.049911691230058335
1709,-0.0,0.015561071642977709,0.049911691230058335
1710,-0.0,0.030368983438009423,0.049911691230058335
1711,-0.0,0.0001940978179106878,0.049911691230058335
1712,-0.0,8.094890273468991e-05,0.049911691230058335
1713,-0.0,0.03063402316649899,0.049911691230058335
1714,-1.0,0.03003793575598479,0.049911691230058335
1715,-0.0,0.00015748306163487769,0.049911691230058335
1716,-0.0,7.878690146891076e-05,0.049911691230058335
1717,-0.0,6.444080823131415e-05,0.049911691230058335
1718,-0.0,0.015499917833864174,0.049911691230058335
1719,-0.0,0.00015311556830965856,0.049911691230058335
1720,-0.0,0.030386985061056748,0.049911691230058335
1721,-0.0,0.0006194840188413764,0.049911691230058335
1722,-0.0,0.04536827225982387,0.049911691230058335
1723,-0.0,0.015693825063699318,0.049911691230058335
1724,-0.0,0.03068227354285824,0.049911691230058335
1725,-0.0,0.00021263446274133457,0.049911691230058335
1726,-0.0,0.00017474507058068411,0.049911691230058335
1727,-0.0,0.00010772125790481368,0.049911691230058335
1728,-0.0,6.776652190865207e-05,0.049911691230058335
1729,-0.0,5.846037888090905e-05,0.049911691230058335
1730,-0.0,0.015322607255299658,0.049911691230058335
1731,-0.0,0.00020064424472820974,0.049911691230058335
1732,-0.0,0.014738884489702286,0.049911691230058335
1733,-0.0,0.00044516224409107963,0.049911691230058335
1734,-0.0,0.00027856650280000395,0.049911691230058335
1735,-0.0,0.00013160251512545074,0.049911691230058335
1736,-0.0,7.35459107090719e-05,0.049911691230058335
1737,-0.0,5.899987920088279e-05,0.049911691230058335
1738,-0.0,0.015338445219470032,0.049911691230058335
1739,-0.0,0.0002354820397556523,0.049911691230058335
1740,-0.0,0.015101825696916649,0.049911691230058335
1741,-0.0,0.00030718751497715857,0.049911691230058335
1742,-0.0,0.00018764224708434085,0.049911691230058335
1743,-0.0,0.00012201703697201083,0.049911691230058335
1744,-0.0,0.015450197978196911,0.049911691230058335
1745,-0.0,0.029757826964782907,0.049911691230058335
1746,-0.0,0.015548455147836648,0.049911691230058335
1747,-0.0,8.811577700384987e-05,0.049911691230058335
1748,-0.0,0.00012035174951563476,0.049911691230058335
1749,-0.0,0.015350996071290979,0.049911691230058335
1750,-0.0,0.00023424339508437697,0.049911691230058335
1751,-0.0,0.0002105500593074794,0.049911691230058335
1752,-0.0,0.015190541655783818,0.049911691230058335
1753,-0.0,0.015290608694812136,0.049911691230058335
1754,-0.0,0.00011904610490987011,0.049911691230058335
1755,-0.0,0.00016898931193054523,0.049911691230058335
1756,-0.0,9.037840854375645e-05,0.049911691230058335
1757,-0.0,0.015245531746255564,0.049911691230058335
1758,-0.0,0.0002185514395023347,0.049911691230058335
1759,-0.0,0.00010660823323860313,0.049911691230058335
1760,-0.0,5.7310196819315706e-05,0.049911691230058335
1761,-0.0,5.37610143993561e-05,0.049911691230058335
1762,-0.0,4.371136968026046e-05,0.049911691230058335
1763,-0.0,4.910683168854457e-05,0.049911691230058335
1764,-0.0,4.229480024253718e-05,0.049911691230058335
1765,-0.0,4.8061906687379974e-05,0.049911691230058335
1766,-0.0,3.247481755330739e-05,0.049911691230058335
1767,-0.0,3.5806434642182694e-05,0.049911691230058335
1768,-0.0,2.64639822358248e-05,0.049911691230058335
1769,-0.0,0.015024325562897265,0.049911691230058335
1770,-0.0,0.015571788682549936,0.049911691230058335
1771,-0.0,0.014971003481372591,0.049911691230058335
1772,-0.0,0.015390501557959624,0.049911691230058335
1773,-0.0,3.3794307693568726e-05,0.049911691230058335
1774,-0.0,3.6103992124947304e-05,0.049911691230058335
1775,-0.0,0.015738091592098158,0.049911691230058335
1776,-0.0,0.014982349297119057,0.049911691230058335
1777,-0.0,0.015112199512113733,0.049911691230058335
1778,-0.0,0.00045326953908642054,0.049911691230058335
1779,-0.0,0.01339341169838093,0.049911691230058335
1780,-0.0,0.01574736684946032,0.049911691230058335
1781,-0.0,0.015628936052365816,0.049911691230058335
1782,-0.0,0.029880255387752186,0.049911691230058335
1783,-0.0,5.6235301700902074e-05,0.049911691230058335
1784,-0.0,5.847916793300101e-05,0.049911691230058335
1785,-0.0,6.319643932783947e-05,0.049911691230058335
1786,-0.0,0.01526874655897359,0.049911691230058335
1787,-0.0,0.014770551887522743,0.049911691230058335
1788,-0.0,0.01475605529128643,0.049911691230058335
1789,-0.0,0.00046668274808325805,0.049911691230058335
1790,-0.0,0.028959825761376123,0.049911691230058335
1791,-0.0,0.000656377681025333,0.049911691230058335
1792,-0.0,0.015589073970772915,0.049911691230058335
1793,-0.0,0.029001819135800133,0.049911691230058335
1794,-0.0,0.00011561502162393822,0.049911691230058335
1795,-0.0,6.840772124405703e-05,0.049911691230058335
1796,-0.0,7.223627130770183e-05,0.049911691230058335
1797,-0.0,0.030592786113686543,0.049911691230058335
1798,-0.0,0.00043956385695764766,0.049911691230058335
1799,-0.0,0.014781657302251006,0.049911691230058335
1800,-0.0,0.00033047908357275446,0.049911691230058335
1801,-0.0,0.030034088645805923,0.049911691230058335
1802,-0.0,0.014206110646455272,0.049911691230058335
1803,-0.0,0.030502880600124627,0.049911691230058335
1804,-0.0,0.00011455142475824687,0.049911691230058335
1805,-0.0,0.015082239421190025,0.049911691230058335
1806,-0.0,0.015001489396354373,0.049911691230058335
1807,-0.0,0.015151285533420378,0.049911691230058335
1808,-0.0,0.00012329558252588413,0.049911691230058335
1809,-0.0,0.00010213670861958235,0.049911691230058335
1810,-0.0,0.030050857345486293,0.049911691230058335
1811,-0.0,0.04321994983956756,0.049911691230058335
1812,-0.0,0.0005173507211111428,0.049911691230058335
1813,-0.0,0.00040182753110684644,0.049911691230058335
1814,-0.0,0.015260916301940597,0.049911691230058335
1815,-0.0,0.014497282114348309,0.049911691230058335
1816,-0.0,0.0003186729293247481,0.049911691230058335
1817,-0.0,0.00032240322320831183,0.049911691230058335
1818,-0.0,0.015195285946219883,0.049911691230058335
1819,-0.0,0.014932023967503483,0.049911691230058335
1820,-0.0,0.00019880800277860544,0.049911691230058335
1821,-0.0,0.00024779254394680095,0.049911691230058335
1822,-0.0,0.000155910365492673,0.049911691230058335
1823,-0.0,0.00019519388615663047,0.049911691230058335
1824,-0.0,0.00011628065301261259,0.049911691230058335
1825,-0.0,0.015214512068496333,0.049911691230058335
1826,-0.0,0.00011804782116087154,0.049911691230058335
1827,-0.0,0.014893390050474409,0.049911691230058335
1828,-0.0,0.00026213839373667724,0.049911691230058335
1829,-0.0,0.00015331993427025736,0.049911691230058335
1830,-0.0,0.014969591295614038,0.049911691230058335
1831,-0.0,0.00021929705875045613,0.049911691230058335
1832,-0.0,0.00022278440576428693,0.049911691230058335
1833,-0.0,0.015166504357239319,0.049911691230058335
1834,-0.0,6.205714760199044e-05,0.049911691230058335
1835,-0.0,5.7672861988322666e-05,0.049911691230058335
1836,-0.0,5.524554842395446e-05,0.049911691230058335
1837,-0.0,5.3629065064342285e-05,0.049911691230058335
1838,-0.0,5.895324625271314e-05,0.049911691230058335
1839,-0.0,5.988650951849195e-05,0.049911691230058335
1840,-0.0,0.015096231204779542,0.049911691230058335
1841,-0.0,0.00014023710991750704,0.049911691230058335
1842,-0.0,0.030432982602121683,0.049911691230058335
1843,-0.0,0.015040291528976013,0.049911691230058335
1844,-0.0,0.00027246917045431474,0.049911691230058335
1845,-0.0,0.015096232807309207,0.049911691230058335
1846,-0.0,0.014850566024847467,0.049911691230058335
1847,-0.0,0.014765409894666348,0.049911691230058335
1848,-0.0,0.029851625559103923,0.049911691230058335
1849,-0.0,0.02896272445491377,0.049911691230058335
1850,-0.0,0.000900718766160935,0.049911691230058335
1851,-0.0,0.0005534191503357988,0.049911691230058335
1852,-0.0,0.0003696760838920454,0.049911691230058335
1853,-0.0,0.00018767378753636876,0.049911691230058335
1854,-0.0,0.0149064145970641,0.049911691230058335
1855,-0.0,0.01461971150899899,0.049911691230058335
1856,-0.0,0.00044003520406477037,0.049911691230058335
1857,-0.0,0.015061552800887057,0.049911691230058335
1858,-0.0,0.015054539893753827,0.049911691230058335
1859,-0.0,0.00013041249724210502,0.049911691230058335
1860,-0.0,8.559018306186772e-05,0.049911691230058335
1861,-0.0,6.062069609669152e-05,0.049911691230058335
1862,-0.0,5.6784503215112636e-05,0.049911691230058335
1863,-0.0,5.68180046229827e-05,0.049911691230058335
1864,-0.0,5.9058531412858883e-05,0.049911691230058335
1865,-0.0,5.5256656423807726e-05,0.049911691230058335
1866,-0.0,5.7314835345323445e-05,0.049911691230058335
1867,-0.0,5.750520014657923e-05,0.049911691230058335
1868,-0.0,0.02984659612326368,0.049911691230058335
1869,-0.0,0.00011613184534553511,0.049911691230058335
1870,-0.0,0.01549472056297585,0.049911691230058335
1871,-0.0,0.014923857285837314,0.049911691230058335
1872,-0.0,0.014743958711704863,0.049911691230058335
1873,-0.0,0.0003765882723314462,0.049911691230058335
1874,-0.0,0.04460035770330251,0.049911691230058335
1875,-0.0,0.0002960423516924493,0.049911691230058335
1876,-0.0,0.00012366611372272018,0.049911691230058335
1877,-0.0,0.0001224556625487594,0.049911691230058335
1878,-0.0,0.00012919504349340888,0.049911691230058335
1879,-0.0,0.015746305624861456,0.049911691230058335
1880,-0.0,0.00011423913817898423,0.049911691230058335
1881,-0.0,0.0147534586850612,0.049911691230058335
1882,-0.0,0.000418050411446505,0.049911691230058335
1883,-0.0,0.014572037941234316,0.049911691230058335
1884,-0.0,0.00022522528334493867,0.049911691230058335
1885,-0.0,0.000204506610844285,0.049911691230058335
1886,-0.0,5.105571015451282e-05,0.049911691230058335
1887,-0.0,4.383484859094011e-06,0.049911691230058335
1888,-0.0,1.9703128785290847e-07,0.049911691230058335
1889,-0.0,0.015329864669106335,0.049911691230058335
1890,-0.0,0.00025992734354651423,0.049911691230058335
1891,-0.0,1.9222414339918878e-05,0.049911691230058335
1892,-0.0,0.01578935160152327,0.049911691230058335
1893,-0.0,0.015215157336800844,0.049911691230058335
1894,-0.0,0.02944142379581116,0.049911691230058335
1895,-0.0,0.0009095682408792882,0.049911691230058335
1896,-0.0,0.00036675334554980843,0.049911691230058335
1897,-0.0,0.030902825223581676,0.049911691230058335
1898,-0.0,9.43754045579226e-06,0.049911691230058335
1899,-0.0,1.0707234423534828e-05,0.049911691230058335
1900,-0.0,0.015444442527183355,0.049911691230058335
1901,-0.0,0.00016876507484653303,0.049911691230058335
1902,-0.0,7.335028184485282e-05,0.049911691230058335
1903,-0.0,0.015424650460445832,0.049911691230058335
1904,-0.0,0.015226330225587503,0.049911691230058335
1905,-0.0,0.015326481040190743,0.049911691230058335
1906,-0.0,0.015575126186661237,0.049911691230058335
1907,-0.0,4.3954316510053104e-05,0.049911691230058335
1908,-0.0,3.4563379436747255e-05,0.049911691230058335
1909,-1.0,2.4831971444427836e-05,0.049911691230058335
1910,-0.0,1.300695748795988e-05,0.049911691230058335
1911,-0.0,0.015313611120632231,0.049911691230058335
1912,-0.0,0.015146207188308836,0.049911691230058335
1913,-0.0,0.00019321429164165238,0.049911691230058335
1914,-0.0,0.00013553571798752273,0.049911691230058335
1915,-0.0,4.253946309518142e-05,0.049911691230058335
1916,-0.0,0.015254474370820503,0.049911691230058335
1917,-0.0,0.00022764541004960392,0.049911691230058335
1918,-0.0,0.00013172441376241295,0.049911691230058335
1919,-0.0,0.01532670975392536,0.049911691230058335
1920,-0.0,0.0001759500448486051,0.049911691230058335
1921,-0.0,0.00019792014170150196,0.049911691230058335
1922,-0.0,6.54037757844006e-05,0.049911691230058335
1923,-0.0,1.8140917305231596e-05,0.049911691230058335
1924,-0.0,1.1847861834723972e-05,0.049911691230058335
1925,-0.0,0.014987955944164355,0.049911691230058335
1926,-0.0,0.014785391996511521,0.049911691230058335
1927,-0.0,0.00035052137121027727,0.049911691230058335
1928,-0.0,0.00015800713360647478,0.049911691230058335
1929,-0.0,6.573777456253538e-05,0.049911691230058335
1930,-0.0,1.669227595257894e-05,0.049911691230058335
1931,-0.0,0.03025240550901387,0.049911691230058335
1932,-0.0,3.879797071704161e-05,0.049911691230058335
1933,-0.0,2.621351003995187e-05,0.049911691230058335
1934,-0.0,2.230381518586455e-05,0.049911691230058335
1935,-0.0,1.390060278083638e-05,0.049911691230058335
1936,-0.0,1.134529195212508e-05,0.049911691230058335
1937,-0.0,1.2805164786300338e-05,0.049911691230058335
1938,-0.0,0.015347619676319368,0.049911691230058335
1939,-0.0,0.00024468909330721544,0.049911691230058335
1940,-0.0,0.00013222639233845257,0.049911691230058335
1941,-0.0,5.986368630317429e-05,0.049911691230058335
1942,-0.0,1.0559372057628025e-05,0.049911691230058335
1943,-0.0,0.015484225928936723,0.049911691230058335
1944,-0.0,0.00014832504723472084,0.049911691230058335
1945,-0.0,3.461292266138116e-05,0.049911691230058335
1946,-0.0,0.015467118872159347,0.049911691230058335
1947,-0.0,0.00017177797105460968,0.049911691230058335
1948,-0.0,6.926346123492522e-05,0.049911691230058335
1949,-0.0,0.015030068835557131,0.049911691230058335
1950,-0.0,0.00019565053754888595,0.049911691230058335
1951,-0.0,0.000126902861730116,0.049911691230058335
1952,-0.0,3.461975936502881e-05,0.049911691230058335
1953,-0.0,0.015471685022880877,0.049911691230058335
1954,-0.0,0.00010066759961802063,0.049911691230058335
1955,-0.0,1.7379149710450292e-05,0.049911691230058335
1956,-0.0,7.4197843247247874e-06,0.049911691230058335
1957,-0.0,2.395797331189442e-06,0.049911691230058335
1958,-0.0,2.553674974592468e-06,0.049911691230058335
1959,-0.0,2.0690803950174086e-06,0.049911691230058335
1960,-0.0,2.0471568964453013e-06,0.049911691230058335
1961,-0.0,0.01525526637488639,0.049911691230058335
1962,-0.0,0.00021936306193026667,0.049911691230058335
1963,-0.0,6.182491607997775e-05,0.049911691230058335
1964,-0.0,2.692303617912728e-05,0.049911691230058335
1965,-0.0,9.66111172395756e-06,0.049911691230058335
1966,-0.0,0.015083696424747828,0.049911691230058335
1967,-0.0,0.00023923826632099576,0.049911691230058335
1968,-0.0,0.015617170843928108,0.049911691230058335
1969,-0.0,4.179000147530587e-05,0.049911691230058335
1970,-0.0,1.2808921475482293e-05,0.049911691230058335
1971,-0.0,3.9193778632040654e-06,0.049911691230058335
1972,-0.0,3.67712010929111e-06,0.049911691230058335
1973,-0.0,4.438424518582451e-06,0.049911691230058335
1974,-0.0,3.5959935900109485e-06,0.049911691230058335
1975,-0.0,4.135168371277587e-06,0.049911691230058335
1976,-0.0,3.8651853380144985e-06,0.049911691230058335
1977,-0.0,3.028594051102118e-06,0.049911691230058335
1978,-0.0,2.6006148878821023e-06,0.049911691230058335
1979,-0.0,2.1484086545342507e-06,0.049911691230058335
1980,-0.0,0.015468037448043148,0.049911691230058335
1981,-0.0,0.014970553572915435,0.049911691230058335
1982,-0.0,0.0004983354569958465,0.049911691230058335
1983,-0.0,0.030284991001821027,0.049911691230058335
1984,-0.0,0.015031132584766738,0.049911691230058335
1985,-0.0,0.00015528760997085556,0.049911691230058335
1986,-0.0,0.00018628574784429475,0.049911691230058335
1987,-0.0,0.014654123663405016,0.049911691230058335
1988,-0.0,0.00040598796050517194,0.049911691230058335
1989,-0.0,0.014495676902853916,0.049911691230058335
1990,-0.0,0.014285877661251334,0.049911691230058335
1991,-0.0,0.0007728916860543222,0.049911691230058335
1992,-0.0,0.0003510758240281575,0.049911691230058335
1993,-0.0,0.00011994764474110298,0.049911691230058335
1994,-0.0,7.259290782002381e-05,0.049911691230058335
1995,-0.0,4.222574796841627e-05,0.049911691230058335
1996,-0.0,2.6610054380427073e-05,0.049911691230058335
1997,-0.0,2.033753359853563e-05,0.049911691230058335
1998,-0.0,1.331573677276765e-05,0.049911691230058335
1999,-0.0,4.514875556083098e-06,0.049911691230058335
2000,-0.0,4.069089987623897e-06,0.049911691230058335
2001,-0.0,5.403925953828548e-06,0.049911691230058335
2002,-0.0,7.79500916081588e-06,0.049911691230058335
2003,-0.0,1.96657215312257e-06,0.049911691230058335
2004,-0.0,3.0878123773447896e-06,0.049911691230058335
2005,-0.0,1.2048254187657648e-06,0.049911691230058335
2006,-0.0,0.015350238261986782,0.049911691230058335
2007,-0.0,0.0002584316031164491,0.049911691230058335
2008,-0.0,0.01516137683680796,0.049911691230058335
2009,-0.0,0.0003021349044836086,0.049911691230058335
2010,-0.0,7.634561881530999e-05,0.049911691230058335
2011,-0.0,7.931821394357996e-06,0.049911691230058335
2012,-0.0,1.1901159173710596e-06,0.049911691230058335
2013,-0.0,3.0525777594547776e-07,0.049911691230058335
2014,-0.0,0.015479901398153029,0.049911691230058335
2015,-0.0,0.00020368900094602793,0.049911691230058335
2016,-0.0,9.418553747853053e-05,0.049911691230058335
2017,-0.0,0.015248516486856989,0.049911691230058335
2018,-0.0,0.015520768236846116,0.049911691230058335
2019,-0.0,1.6078291714904935e-05,0.049911691230058335
2020,-0.0,9.63723726954413e-06,0.049911691230058335
2021,-0.0,0.015301812877503096,0.049911691230058335
2022,-0.0,0.0001896456808054836,0.049911691230058335
2023,-0.0,2.2453988165693772e-05,0.049911691230058335
2024,-0.0,0.015132217350490862,0.049911691230058335
2025,-0.0,0.00014911339244605415,0.049911691230058335
2026,-0.0,2.869390576876185e-05,0.049911691230058335
2027,-0.0,6.182987334568679e-06,0.049911691230058335
2028,-0.0,3.2025168863469844e-06,0.049911691230058335
2029,-0.0,2.586816901128941e-06,0.049911691230058335
2030,-0.0,0.030777585117373718,0.049911691230058335
2031,-0.0,2.3040187755896113e-05,0.049911691230058335
2032,-0.0,1.2011835593739306e-05,0.049911691230058335
2033,-0.0,0.030170910369349713,0.049911691230058335
2034,-0.0,0.01566555867738373,0.049911691230058335
2035,-0.0,0.00019036320111354144,0.049911691230058335
2036,-0.0,9.275492629257087e-05,0.049911691230058335
2037,-0.0,0.015229724039642178,0.049911691230058335
2038,-0.0,9.108712526995077e-05,0.049911691230058335
2039,-0.0,7.057737462901059e-05,0.049911691230058335
2040,-0.0,1.896160404157854e-05,0.049911691230058335
2041,-0.0,1.867804209609858e-05,0.049911691230058335
2042,-0.0,0.01533105719681771,0.049911691230058335
2043,-0.0,0.00022427588612572436,0.049911691230058335
2044,-0.0,0.00010918306579910109,0.049911691230058335
2045,-0.0,0.000240293091600563,0.049911691230058335
2046,-0.0,0.00010927828223117331,0.049911691230058335
2047,-0.0,0.014493366422581033,0.049911691230058335
2048,-0.0,0.0003564929304432918,0.049911691230058335
2049,-0.0,0.0008129484727313632,0.049911691230058335
2050,-0.0,0.03065650555413546,0.049911691230058335
2051,-0.0,0.00039674048154614283,0.049911691230058335
2052,-0.0,0.000167369063184708,0.049911691230058335
2053,-0.0,0.00011770386265119726,0.049911691230058335
2054,-0.0,0.015128765941703648,0.049911691230058335
2055,-0.0,0.015316854180699835,0.049911691230058335
2056,-0.0,4.169809758991505e-05,0.049911691230058335
2057,-0.0,7.959772622001537e-05,0.049911691230058335
2058,-0.0,0.014710221179196736,0.049911691230058335
2059,-0.0,0.015385090022533632,0.049911691230058335
2060,-0.0,0.0001840050962158557,0.049911691230058335
2061,-0.0,5.3715621078254117e-05,0.049911691230058335
2062,-0.0,2.7557506797393216e-05,0.049911691230058335
2063,-0.0,3.480686961232493e-05,0.049911691230058335
2064,-0.0,0.014767596234496416,0.049911691230058335
2065,-0.0,0.00010153024658166032,0.049911691230058335
2066,-0.0,9.180504238770482e-05,0.049911691230058335
2067,-0.0,0.015961798211947098,0.049911691230058335
2068,-0.0,0.03011337382271408,0.049911691230058335
2069,-0.0,0.015090961749838039,0.049911691230058335
2070,-0.0,0.01451542142802964,0.049911691230058335
2071,-0.0,0.0009279705105882385,0.049911691230058335
2072,-0.0,0.00041277672784190145,0.049911691230058335
2073,-0.0,0.029865898375021516,0.049911691230058335
2074,-0.0,0.00021945122580291354,0.049911691230058335
2075,-0.0,0.015317678639448218,0.049911691230058335
2076,-0.0,0.00011481221578790723,0.049911691230058335
2077,-0.0,4.850573571957284e-05,0.049911691230058335
2078,-0.0,3.0171028186032345e-05,0.049911691230058335
2079,-0.0,3.171004385649212e-05,0.049911691230058335
2080,-0.0,0.015344364630720975,0.049911691230058335
2081,-0.0,0.00021671611301599114,0.049911691230058335
2082,-0.0,0.00022321910951461632,0.049911691230058335
2083,-0.0,8.358604210911835e-05,0.049911691230058335
2084,-0.0,0.015236122051831558,0.049911691230058335
2085,-0.0,0.015092893736152746,0.049911691230058335
2086,-0.0,0.00012576321324786477,0.049911691230058335
2087,-0.0,0.014942858185612806,0.049911691230058335
2088,-0.0,0.00015974463713064324,0.049911691230058335
2089,-0.0,0.00032036682875968836,0.049911691230058335
2090,-0.0,0.00018796907735918467,0.049911691230058335
2091,-0.0,9.931487497283342e-05,0.049911691230058335
2092,-0.0,5.722232999971766e-05,0.049911691230058335
2093,-0.0,0.015163126730371346,0.049911691230058335
2094,-0.0,0.00024630573975059633,0.049911691230058335
2095,-0.0,0.000164032425615801,0.049911691230058335
2096,-0.0,0.0001446914252909437,0.049911691230058335
2097,-0.0,7.854625327041731e-05,0.049911691230058335
2098,-0.0,0.014839590445156148,0.049911691230058335
2099,-0.0,0.0003022064946236469,0.049911691230058335
2100,-0.0,0.030473538201285066,0.049911691230058335
2101,-0.0,0.01487756758327663,0.049911691230058335
2102,-0.0,0.01497310653715056,0.049911691230058335
2103,-0.0,0.01492992184047548,0.049911691230058335
2104,-0.0,0.015271619451468155,0.049911691230058335
2105,-0.0,0.0006095598914761524,0.049911691230058335
2106,-0.0,0.00014868726463035387,0.049911691230058335
2107,-0.0,0.015299291132283344,0.049911691230058335
2108,-0.0,0.00016305250317572018,0.049911691230058335
2109,-0.0,5.658514431505779e-05,0.049911691230058335
2110,-0.0,2.8639637572158705e-05,0.049911691230058335
2111,-0.0,7.573201272093044e-06,0.049911691230058335
2112,-0.0,7.19734563525698e-06,0.049911691230058335
2113,-0.0,7.354149118121711e-06,0.049911691230058335
2114,-0.0,0.01558589513335562,0.049911691230058335
2115,-0.0,6.735604561924902e-05,0.049911691230058335
2116,-1.0,8.71968913429555e-05,0.049911691230058335
2117,-0.0,3.89388744750363e-05,0.049911691230058335
2118,-0.0,2.81356768994101e-05,0.049911691230058335
2119,-0.0,1.850517860191303e-05,0.049911691230058335
2120,-0.0,0.015229138695517008,0.049911691230058335
2121,-0.0,0.014979133895181462,0.049911691230058335
2122,-0.0,0.00022660151108766513,0.049911691230058335
2123,-0.0,8.518440613158873e-05,0.049911691230058335
2124,-0.0,3.0905424260652126e-05,0.049911691230058335
2125,-0.0,1.47555814251632e-05,0.049911691230058335
2126,-0.0,2.0241119432995447e-05,0.049911691230058335
2127,-0.0,1.3646969154734734e-05,0.049911691230058335
2128,-0.0,1.9512903564056217e-05,0.049911691230058335
2129,-0.0,0.015446193910371164,0.049911691230058335
2130,-0.0,0.015176206693330307,0.049911691230058335
2131,-0.0,0.00028065135572014933,0.049911691230058335
2132,-0.0,6.531865671988157e-05,0.049911691230058335
2133,-0.0,2.1345994028365567e-05,0.049911691230058335
2134,-0.0,7.251525424578631e-06,0.049911691230058335
2135,-0.0,0.01512970951545567,0.049911691230058335
2136,-0.0,0.00012295884223334497,0.049911691230058335
2137,-0.0,2.9194775031271547e-05,0.049911691230058335
2138,-0.0,0.015404279979100877,0.049911691230058335
2139,-0.0,0.00016875868062271593,0.049911691230058335
2140,-0.0,0.016026667445924403,0.049911691230058335
2141,-0.0,3.89667698659224e-05,0.049911691230058335
2142,-0.0,0.015317830117996287,0.049911691230058335
2143,-0.0,0.00014998237250996027,0.049911691230058335
2144,-0.0,7.334105758039985e-05,0.049911691230058335
2145,-0.0,0.015319609017471536,0.049911691230058335
2146,-0.0,0.030838416419854298,0.049911691230058335
2147,-0.0,0.015089759988939022,0.049911691230058335
2148,-0.0,0.00035296441350851637,0.049911691230058335
2149,-0.0,0.015177301852986602,0.049911691230058335
2150,-0.0,0.0003022695044023749,0.049911691230058335
2151,-0.0,0.015338376325587433,0.049911691230058335
2152,-0.0,9.591419136256718e-05,0.049911691230058335
2153,-0.0,3.546956088484876e-05,0.049911691230058335
2154,-0.0,2.297124041206189e-05,0.049911691230058335
2155,-0.0,2.057456873671981e-05,0.049911691230058335
2156,-0.0,2.0460322161852673e-05,0.049911691230058335
2157,-0.0,0.045452711823344316,0.049911691230058335
2158,-0.0,5.8872265697118564e-05,0.049911691230058335
2159,-0.0,3.5729980368159886e-05,0.049911691230058335
2160,-0.0,3.5093951952447355e-05,0.049911691230058335
2161,-0.0,2.6353219766406255e-05,0.049911691230058335
2162,-0.0,0.01548164832860266,0.049911691230058335
2163,-0.0,0.00011908412596994822,0.049911691230058335
2164,-0.0,0.015391069455461093,0.049911691230058335
2165,-0.0,0.00021941083883803003,0.049911691230058335
2166,-0.0,0.00011324358985120853,0.049911691230058335
2167,-0.0,6.226333073300339e-05,0.049911691230058335
2168,-0.0,2.930041429749508e-05,0.049911691230058335
2169,-0.0,2.0971551180082315e-05,0.049911691230058335
2170,-0.0,1.4759693243604488e-05,0.049911691230058335
2171,-0.0,1.313368795763381e-05,0.049911691230058335
2172,-0.0,0.015438565535845328,0.049911691230058335
2173,-0.0,0.00022819215209324284,0.049911691230058335
2174,-0.0,7.733637440310304e-05,0.049911691230058335
2175,-0.0,0.015192030721819627,0.049911691230058335
2176,-0.0,0.00017978437932697489,0.049911691230058335
2177,-0.0,6.714145614239442e-05,0.049911691230058335
2178,-0.0,0.015361240106315677,0.049911691230058335
2179,-0.0,0.00014506812756565068,0.049911691230058335
2180,-0.0,4.7541154131636176e-05,0.049911691230058335
2181,-0.0,0.015205659737958399,0.049911691230058335
2182,-0.0,0.0002735851508077758,0.049911691230058335
2183,-0.0,0.01565668137055809,0.049911691230058335
2184,-0.0,4.9841105855819023e-05,0.049911691230058335
2185,-0.0,0.00019366919556418338,0.049911691230058335
2186,-0.0,0.01520366095316561,0.049911691230058335
2187,-0.0,0.014073676381455513,0.049911691230058335
2188,-0.0,0.013930420124547774,0.049911691230058335
2189,-0.0,0.0025969588419349167,0.049911691230058335
2190,-0.0,0.0010374178346310714,0.049911691230058335
2191,-0.0,0.0016119688681044408,0.049911691230058335
2192,-0.0,0.017637286891115878,0.049911691230058335
2193,-0.0,3.965665344196623e-05,0.049911691230058335
2194,-0.0,5.116567157870122e-05,0.049911691230058335
2195,-0.0,4.932771759280641e-05,0.049911691230058335
2196,-0.0,2.5047051646742702e-05,0.049911691230058335
2197,-0.0,2.723536077597899e-05,0.049911691230058335
2198,-0.0,2.069665315040936e-05,0.049911691230058335
2199,-0.0,1.928666317674299e-05,0.049911691230058335
2200,-0.0,0.01578693518908303,0.049911691230058335
2201,-0.0,0.015417540056747114,0.049911691230058335
2202,-0.0,0.015187191225924934,0.049911691230058335
2203,-0.0,0.0004460195519717658,0.049911691230058335
2204,-0.0,0.015073702201979344,0.049911691230058335
2205,-0.0,0.00024251420706100646,0.049911691230058335
2206,-0.0,7.791127693224098e-05,0.049911691230058335
2207,-0.0,1.3359676442448176e-05,0.049911691230058335
2208,-0.0,1.3749687104436248e-06,0.049911691230058335
2209,-0.0,6.01293607530029e-07,0.049911691230058335
2210,-0.0,0.015468632272000515,0.049911691230058335
2211,-0.0,0.00015447228049136896,0.049911691230058335
2212,-0.0,5.725558534042108e-05,0.049911691230058335
2213,-0.0,1.4866234214316876e-05,0.049911691230058335
2214,-0.0,7.804707683689571e-06,0.049911691230058335
2215,-0.0,0.015333378207608384,0.049911691230058335
2216,-0.0,0.0001615050264416329,0.049911691230058335
2217,-0.0,7.158974918897165e-05,0.049911691230058335
2218,-0.0,2.8562759419203942e-05,0.049911691230058335
2219,-0.0,1.6592924786618113e-05,0.049911691230058335
2220,-0.0,1.334691417564926e-05,0.049911691230058335
2221,-0.0,2.3476887807127866e-06,0.049911691230058335
2222,-0.0,5.891173451288978e-07,0.049911691230058335
2223,-0.0,2.1360385105140267e-07,0.049911691230058335
2224,-0.0,9.038871512086297e-08,0.049911691230058335
2225,-0.0,1.0156942281680514e-07,0.049911691230058335
2226,-0.0,8.775643478564632e-08,0.049911691230058335
2227,-0.0,5.8169701611099356e-08,0.049911691230058335
2228,-0.0,0.015628771320536923,0.049911691230058335
2229,-0.0,0.0001404109811761205,0.049911691230058335
2230,-0.0,0.015685773379578064,0.049911691230058335
2231,-0.0,0.015042787266441149,0.049911691230058335
2232,-0.0,0.0004618423036399921,0.049911691230058335
2233,-0.0,0.015097219122957473,0.049911691230058335
2234,-0.0,4.304939568200439e-05,0.049911691230058335
2235,-0.0,1.891563199407642e-05,0.049911691230058335
2236,-0.0,0.015466048242029018,0.049911691230058335
2237,-0.0,0.015149708558702457,0.049911691230058335
2238,-0.0,0.0004785029758629378,0.049911691230058335
2239,-0.0,8.570146637154608e-05,0.049911691230058335
2240,-0.0,0.014969251477698009,0.049911691230058335
2241,-0.0,0.00020624599543239697,0.049911691230058335
2242,-0.0,4.677406757380709e-05,0.049911691230058335
2243,-0.0,7.233018976648964e-06,0.049911691230058335
2244,-0.0,1.483636959065393e-06,0.049911691230058335
2245,-0.0,7.987895065397765e-07,0.049911691230058335
2246,-0.0,6.767908606875039e-07,0.049911691230058335
2247,-0.0,1.4413407223301533e-06,0.049911691230058335
2248,-0.0,7.517005586876735e-07,0.049911691230058335
2249,-0.0,6.862149914965698e-07,0.049911691230058335
2250,-0.0,6.901058924313475e-07,0.049911691230058335
2251,-0.0,3.7362390279405133e-06,0.049911691230058335
2252,-0.0,0.014971119309334036,0.049911691230058335
2253,-0.0,0.0001824501912306431,0.049911691230058335
2254,-0.0,0.00010055115624307831,0.049911691230058335
2255,-0.0,4.473755694345272e-06,0.049911691230058335
2256,-0.0,4.972586205020946e-07,0.049911691230058335
2257,-0.0,0.015579909469961795,0.049911691230058335
2258,-0.0,0.00019507352116931997,0.049911691230058335
2259,-0.0,0.015437944605466658,0.049911691230058335
2260,-0.0,0.015630389178358683,0.049911691230058335
2261,-0.0,0.015546075953061234,0.049911691230058335
2262,-0.0,0.015429572007462866,0.049911691230058335
2263,-0.0,9.190994001073705e-05,0.049911691230058335
2264,-0.0,4.0958424676773575e-05,0.049911691230058335
2265,-0.0,2.4535616574894448e-05,0.049911691230058335
2266,-0.0,2.1853992720366477e-05,0.049911691230058335
2267,-0.0,1.1773904645906441e-05,0.049911691230058335
2268,-0.0,1.1558798547639526e-05,0.049911691230058335
2269,-0.0,1.1548260783478259e-05,0.049911691230058335
2270,-0.0,9.0120421134543e-06,0.049911691230058335
2271,-0.0,9.22304428740972e-06,0.049911691230058335
2272,-0.0,0.0155262140998218,0.049911691230058335
2273,-0.0,0.01564397756909841,0.049911691230058335
2274,-0.0,9.059828019530869e-05,0.049911691230058335
2275,-0.0,3.900813668167302e-05,0.049911691230058335
2276,-0.0,3.160901695764551e-05,0.049911691230058335
2277,-0.0,0.01557239519615905,0.049911691230058335
2278,-0.0,0.00013912731661491762,0.049911691230058335
2279,-0.0,4.403128899355124e-05,0.049911691230058335
2280,-0.0,9.898997646473617e-06,0.049911691230058335
2281,-1.0,5.200565425411696e-06,0.049911691230058335
2282,-0.0,5.1812680510465725e-06,0.049911691230058335
2283,-0.0,4.715995515880422e-06,0.049911691230058335
2284,-0.0,4.674206202537334e-06,0.049911691230058335
2285,-0.0,4.968344107680878e-06,0.049911691230058335
2286,-0.0,3.487991918404987e-06,0.049911691230058335
2287,-0.0,3.0725258071129247e-06,0.049911691230058335
2288,-0.0,2.425151176765894e-06,0.049911691230058335
2289,-0.0,2.8039031398918723e-06,0.049911691230058335
2290,-0.0,0.014986151417325289,0.049911691230058335
2291,-0.0,0.00024293995741686558,0.049911691230058335
2292,-0.0,7.526485024911267e-05,0.049911691230058335
2293,-0.0,6.60071809122087e-06,0.049911691230058335
2294,-0.0,2.1386998199091067e-06,0.049911691230058335
2295,-0.0,0.015466210599026198,0.049911691230058335
2296,-0.0,0.00020259711736514419,0.049911691230058335
2297,-0.0,4.650508340908743e-05,0.049911691230058335
2298,-0.0,1.13394442049497e-05,0.049911691230058335
2299,-0.0,1.7662356395220513e-06,0.049911691230058335
2300,-0.0,5.21478490611571e-07,0.049911691230058335
2301,-0.0,0.015550459393279148,0.049911691230058335
2302,-0.0,0.00020975692950919722,0.049911691230058335
2303,-0.0,7.807658833858255e-05,0.049911691230058335
2304,-0.0,2.223296280590148e-05,0.049911691230058335
2305,-0.0,1.8979051401579738e-06,0.049911691230058335
2306,-0.0,5.477679738685737e-07,0.049911691230058335
2307,-0.0,2.1592839960504762e-07,0.049911691230058335
2308,-0.0,1.3455535219364378e-07,0.049911691230058335
2309,-0.0,1.1821300383019206e-07,0.049911691230058335
2310,-0.0,0.015301674828937628,0.049911691230058335
2311,-0.0,0.015391539720907232,0.049911691230058335
2312,-0.0,0.0002565736697546228,0.049911691230058335
2313,-0.0,5.193086064170238e-05,0.049911691230058335
2314,-0.0,0.01567597992116876,0.049911691230058335
2315,-0.0,0.0002741488925153135,0.049911691230058335
2316,-0.0,3.85066983477067e-05,0.049911691230058335
2317,-1.0,9.14646895333604e-06,0.049911691230058335
2318,-0.0,2.800013058745776e-06,0.049911691230058335
2319,-0.0,1.6696864784115917e-06,0.049911691230058335
2320,-0.0,4.0372138865318874e-07,0.049911691230058335
2321,-0.0,7.14324176476211e-08,0.049911691230058335
2322,-0.0,0.015543298852658038,0.049911691230058335
2323,-0.0,0.00017661125663570587,0.049911691230058335
2324,-0.0,0.00011293081963170692,0.049911691230058335
2325,-0.0,1.0238640149207168e-05,0.049911691230058335
2326,-0.0,2.9644181052668195e-06,0.049911691230058335
2327,-0.0,2.3126880169255237e-07,0.049911691230058335
2328,-0.0,3.794140926438594e-08,0.049911691230058335
2329,-0.0,9.82879019839622e-09,0.049911691230058335
2330,-0.0,7.725442910389013e-09,0.049911691230058335
2331,-0.0,0.015563390280361591,0.049911691230058335
2332,-0.0,0.00018625343433187336,0.049911691230058335
2333,-0.0,0.00019944228835955258,0.049911691230058335
2334,-0.0,3.184943565603948e-05,0.049911691230058335
2335,-0.0,0.01553778323846925,0.049911691230058335
2336,-0.0,0.014987255290311197,0.049911691230058335
2337,-0.0,0.015817980719311286,0.049911691230058335
2338,-0.0,1.2441802198281948e-05,0.049911691230058335
2339,-0.0,8.563725032217917e-06,0.049911691230058335
2340,-0.0,1.0153034629922786e-05,0.049911691230058335
2341,-0.0,9.424778312450144e-06,0.049911691230058335
2342,-0.0,0.030333843275407446,0.049911691230058335
2343,-0.0,0.0006321181840576173,0.049911691230058335
2344,-0.0,0.0004115769104302558,0.049911691230058335
2345,-0.0,0.0001071421391074523,0.049911691230058335
2346,-0.0,8.32421662373406e-05,0.049911691230058335
2347,-0.0,2.7697914063651297e-05,0.049911691230058335
2348,-0.0,0.01553982264216991,0.049911691230058335
2349,-0.0,0.015229395931669387,0.049911691230058335
2350,-0.0,0.015746025799050045,0.049911691230058335
2351,-0.0,3.6353855222159837e-05,0.049911691230058335
2352,-0.0,0.015379081578871023,0.049911691230058335
2353,-0.0,0.014866915468140007,0.049911691230058335
2354,-0.0,0.01482494482830532,0.049911691230058335
2355,-0.0,0.0006017777345315167,0.049911691230058335
2356,-0.0,0.0002690331295127635,0.049911691230058335
2357,-0.0,0.00020897941531272668,0.049911691230058335
2358,-0.0,8.967293559436484e-05,0.049911691230058335
2359,-0.0,5.170870997162069e-05,0.049911691230058335
2360,-0.0,1.9505076938486354e-05,0.049911691230058335
2361,-0.0,0.015533838953670553,0.049911691230058335
2362,-0.0,0.0001562288074268281,0.049911691230058335
2363,-0.0,3.3168552079132496e-05,0.049911691230058335
2364,-0.0,3.680393682259364e-06,0.049911691230058335
2365,-0.0,2.2583927581365515e-06,0.049911691230058335
2366,-0.0,3.2631809467886796e-06,0.049911691230058335
2367,-0.0,3.3910238990131347e-06,0.049911691230058335
2368,-0.0,3.881897765012354e-06,0.049911691230058335
2369,-0.0,0.03054338640228238,0.049911691230058335
2370,-0.0,0.0007141200250657675,0.049911691230058335
2371,-0.0,0.0002182009657474282,0.049911691230058335
2372,-0.0,0.015429557363045632,0.049911691230058335
2373,-0.0,0.00011259494672799519,0.049911691230058335
2374,-0.0,5.145361968672546e-05,0.049911691230058335
2375,-0.0,0.015569371209753768,0.049911691230058335
2376,-0.0,0.015177890773472313,0.049911691230058335
2377,-0.0,0.00036102781263025463,0.049911691230058335
2378,-0.0,7.855494487074566e-05,0.049911691230058335
2379,-0.0,1.2474232420345288e-05,0.049911691230058335
2380,-0.0,4.069569271791806e-06,0.049911691230058335
2381,-0.0,1.923785653445975e-06,0.049911691230058335
2382,-0.0,1.97820775227342e-06,0.049911691230058335
2383,-0.0,0.015394936756532474,0.049911691230058335
2384,-0.0,0.015146301907197568,0.049911691230058335
2385,-0.0,0.00045117158527219203,0.049911691230058335
2386,-0.0,0.00011860591635937112,0.049911691230058335
2387,-0.0,0.030867818114884926,0.049911691230058335
2388,-0.0,0.01540674428773059,0.049911691230058335
2389,-0.0,9.127748793957835e-05,0.049911691230058335
2390,-0.0,0.015483462004567627,0.049911691230058335
2391,-0.0,0.00012042473773021811,0.049911691230058335
2392,-0.0,6.707519119686367e-05,0.049911691230058335
2393,-0.0,7.649245654306469e-05,0.049911691230058335
2394,-0.0,1.938852838634375e-05,0.049911691230058335
2395,-0.0,2.032689742037519e-05,0.049911691230058335
2396,-0.0,0.015341450653167499,0.049911691230058335
2397,-0.0,0.015452648153399196,0.049911691230058335
2398,-0.0,0.015487204919338637,0.049911691230058335
2399,-0.0,0.000148674942550997,0.049911691230058335
2400,-0.0,7.140755653090025e-05,0.049911691230058335
2401,-0.0,0.01534958805802944,0.049911691230058335
2402,-0.0,0.00021136838947199976,0.049911691230058335
2403,-0.0,0.00021962124232288716,0.049911691230058335
2404,-0.0,9.677576288424916e-05,0.049911691230058335
2405,-0.0,7.538414133456683e-05,0.049911691230058335
2406,-0.0,5.761283720984167e-05,0.049911691230058335
2407,-0.0,0.015132590188273065,0.049911691230058335
2408,-0.0,0.00024453845738170443,0.049911691230058335
2409,-0.0,4.255724538778136e-05,0.049911691230058335
2410,-0.0,6.150702053897561e-06,0.049911691230058335
2411,-0.0,1.3408758101629559e-06,0.049911691230058335
2412,-0.0,2.793789411101278e-08,0.049911691230058335
2413,-0.0,0.015664322524334848,0.049911691230058335
2414,-0.0,0.014937657105244528,0.049911691230058335
2415,-0.0,0.00032020387123654626,0.049911691230058335
2416,-0.0,0.03117620509914775,0.049911691230058335
2417,-0.0,2.0118367714871965e-05,0.049911691230058335
2418,-0.0,1.3995965289836931e-05,0.049911691230058335
2419,-0.0,9.588015274175632e-06,0.049911691230058335
2420,-0.0,5.633187129205908e-06,0.049911691230058335
2421,-0.0,3.7767884393247186e-06,0.049911691230058335
2422,-0.0,3.92716239616675e-06,0.049911691230058335
2423,-0.0,2.7280234395909986e-06,0.049911691230058335
2424,-0.0,2.2778049313387783e-06,0.049911691230058335
2425,-0.0,0.030217821009905776,0.049911691230058335
2426,-0.0,0.0006408692572463792,0.049911691230058335
2427,-0.0,0.00030060698936029695,0.049911691230058335
2428,-0.0,5.2452496564825424e-05,0.049911691230058335
2429,-0.0,1.9229120365338304e-05,0.049911691230058335
2430,-0.0,6.654484160151242e-06,0.049911691230058335
2431,-0.0,4.186084010981972e-06,0.049911691230058335
2432,-0.0,2.085230175197239e-06,0.049911691230058335
2433,-0.0,0.015558883170861293,0.049911691230058335
2434,-0.0,0.015120020189634431,0.049911691230058335
2435,-0.0,0.000335814380374444,0.049911691230058335
2436,-0.0,0.015263680697296778,0.049911691230058335
2437,-0.0,0.015481640883173498,0.049911691230058335
2438,-0.0,0.030539469021420018,0.049911691230058335
2439,-0.0,2.2401569083285722e-05,0.049911691230058335
2440,-0.0,2.1144070444734098e-05,0.049911691230058335
2441,-0.0,1.6212470761445275e-05,0.049911691230058335
2442,-0.0,0.015220166189644502,0.049911691230058335
2443,-0.0,0.00015824226940708286,0.049911691230058335
2444,-0.0,0.015477197562006495,0.049911691230058335
2445,-0.0,0.0001028031560394993,0.049911691230058335
2446,-0.0,3.285258429741589e-05,0.049911691230058335
2447,-0.0,0.015278992375669986,0.049911691230058335
2448,-0.0,0.00015275162576244838,0.049911691230058335
2449,-0.0,4.143898638631072e-05,0.049911691230058335
2450,-0.0,0.029677780495745765,0.049911691230058335
2451,-0.0,0.01564213496928346,0.049911691230058335
2452,-0.0,4.147008428390109e-05,0.049911691230058335
2453,-0.0,3.460192931470374e-05,0.049911691230058335
2454,-0.0,2.7062145306899765e-05,0.049911691230058335
2455,-0.0,2.5620112239721493e-05,0.049911691230058335
2456,-0.0,3.221124040919676e-05,0.049911691230058335
2457,-0.0,1.987497273603367e-05,0.049911691230058335
2458,-0.0,0.015561082758637212,0.049911691230058335
2459,-0.0,0.0001195557665312208,0.049911691230058335
2460,-0.0,6.357353029784463e-05,0.049911691230058335
2461,-0.0,0.01541682127913191,0.049911691230058335
2462,-0.0,0.014136473066173494,0.049911691230058335
2463,-0.0,0.015200037235956643,0.049911691230058335
2464,-0.0,0.0006272177836592618,0.049911691230058335
2465,-0.0,0.00016433275868621422,0.049911691230058335
2466,-0.0,0.015205883550748922,0.049911691230058335
2467,-0.0,0.00015287082806025865,0.049911691230058335
2468,-0.0,4.978168493607882e-05,0.049911691230058335
2469,-0.0,1.9494140843789864e-05,0.049911691230058335
2470,-0.0,1.2774999675002618e-05,0.049911691230058335
2471,-0.0,8.041698464467117e-06,0.049911691230058335
2472,-0.0,6.565602177488472e-06,0.049911691230058335
2473,-0.0,6.014863814129967e-06,0.049911691230058335
2474,-0.0,1.2892197148062223e-05,0.049911691230058335
2475,-0.0,5.2784078974355e-06,0.049911691230058335
2476,-0.0,5.434185609942688e-06,0.049911691230058335
2477,-0.0,0.030205482090408964,0.049911691230058335
2478,-0.0,0.014965534069631303,0.049911691230058335
2479,-0.0,0.0005916255492621758,0.049911691230058335
2480,-0.0,0.028927686075455483,0.049911691230058335
2481,-0.0,0.014842062335858941,0.049911691230058335
2482,-0.0,0.0011862556843524885,0.049911691230058335
2483,-0.0,0.0005345805411494098,0.049911691230058335
2484,-0.0,0.014979852687396544,0.049911691230058335
2485,-0.0,0.00022990973865688602,0.049911691230058335
2486,-0.0,8.797170172769597e-05,0.049911691230058335
2487,-0.0,3.242587235341432e-05,0.049911691230058335
2488,-0.0,1.2487045138342978e-05,0.049911691230058335
2489,-0.0,4.267339489771871e-06,0.049911691230058335
2490,-0.0,0.030787573501859455,0.049911691230058335
2491,-0.0,7.210252873335321e-05,0.049911691230058335
2492,-0.0,0.030580278054401333,0.049911691230058335
2493,-0.0,0.0003164841773752869,0.049911691230058335
2494,-0.0,0.00018846433322039502,0.049911691230058335
2495,-0.0,7.518284191121438e-05,0.049911691230058335
2496,-0.0,3.459146829243309e-05,0.049911691230058335
2497,-0.0,0.015439810669178655,0.049911691230058335
2498,-0.0,0.0002096780170859347,0.049911691230058335
2499,-0.0,8.122644614871888e-05,0.049911691230058335
2500,-1.0,2.2518558481010587e-05,0.049911691230058335
2501,-0.0,8.003556239088994e-06,0.049911691230058335
2502,-0.0,5.101920187655651e-06,0.049911691230058335
2503,-0.0,3.1340273523028372e-06,0.049911691230058335
2504,-0.0,2.7421544572803214e-06,0.049911691230058335
2505,-0.0,0.015452136168761399,0.049911691230058335
2506,-0.0,0.00014881926649934485,0.049911691230058335
2507,-0.0,9.21885988844906e-05,0.049911691230058335
2508,-0.0,1.8160853521465015e-05,0.049911691230058335
2509,-0.0,0.015327501938649846,0.049911691230058335
2510,-0.0,0.00017133952801984265,0.049911691230058335
2511,-0.0,9.508734865626423e-05,0.049911691230058335
2512,-0.0,2.6840028576557984e-05,0.049911691230058335
2513,-0.0,5.063686556283642e-06,0.049911691230058335
2514,-0.0,2.068000972244022e-06,0.049911691230058335
2515,-1.0,1.842538931207116e-06,0.049911691230058335
2516,-0.0,1.008776986388682e-06,0.049911691230058335
2517,-0.0,1.2859134521647775e-06,0.049911691230058335
2518,-0.0,6.221489829982829e-07,0.049911691230058335
2519,-0.0,9.455114171608159e-07,0.049911691230058335
2520,-0.0,7.243437263326769e-07,0.049911691230058335
2521,-0.0,0.015634872449521442,0.049911691230058335
2522,-0.0,0.015206227198095945,0.049911691230058335
2523,-0.0,0.0003149812229814586,0.049911691230058335
2524,-0.0,0.0001475747414909634,0.049911691230058335
2525,-0.0,5.3905453543112714e-05,0.049911691230058335
2526,-0.0,0.014832719687380758,0.049911691230058335
2527,-0.0,0.00014268576644882458,0.049911691230058335
2528,-0.0,8.206484398720626e-05,0.049911691230058335
2529,-0.0,4.745358119462306e-05,0.049911691230058335
2530,-0.0,7.601694619482902e-06,0.049911691230058335
2531,-0.0,0.01578202698906745,0.049911691230058335
2532,-0.0,0.00023925710315686466,0.049911691230058335
2533,-0.0,4.351089519460949e-05,0.049911691230058335
2534,-0.0,2.9082023297322124e-06,0.049911691230058335
2535,-0.0,7.731405176625294e-07,0.049911691230058335
2536,-0.0,9.812999414438028e-07,0.049911691230058335
2537,-0.0,6.355638063060276e-08,0.049911691230058335
2538,-0.0,2.561099907150144e-08,0.049911691230058335
2539,-0.0,0.030671943770790994,0.049911691230058335
2540,-0.0,6.52854808222969e-05,0.049911691230058335
2541,-0.0,0.015295713628361796,0.049911691230058335
2542,-0.0,0.014563250078708734,0.049911691230058335
2543,-0.0,0.015289882803074306,0.049911691230058335
2544,-0.0,0.0007134417926053516,0.049911691230058335
2545,-0.0,0.030897562573443338,0.049911691230058335
2546,-0.0,0.015506625384972494,0.049911691230058335
2547,-0.0,2.659049602016239e-05,0.049911691230058335
2548,-0.0,3.24329851650873e-05,0.049911691230058335
2549,-0.0,2.3441602195362066e-05,0.049911691230058335
2550,-0.0,2.5243067938163222e-05,0.049911691230058335
2551,-0.0,1.580845740534187e-05,0.049911691230058335
2552,-0.0,1.526315571709347e-05,0.049911691230058335
2553,-0.0,1.354364425054655e-05,0.049911691230058335
2554,-0.0,0.015299865418938907,0.049911691230058335
2555,-0.0,0.015093001106919246,0.049911691230058335
2556,-0.0,0.015698991761597725,0.049911691230058335
2557,-0.0,0.015454956400503761,0.049911691230058335
2558,-0.0,0.0157607872891381,0.049911691230058335
2559,-0.0,8.62219858959179e-05,0.049911691230058335
2560,-0.0,0.000105983959713285,0.049911691230058335
2561,-0.0,6.441380230626237e-05,0.049911691230058335
2562,-0.0,8.806328983723688e-05,0.049911691230058335
2563,-0.0,9.784745645902149e-05,0.049911691230058335
2564,-0.0,9.382353987419378e-05,0.049911691230058335
2565,-0.0,7.775267147325238e-05,0.049911691230058335
2566,-0.0,0.02945099932139783,0.049911691230058335
2567,-0.0,9.838509854631639e-05,0.049911691230058335
2568,-0.0,9.46951170419652e-05,0.049911691230058335
2569,-0.0,0.015926289400553628,0.049911691230058335
2570,-0.0,9.102379432590624e-05,0.049911691230058335
2571,-0.0,4.9621093893392754e-05,0.049911691230058335
2572,-0.0,0.015484167983601083,0.049911691230058335
2573,-0.0,0.00022716519335119756,0.049911691230058335
2574,-0.0,0.00015005212475216467,0.049911691230058335
2575,-0.0,7.555337061670997e-05,0.049911691230058335
2576,-0.0,0.015303337820883556,0.049911691230058335
2577,-0.0,0.0003182854486567521,0.049911691230058335
2578,-0.0,0.000150894532467305,0.049911691230058335
2579,-0.0,0.015881327188935757,0.049911691230058335
2580,-0.0,0.015362153748185392,0.049911691230058335
2581,-0.0,0.03105349043501704,0.049911691230058335
2582,-0.0,0.00018457683609085507,0.049911691230058335
2583,-0.0,0.01516304214368347,0.049911691230058335
2584,-0.0,0.015883188677662474,0.049911691230058335
2585,-0.0,6.0341792062601485e-05,0.049911691230058335
2586,-0.0,0.015436052222218666,0.049911691230058335
2587,-0.0,0.00023512243284562473,0.049911691230058335
2588,-0.0,0.04577891688264535,0.049911691230058335
2589,-0.0,0.0006022232636269109,0.049911691230058335
2590,-0.0,0.0004593686188627544,0.049911691230058335
2591,-0.0,0.00019104922290580362,0.049911691230058335
2592,-0.0,8.688822725844147e-05,0.049911691230058335
2593,-0.0,6.140031132417789e-05,0.049911691230058335
2594,-0.0,4.76149804171655e-05,0.049911691230058335
2595,-0.0,3.91004161954811e-05,0.049911691230058335
2596,-0.0,0.015471700394044774,0.049911691230058335
2597,-0.0,0.00023721628912198867,0.049911691230058335
2598,-0.0,0.015665747579248546,0.049911691230058335
2599,-0.0,0.00013540292634317552,0.049911691230058335
2600,-0.0,0.015168488775003652,0.049911691230058335
2601,-0.0,0.0004321355101236657,0.049911691230058335
2602,-0.0,0.0006723785462785514,0.049911691230058335
2603,-0.0,0.0007783735991600382,0.049911691230058335
2604,-0.0,0.012301437891654143,0.049911691230058335
2605,-0.0,0.00019083443714729142,0.049911691230058335
2606,-0.0,0.0006404394972343314,0.049911691230058335
2607,-0.0,0.029638509431625604,0.049911691230058335
2608,-0.0,0.0002389094502319722,0.049911691230058335
2609,-0.0,0.03200989883221794,0.049911691230058335
2610,-0.0,0.00019901189554616394,0.049911691230058335
2611,-0.0,0.00024915370083533617,0.049911691230058335
2612,-0.0,0.00027908842031365566,0.049911691230058335
2613,-0.0,0.00011346947951551556,0.049911691230058335
2614,-0.0,0.00015677770791455714,0.049911691230058335
2615,-0.0,9.076192069201738e-05,0.049911691230058335
2616,-0.0,0.00011089968205979517,0.049911691230058335
2617,-0.0,9.856317659640013e-05,0.049911691230058335
2618,-0.0,0.0001389528927995265,0.049911691230058335
2619,-0.0,6.458382798268936e-05,0.049911691230058335
2620,-0.0,0.014566904034005304,0.049911691230058335
2621,-0.0,0.014943929291845848,0.049911691230058335
2622,-0.0,7.873696677052067e-05,0.049911691230058335
2623,-0.0,0.016094793192472423,0.049911691230058335
2624,-0.0,0.0001482201557934104,0.049911691230058335
2625,-0.0,8.296546544528383e-05,0.049911691230058335
2626,-0.0,6.516436021541949e-05,0.049911691230058335
2627,-0.0,0.01566915043207473,0.049911691230058335
2628,-0.0,0.00022797044043443293,0.049911691230058335
2629,-0.0,7.106848149796008e-05,0.049911691230058335
2630,-0.0,2.1579301552776542e-05,0.049911691230058335
2631,-0.0,2.2034736084641793e-05,0.049911691230058335
2632,-0.0,0.014961728064949664,0.049911691230058335
2633,-0.0,0.015624722458021267,0.049911691230058335
2634,-0.0,0.01619482383891757,0.049911691230058335
2635,-0.0,2.931654559290564e-05,0.049911691230058335
2636,-0.0,2.78529739290434e-05,0.049911691230058335
2637,-0.0,3.0740189238542825e-05,0.049911691230058335
2638,-0.0,0.014962422650565799,0.049911691230058335
2639,-0.0,0.0002458439063843798,0.049911691230058335
2640,-0.0,8.666441282656479e-05,0.049911691230058335
2641,-0.0,3.951836662530184e-05,0.049911691230058335
2642,-0.0,2.7160629040956508e-05,0.049911691230058335
2643,-0.0,1.4940763296777959e-05,0.049911691230058335
2644,-0.0,1.9928646009859108e-05,0.049911691230058335
2645,-0.0,2.4575245022862013e-05,0.049911691230058335
2646,-0.0,0.015890762849024964,0.049911691230058335
2647,-0.0,0.0002672026403131451,0.049911691230058335
2648,-0.0,0.015806597006287504,0.049911691230058335
2649,-0.0,3.258638182157547e-05,0.049911691230058335
2650,-0.0,7.842074068342697e-06,0.049911691230058335
2651,-0.0,6.124045212718698e-06,0.049911691230058335
2652,-0.0,5.3819159631096625e-06,0.049911691230058335
2653,-0.0,9.584364609960261e-06,0.049911691230058335
2654,-0.0,4.687152503901615e-06,0.049911691230058335
2655,-0.0,6.205283514276738e-06,0.049911691230058335
2656,-0.0,5.567914786341888e-06,0.049911691230058335
2657,-0.0,3.198045121166615e-06,0.049911691230058335
2658,-0.0,1.7253659905236418e-06,0.049911691230058335
2659,-0.0,1.3802529934547891e-06,0.049911691230058335
2660,-0.0,2.5813819023723372e-06,0.049911691230058335
2661,-0.0,0.015698038427622796,0.049911691230058335
2662,-0.0,0.00017487359196088903,0.049911691230058335
2663,-0.0,0.00010702920457283938,0.049911691230058335
2664,-0.0,2.2474114959702973e-05,0.049911691230058335
2665,-0.0,0.014672558152068582,0.049911691230058335
2666,-0.0,0.01538641332458468,0.049911691230058335
2667,-0.0,4.038845078380149e-05,0.049911691230058335
2668,-0.0,3.775875700995357e-05,0.049911691230058335
2669,-0.0,9.721806655704768e-06,0.049911691230058335
2670,-0.0,0.014662863154050854,0.049911691230058335
2671,-0.0,0.00018932651513026144,0.049911691230058335
2672,-0.0,0.0001478986258405257,0.049911691230058335
2673,-0.0,3.874599495645725e-05,0.049911691230058335
2674,-0.0,1.1105666491317834e-05,0.049911691230058335
2675,-0.0,3.6658714135384685e-06,0.049911691230058335
2676,-0.0,1.1334490982228829e-05,0.049911691230058335
2677,-0.0,8.60363001997655e-06,0.049911691230058335
2678,-0.0,1.80409691941108e-06,0.049911691230058335
2679,-0.0,1.8864629378612108e-06,0.049911691230058335
2680,-0.0,1.3568432704058608e-06,0.049911691230058335
2681,-0.0,6.864884585011666e-06,0.049911691230058335
2682,-0.0,1.4097366111132104e-06,0.049911691230058335
2683,-0.0,7.748407988561468e-07,0.049911691230058335
2684,-0.0,1.3781080651642519e-06,0.049911691230058335
2685,-0.0,0.015259055922129283,0.049911691230058335
2686,-0.0,5.716641429209801e-05,0.049911691230058335
2687,-0.0,3.941128977391628e-05,0.049911691230058335
2688,-0.0,1.031390806538468e-05,0.049911691230058335
2689,-0.0,0.015480859823412074,0.049911691230058335
2690,-0.0,0.00018666925209576135,0.049911691230058335
2691,-0.0,8.857548672480675e-05,0.049911691230058335
2692,-0.0,1.2669595249148458e-05,0.049911691230058335
2693,-0.0,5.543094163784623e-06,0.049911691230058335
2694,-0.0,2.574047403058888e-06,0.049911691230058335
2695,-0.0,1.0468355523263195e-06,0.049911691230058335
2696,-0.0,8.01279140955069e-07,0.049911691230058335
2697,-0.0,1.9953538172405583e-06,0.049911691230058335
2698,-0.0,0.031143331599893687,0.049911691230058335
2699,-0.0,0.014652678902278504,0.049911691230058335
2700,-0.0,0.01586821758710444,0.049911691230058335
2701,-0.0,2.8344564938720396e-05,0.049911691230058335
2702,-0.0,1.6454308017443964e-05,0.049911691230058335
2703,-0.0,1.970313483212749e-05,0.049911691230058335
2704,-0.0,9.215902469605908e-06,0.049911691230058335
2705,-0.0,7.958322054690825e-06,0.049911691230058335
2706,-0.0,1.4796157724816794e-05,0.049911691230058335
2707,-0.0,1.3458867704763122e-05,0.049911691230058335
2708,-0.0,8.244935278511889e-06,0.049911691230058335
2709,-0.0,4.335468066329895e-06,0.049911691230058335
2710,-0.0,1.2114197662782544e-05,0.049911691230058335
2711,-0.0,3.4579203020967952e-06,0.049911691230058335
2712,-0.0,0.015062872788605297,0.049911691230058335
2713,-0.0,0.00023768546559388426,0.049911691230058335
2714,-0.0,0.00013876976452653622,0.049911691230058335
2715,-0.0,3.344994924159295e-05,0.049911691230058335
2716,-0.0,0.015379696796701925,0.049911691230058335
2717,-0.0,0.014593968797250945,0.049911691230058335
2718,-0.0,0.0006007579917843842,0.049911691230058335
2719,-0.0,0.000169969201130913,0.049911691230058335
2720,-0.0,4.985668212483321e-05,0.049911691230058335
2721,-0.0,7.993824170826613e-06,0.049911691230058335
2722,-0.0,0.015081042781509013,0.049911691230058335
2723,-0.0,0.000176947929893978,0.049911691230058335
2724,-0.0,6.719875316529844e-05,0.049911691230058335
2725,-0.0,1.313970897953709e-05,0.049911691230058335
2726,-0.0,7.72386622660548e-06,0.049911691230058335
2727,-0.0,4.380096929074151e-06,0.049911691230058335
2728,-0.0,0.015581021768071995,0.049911691230058335
2729,-0.0,0.00011286964193585325,0.049911691230058335
2730,-0.0,3.3847759885019535e-05,0.049911691230058335
2731,-0.0,3.935895586454439e-06,0.049911691230058335
2732,-0.0,3.5045005488676395e-06,0.049911691230058335
2733,-1.0,4.463167951218594e-06,0.049911691230058335
2734,-0.0,0.01531110177362496,0.049911691230058335
2735,-0.0,0.00022444873578392926,0.049911691230058335
2736,-0.0,8.819980890735664e-05,0.049911691230058335
2737,-0.0,1.9575596027054942e-05,0.049911691230058335
2738,-0.0,7.637886123290638e-06,0.049911691230058335
2739,-0.0,4.09170177517737e-06,0.049911691230058335
2740,-0.0,3.213836492488298e-06,0.049911691230058335
2741,-0.0,8.403501339682151e-06,0.049911691230058335
2742,-0.0,2.2441448841448164e-06,0.049911691230058335
2743,-0.0,1.8940003680967266e-06,0.049911691230058335
2744,-0.0,0.01518753258506278,0.049911691230058335
2745,-0.0,0.00018407353449756414,0.049911691230058335
2746,-0.0,0.015095933242632142,0.049911691230058335
2747,-0.0,0.015398726569613351,0.049911691230058335
2748,-0.0,6.730993804615615e-05,0.049911691230058335
2749,-0.0,4.0196560370020507e-05,0.049911691230058335
2750,-0.0,1.105268924561642e-05,0.049911691230058335
2751,-0.0,8.356793101071958e-06,0.049911691230058335
2752,-0.0,8.871020262368745e-06,0.049911691230058335
2753,-0.0,5.599985526405504e-06,0.049911691230058335
2754,-0.0,3.1185918474285756e-06,0.049911691230058335
2755,-0.0,3.162937147971334e-06,0.049911691230058335
2756,-0.0,0.01527252752555186,0.049911691230058335
2757,-0.0,0.00023814913113082148,0.049911691230058335
2758,-0.0,5.0316093959789504e-05,0.049911691230058335
2759,-0.0,1.4548722531149139e-05,0.049911691230058335
2760,-0.0,5.554429137077932e-06,0.049911691230058335
2761,-0.0,0.030522512798050377,0.049911691230058335
2762,-0.0,1.9556933892772577e-05,0.049911691230058335
2763,-0.0,0.015495998323781679,0.049911691230058335
2764,-0.0,0.0001961750729817524,0.049911691230058335
2765,-0.0,0.00010337990885389559,0.049911691230058335
2766,-0.0,4.136617686256727e-05,0.049911691230058335
2767,-0.0,1.378920703887232e-05,0.049911691230058335
2768,-0.0,0.015156407718653026,0.049911691230058335
2769,-0.0,0.015430485618921352,0.049911691230058335
2770,-0.0,0.0004346677314686076,0.049911691230058335
2771,-0.0,0.00011414174619517325,0.049911691230058335
2772,-0.0,2.7334275552348686e-05,0.049911691230058335
2773,-0.0,1.4961023839354937e-05,0.049911691230058335
2774,-0.0,1.1771892532763673e-05,0.049911691230058335
2775,-0.0,0.015278824137757052,0.049911691230058335
2776,-0.0,0.0150539300402599,0.049911691230058335
2777,-0.0,0.0005708706022025112,0.049911691230058335
2778,-0.0,0.00022199553629453916,0.049911691230058335
2779,-0.0,5.57840659212161e-05,0.049911691230058335
2780,-0.0,0.015766311023648782,0.049911691230058335
2781,-0.0,0.00016331558750154462,0.049911691230058335
2782,-0.0,7.086875865631396e-05,0.049911691230058335
2783,-0.0,3.312585006298718e-05,0.049911691230058335
2784,-0.0,4.196163317815582e-06,0.049911691230058335
2785,-0.0,3.6041478228554524e-06,0.049911691230058335
2786,-0.0,0.015155318643120697,0.049911691230058335
2787,-0.0,0.00010416107939192898,0.049911691230058335
2788,-0.0,7.590590498990357e-05,0.049911691230058335
2789,-0.0,0.015605245642230647,0.049911691230058335
2790,-0.0,0.00024109442394593117,0.049911691230058335
2791,-0.0,8.064936971230452e-05,0.049911691230058335
2792,-0.0,2.9221781620236698e-05,0.049911691230058335
2793,-0.0,8.785229840935216e-06,0.049911691230058335
2794,-0.0,7.562424279683455e-06,0.049911691230058335
2795,-0.0,5.039348987878611e-06,0.049911691230058335
2796,-0.0,5.9312419899981705e-06,0.049911691230058335
2797,-0.0,3.7105379604440714e-06,0.049911691230058335
2798,-0.0,3.6998195653836774e-06,0.049911691230058335
2799,-0.0,0.015406245090264913,0.049911691230058335
2800,-0.0,0.02961312263635217,0.049911691230058335
2801,-0.0,0.015469687205895921,0.049911691230058335
2802,-0.0,0.01616187391753776,0.049911691230058335
2803,-0.0,1.4570171053662762e-05,0.049911691230058335
2804,-0.0,1.2923057014280204e-05,0.049911691230058335
2805,-0.0,0.030165928889823945,0.049911691230058335
2806,-0.0,0.0005212686093614138,0.049911691230058335
2807,-0.0,0.014997027164728394,0.049911691230058335
2808,-0.0,0.029504327942284192,0.049911691230058335
2809,-0.0,0.0009188452636550437,0.049911691230058335
2810,-0.0,0.014998610351668162,0.049911691230058335
2811,-0.0,0.0006008830966450773,0.049911691230058335
2812,-0.0,0.0004202795969652229,0.049911691230058335
2813,-0.0,0.01556519053734462,0.049911691230058335
2814,-0.0,0.00014320306414106199,0.049911691230058335
2815,-0.0,0.029953047021088253,0.049911691230058335
2816,-0.0,0.01571370368044711,0.049911691230058335
2817,-0.0,0.00029866879651763156,0.049911691230058335
2818,-0.0,9.141328651196545e-05,0.049911691230058335
2819,-0.0,0.015431684323338857,0.049911691230058335
2820,-0.0,0.00011884002598172572,0.049911691230058335
2821,-0.0,0.015597968326652278,0.049911691230058335
2822,-0.0,0.00013577338037151776,0.049911691230058335
2823,-0.0,4.8083225774320226e-05,0.049911691230058335
2824,-0.0,0.030744740847051588,0.049911691230058335
2825,-0.0,9.752680029606609e-05,0.049911691230058335
2826,-0.0,5.416572892613658e-05,0.049911691230058335
2827,-0.0,0.015526598363209798,0.049911691230058335
2828,-0.0,0.0001586645024644895,0.049911691230058335
2829,-0.0,0.00010937280839584673,0.049911691230058335
2830,-0.0,4.734705291298269e-05,0.049911691230058335
2831,-0.0,3.048264704830217e-05,0.049911691230058335
2832,-0.0,0.015296798185907345,0.049911691230058335
2833,-0.0,0.01494222764935138,0.049911691230058335
2834,-0.0,0.014769123606352963,0.049911691230058335
2835,-0.0,0.01440561694383291,0.049911691230058335
2836,-0.0,0.0006265678432271216,0.049911691230058335
2837,-0.0,0.0004741318708880726,0.049911691230058335
2838,-0.0,0.00021850957665670023,0.049911691230058335
2839,-0.0,9.349768026112315e-05,0.049911691230058335
2840,-0.0,3.7167766557821835e-05,0.049911691230058335
2841,-0.0,1.3197346382831654e-05,0.049911691230058335
2842,-0.0,1.1428860697826337e-05,0.049911691230058335
2843,-0.0,1.0452700230700884e-05,0.049911691230058335
2844,-0.0,0.01529470551682266,0.049911691230058335
2845,-0.0,0.0001690960652638296,0.049911691230058335
2846,-0.0,6.130055356834418e-05,0.049911691230058335
2847,-0.0,0.015265573521531905,0.049911691230058335
2848,-0.0,0.01507360236156785,0.049911691230058335
2849,-0.0,0.00038240032857572714,0.049911691230058335
2850,-0.0,0.00021004008904412785,0.049911691230058335
2851,-0.0,5.204752810783475e-05,0.049911691230058335
2852,-0.0,0.015226477066427435,0.049911691230058335
2853,-0.0,0.015501028503764225,0.049911691230058335
2854,-0.0,2.0012649482481493e-05,0.049911691230058335
2855,-0.0,1.8976968005679495e-05,0.049911691230058335
2856,-0.0,0.01555137097932402,0.049911691230058335
2857,-0.0,0.00014716409438619849,0.049911691230058335
2858,-0.0,7.489310767994084e-05,0.049911691230058335
2859,-0.0,3.954862658872571e-05,0.049911691230058335
2860,-0.0,1.728513219489969e-05,0.049911691230058335
2861,-0.0,0.015403371735281723,0.049911691230058335
2862,-0.0,0.00020185383201010154,0.049911691230058335
2863,-0.0,8.752777836207315e-05,0.049911691230058335
2864,-0.0,3.68792158838005e-05,0.049911691230058335
2865,-0.0,0.015274046842172595,0.049911691230058335
2866,-0.0,7.677642121373118e-05,0.049911691230058335
2867,-0.0,6.200638141251602e-05,0.049911691230058335
2868,-0.0,2.52581778994454e-05,0.049911691230058335
2869,-0.0,1.3417582472641243e-05,0.049911691230058335
2870,-0.0,0.015667642311862906,0.049911691230058335
2871,-0.0,0.00014928996647967097,0.049911691230058335
2872,-0.0,8.556854540131553e-05,0.049911691230058335
2873,-0.0,6.101363788246772e-05,0.049911691230058335
2874,-0.0,1.5622862171937868e-05,0.049911691230058335
2875,-0.0,1.0104191368043303e-05,0.049911691230058335
2876,-0.0,5.845189107844817e-06,0.049911691230058335
2877,-0.0,5.892136824170446e-06,0.049911691230058335
2878,-0.0,4.655647968143661e-06,0.049911691230058335
2879,-0.0,0.03005698443529603,0.049911691230058335
2880,-0.0,0.0004640518505520941,0.049911691230058335
2881,-0.0,0.00022698194219983314,0.049911691230058335
2882,-0.0,0.00018175230355943484,0.049911691230058335
2883,-0.0,6.198185772632314e-05,0.049911691230058335
2884,-0.0,0.030680726078200493,0.049911691230058335
2885,-0.0,2.5531868995232188e-05,0.049911691230058335
2886,-0.0,1.165549434034574e-05,0.049911691230058335
2887,-0.0,9.99942535173659e-06,0.049911691230058335
2888,-0.0,9.815218799502645e-06,0.049911691230058335
2889,-0.0,8.671331077181321e-06,0.049911691230058335
2890,-0.0,8.087177357118946e-06,0.049911691230058335
2891,-0.0,7.2961279000693935e-06,0.049911691230058335
2892,-0.0,6.402330895771691e-06,0.049911691230058335
2893,-0.0,6.800481072377629e-06,0.049911691230058335
2894,-0.0,5.532485032405665e-06,0.049911691230058335
2895,-0.0,4.7982579630123645e-06,0.049911691230058335
2896,-0.0,5.442695864221747e-06,0.049911691230058335
2897,-0.0,0.03032760872407904,0.049911691230058335
2898,-0.0,0.00048732535794893117,0.049911691230058335
2899,-0.0,0.0003019810602893358,0.049911691230058335
2900,-0.0,7.920373879422016e-05,0.049911691230058335
2901,-0.0,0.015267732800666067,0.049911691230058335
2902,-0.0,0.00020349930287721918,0.049911691230058335
2903,-0.0,0.01520456369430434,0.049911691230058335
2904,-0.0,0.0002591051437370595,0.049911691230058335
2905,-0.0,0.00014390159365795796,0.049911691230058335
2906,-0.0,6.970322758448333e-05,0.049911691230058335
2907,-0.0,1.5055010796238832e-05,0.049911691230058335
2908,-0.0,8.875030423460828e-06,0.049911691230058335
2909,-0.0,0.015398589366661802,0.049911691230058335
2910,-0.0,0.00012771445433834572,0.049911691230058335
2911,-1.0,0.00010222361916945033,0.049911691230058335
2912,-0.0,3.9049289997095116e-05,0.049911691230058335
2913,-0.0,2.7529441372076136e-05,0.049911691230058335
2914,-0.0,0.01533149254632682,0.049911691230058335
2915,-0.0,0.015033942710257264,0.049911691230058335
2916,-0.0,0.014843991999058836,0.049911691230058335
2917,-0.0,0.0004649272133265825,0.049911691230058335
2918,-0.0,0.00020344906568525722,0.049911691230058335
2919,-0.0,0.015500614072583657,0.049911691230058335
2920,-0.0,0.0002306402851197653,0.049911691230058335
2921,-0.0,0.015359354276738013,0.049911691230058335
2922,-1.0,9.41898094311e-05,0.049911691230058335
2923,-0.0,2.592945825696802e-05,0.049911691230058335
2924,-0.0,8.979332640990378e-06,0.049911691230058335
2925,-0.0,0.015456031279278193,0.049911691230058335
2926,-0.0,0.00011136904827502292,0.049911691230058335
2927,-0.0,0.015047098325474906,0.049911691230058335
2928,-0.0,0.00010376362018838653,0.049911691230058335
2929,-0.0,0.015427253395241536,0.049911691230058335
2930,-0.0,8.566257328368465e-05,0.049911691230058335
2931,-0.0,0.03027106507335553,0.049911691230058335
2932,-0.0,0.015340646159401672,0.049911691230058335
2933,-0.0,0.015545388125811854,0.049911691230058335
2934,-0.0,0.00016619438185139224,0.049911691230058335
2935,-0.0,0.015602898521538344,0.049911691230058335
2936,-0.0,0.015137149531284422,0.049911691230058335
2937,-0.0,0.0002572349835645582,0.049911691230058335
2938,-0.0,0.00026996204792339995,0.049911691230058335
2939,-0.0,7.417053134872731e-05,0.049911691230058335
2940,-0.0,6.485289864599508e-05,0.049911691230058335
2941,-0.0,2.9541622737383477e-05,0.049911691230058335
2942,-0.0,1.8600830870241225e-05,0.049911691230058335
2943,-0.0,1.8634357260793877e-05,0.049911691230058335
2944,-0.0,1.8451638382543933e-05,0.049911691230058335
2945,-0.0,1.3575730861248303e-05,0.049911691230058335
2946,-0.0,1.3938442290140074e-05,0.049911691230058335
2947,-0.0,1.2782804851951823e-05,0.049911691230058335
2948,-0.0,1.207916805867626e-05,0.049911691230058335
2949,-0.0,6.986928689001193e-06,0.049911691230058335
2950,-0.0,1.4395103669073706e-05,0.049911691230058335
2951,-0.0,1.0294712311065268e-05,0.049911691230058335
2952,-0.0,8.32768031955311e-06,0.049911691230058335
2953,-0.0,0.01535522058503247,0.049911691230058335
2954,-0.0,0.00011271282407321337,0.049911691230058335
2955,-0.0,0.00011351757801492113,0.049911691230058335
2956,-0.0,6.581171424713261e-05,0.049911691230058335
2957,-0.0,2.6711844881788238e-05,0.049911691230058335
2958,-0.0,0.015327967597357883,0.049911691230058335
2959,-0.0,0.00014509402391738035,0.049911691230058335
2960,-0.0,0.015655413697505338,0.049911691230058335
2961,-0.0,0.014828883427057349,0.049911691230058335
2962,-0.0,0.01455707447688609,0.049911691230058335
2963,-0.0,0.0005375573937657363,0.049911691230058335
2964,-0.0,0.0005413851894724431,0.049911691230058335
2965,-0.0,0.00017257450000851549,0.049911691230058335
2966,-0.0,0.015173425194980439,0.049911691230058335
2967,-0.0,0.00023362290271844444,0.049911691230058335
2968,-0.0,0.00015549626559163698,0.049911691230058335
2969,-0.0,0.01563762100885513,0.049911691230058335
2970,-0.0,0.015684023004362727,0.049911691230058335
2971,-0.0,7.55477426435669e-05,0.049911691230058335
2972,-0.0,5.653379108250256e-05,0.049911691230058335
2973,-0.0,2.6203704778460235e-05,0.049911691230058335
2974,-0.0,2.223797527278748e-05,0.049911691230058335
2975,-0.0,0.03068144611257173,0.049911691230058335
2976,-0.0,0.014996159299534462,0.049911691230058335
2977,-0.0,0.0004949252762600914,0.049911691230058335
2978,-0.0,0.014943956746208246,0.049911691230058335
2979,-0.0,0.0004605699763794574,0.049911691230058335
2980,-0.0,0.00023726527327592659,0.049911691230058335
2981,-0.0,5.706588203180374e-05,0.049911691230058335
2982,-0.0,2.1430172801095715e-05,0.049911691230058335
2983,-0.0,1.4152777113307646e-05,0.049911691230058335
2984,-0.0,7.922082518874163e-06,0.049911691230058335
2985,-0.0,9.117900857003036e-06,0.049911691230058335
2986,-0.0,0.015479972777190376,0.049911691230058335
2987,-0.0,0.00016112390472899918,0.049911691230058335
2988,-0.0,7.665861580075095e-05,0.049911691230058335
2989,-0.0,3.099091685454525e-05,0.049911691230058335
2990,-0.0,8.903180849006986e-06,0.049911691230058335
2991,-0.0,5.962428256012231e-06,0.049911691230058335
2992,-1.0,0.015609014424917689,0.049911691230058335
2993,-0.0,0.0001031765976122756,0.049911691230058335
2994,-0.0,8.908188258693883e-05,0.049911691230058335
2995,-0.0,1.8110564688811337e-05,0.049911691230058335
2996,-0.0,1.7014054774833198e-05,0.049911691230058335
2997,-0.0,8.148445928779502e-06,0.049911691230058335
2998,-0.0,0.045115818656316975,0.049911691230058335
2999,-0.0,0.0007580344471125322,0.049911691230058335
3000,-0.0,0.00042253968811944986,0.049911691230058335
3001,-0.0,0.00020472580663799533,0.049911691230058335
3002,-0.0,9.330368504123498e-05,0.049911691230058335
3003,-0.0,3.4689470460591565e-05,0.049911691230058335
3004,-0.0,8.569060684138208e-06,0.049911691230058335
3005,-0.0,4.743641549231903e-06,0.049911691230058335
3006,-0.0,2.4611670803825585e-06,0.049911691230058335
3007,-0.0,3.503886251504662e-06,0.049911691230058335
3008,-0.0,2.325915010703561e-06,0.049911691230058335
3009,-0.0,2.743282266549907e-06,0.049911691230058335
3010,-0.0,0.01565188917822513,0.049911691230058335
3011,-0.0,0.015514639648017692,0.049911691230058335
3012,-0.0,0.01579175124125065,0.049911691230058335
3013,-0.0,0.029170256159492425,0.049911691230058335
3014,-0.0,0.0008542318462971821,0.049911691230058335
3015,-0.0,0.0004499096810377523,0.049911691230058335
3016,-0.0,0.015480855915612324,0.049911691230058335
3017,-0.0,0.015463911004322067,0.049911691230058335
3018,-0.0,0.00016940982293001117,0.049911691230058335
3019,-0.0,7.171353787159118e-05,0.049911691230058335
3020,-0.0,3.6839818039393485e-05,0.049911691230058335
3021,-0.0,1.4589865599948237e-05,0.049911691230058335
3022,-0.0,1.1609844066042853e-05,0.049911691230058335
3023,-0.0,1.0551819746851265e-05,0.049911691230058335
3024,-0.0,0.030521081658970994,0.049911691230058335
3025,-0.0,0.0004525940039485643,0.049911691230058335
3026,-0.0,0.01583373666564461,0.049911691230058335
3027,-0.0,8.74327376010342e-05,0.049911691230058335
3028,-0.0,4.3016819304853016e-05,0.049911691230058335
3029,-0.0,3.0085905351029396e-05,0.049911691230058335
3030,-0.0,1.1886123289173156e-05,0.049911691230058335
3031,-0.0,7.204882820133207e-06,0.049911691230058335
3032,-0.0,8.29053086448539e-06,0.049911691230058335
3033,-0.0,7.416630956491588e-06,0.049911691230058335
3034,-0.0,0.0153864431694819,0.049911691230058335
3035,-0.0,0.015031735328578044,0.049911691230058335
3036,-0.0,0.00035651176886575264,0.049911691230058335
3037,-0.0,0.00014796688871854258,0.049911691230058335
3038,-0.0,0.00041442913978162466,0.049911691230058335
3039,-0.0,0.0001267072277419956,0.049911691230058335
3040,-0.0,0.00013357982161865678,0.049911691230058335
3041,-0.0,0.015067806481897095,0.049911691230058335
3042,-0.0,4.63215523364216e-05,0.049911691230058335
3043,-1.0,1.8780333367945587e-05,0.049911691230058335
3044,-0.0,2.1383217526427245e-05,0.049911691230058335
3045,-0.0,0.015670346798309254,0.049911691230058335
3046,-0.0,0.015328933207932494,0.049911691230058335
3047,-0.0,0.00031566488027579,0.049911691230058335
3048,-0.0,0.015232192400951305,0.049911691230058335
3049,-0.0,0.00039011337373651145,0.049911691230058335
3050,-0.0,0.00027172886393422857,0.049911691230058335
3051,-0.0,8.710635851549853e-05,0.049911691230058335
3052,-0.0,0.015366660677955224,0.049911691230058335
3053,-0.0,0.015379219134727506,0.049911691230058335
3054,-0.0,3.2604257320656416e-05,0.049911691230058335
3055,-0.0,8.497707497667761e-06,0.049911691230058335
3056,-0.0,6.191854517112461e-06,0.049911691230058335
3057,-0.0,8.376227064843533e-06,0.049911691230058335
3058,-0.0,0.03065679075955785,0.049911691230058335
3059,-0.0,0.0004420708337704582,0.049911691230058335
3060,-0.0,0.015130856853161845,0.049911691230058335
3061,-0.0,0.00026245853278794584,0.049911691230058335
3062,-0.0,0.00017970875966000222,0.049911691230058335
3063,-0.0,0.00010417192828526822,0.049911691230058335
3064,-0.0,2.145823854249329e-05,0.049911691230058335
3065,-0.0,1.3424697094421845e-05,0.049911691230058335
3066,-0.0,8.510199780431549e-06,0.049911691230058335
3067,-1.0,6.5659195289669015e-06,0.049911691230058335
3068,-0.0,3.409796214270955e-06,0.049911691230058335
3069,-0.0,5.5900491560123555e-06,0.049911691230058335
3070,-0.0,3.921372197623896e-06,0.049911691230058335
3071,-0.0,0.031063426324026366,0.049911691230058335
3072,-0.0,1.6808595717066055e-05,0.049911691230058335
3073,-0.0,1.259118600671627e-05,0.049911691230058335
3074,-0.0,6.630643042626616e-06,0.049911691230058335
3075,-0.0,0.015338585983485586,0.049911691230058335
3076,-0.0,0.00012412654727000927,0.049911691230058335
3077,-0.0,0.0001229564521594284,0.049911691230058335
3078,-0.0,3.373987915011867e-05,0.049911691230058335
3079,-0.0,0.015442403307226016,0.049911691230058335
3080,-0.0,0.00020426798912609456,0.049911691230058335
3081,-0.0,8.413080833946651e-05,0.049911691230058335
3082,-0.0,3.1896575933387794e-05,0.049911691230058335
3083,-0.0,0.015621276197343548,0.049911691230058335
3084,-0.0,8.156950805471297e-05,0.049911691230058335
3085,-0.0,4.985494054210449e-05,0.049911691230058335
3086,-0.0,2.704297063615968e-05,0.049911691230058335
3087,-0.0,1.2200985061383562e-05,0.049911691230058335
3088,-0.0,5.554800267759674e-06,0.049911691230058335
3089,-0.0,0.015347600492152225,0.049911691230058335
3090,-0.0,0.015469248936915037,0.049911691230058335
3091,-0.0,3.204473721041268e-05,0.049911691230058335
3092,-0.0,0.015658302947588965,0.049911691230058335
3093,-0.0,0.0001385599018846051,0.049911691230058335
3094,-0.0,0.015430315716201903,0.049911691230058335
3095,-0.0,8.04838331589508e-05,0.049911691230058335
3096,-0.0,4.0877113292481226e-05,0.049911691230058335
3097,-0.0,1.9586209560884527e-05,0.049911691230058335
3098,-0.0,1.329189537102593e-05,0.049911691230058335
3099,-0.0,9.87277087460825e-06,0.049911691230058335
3100,-0.0,8.884673121656306e-06,0.049911691230058335
3101,-0.0,7.242017318276339e-06,0.049911691230058335
3102,-0.0,0.015324182891475857,0.049911691230058335
3103,-0.0,0.015752385996691487,0.049911691230058335
3104,-0.0,5.184039997629952e-05,0.049911691230058335
3105,-0.0,4.6086646818821464e-05,0.049911691230058335
3106,-0.0,0.01537486636246399,0.049911691230058335
3107,-0.0,0.00021200889932515565,0.049911691230058335
3108,-0.0,9.72059517323487e-05,0.049911691230058335
3109,-0.0,2.7668618315601634e-05,0.049911691230058335
3110,-0.0,0.030908242978341605,0.049911691230058335
3111,-0.0,0.015371601358708631,0.049911691230058335
3112,-0.0,9.651957407186273e-05,0.049911691230058335
3113,-0.0,5.2636967504682275e-05,0.049911691230058335
3114,-1.0,4.6252898016518884e-05,0.049911691230058335
3115,-0.0,0.015385314988577647,0.049911691230058335
3116,-0.0,0.015069183468142455,0.049911691230058335
3117,-0.0,0.0003366919125937784,0.049911691230058335
3118,-0.0,0.03055131738622663,0.049911691230058335
3119,-0.0,0.00016415287952131763,0.049911691230058335
3120,-0.0,6.32328296887863e-05,0.049911691230058335
3121,-0.0,6.392837565272202e-05,0.049911691230058335
3122,-0.0,0.030593214744030206,0.049911691230058335
3123,-0.0,5.906015698542433e-05,0.049911691230058335
3124,-0.0,0.03055914258882808,0.049911691230058335
3125,-0.0,6.549915124764993e-05,0.049911691230058335
3126,-0.0,0.015438711247782066,0.049911691230058335
3127,-0.0,0.00013541240508629926,0.049911691230058335
3128,-0.0,0.00011870317544548925,0.049911691230058335
3129,-0.0,0.03054598444478529,0.049911691230058335
3130,-1.0,0.015365024792458826,0.049911691230058335
3131,-1.0,0.00016907418398659502,0.049911691230058335
3132,-0.0,0.015621147665513035,0.049911691230058335
3133,-0.0,0.00014825834688281248,0.049911691230058335
3134,-0.0,0.00015084544492083296,0.049911691230058335
3135,-0.0,9.38888059920373e-05,0.049911691230058335
3136,-0.0,8.221089825610761e-05,0.049911691230058335
3137,-0.0,4.7230406607923214e-05,0.049911691230058335
3138,-0.0,5.2081523080005354e-05,0.049911691230058335
3139,-0.0,4.5031373616666315e-05,0.049911691230058335
3140,-0.0,0.015382585063235865,0.049911691230058335
3141,-0.0,0.00018580421249225765,0.049911691230058335
3142,-0.0,0.00012000800433042969,0.049911691230058335
3143,-0.0,6.711025906724899e-05,0.049911691230058335
3144,-0.0,4.656462047591958e-05,0.049911691230058335
3145,-0.0,3.546999933234929e-05,0.049911691230058335
3146,-0.0,3.7447798860057446e-05,0.049911691230058335
3147,-0.0,3.6920992343425496e-05,0.049911691230058335
3148,-0.0,0.015395406506598874,0.049911691230058335
3149,-0.0,0.00023840725836521415,0.049911691230058335
3150,-1.0,0.0001028976654708913,0.049911691230058335
3151,-0.0,6.121263493241713e-05,0.049911691230058335
3152,-0.0,4.199450197006627e-05,0.049911691230058335
3153,-0.0,2.995856274878861e-05,0.049911691230058335
3154,-0.0,2.3582358704032913e-05,0.049911691230058335
3155,-0.0,2.543631732976337e-05,0.049911691230058335
3156,-0.0,2.6737042325919447e-05,0.049911691230058335
3157,-0.0,0.015463781362338835,0.049911691230058335
3158,-0.0,0.00012751875793881595,0.049911691230058335
3159,-0.0,4.3198697515123285e-05,0.049911691230058335
3160,-0.0,3.177987959968043e-05,0.049911691230058335
3161,-0.0,0.015392911727583669,0.049911691230058335
3162,-0.0,0.00018675545121915604,0.049911691230058335
3163,-0.0,7.160000757977514e-05,0.049911691230058335
3164,-0.0,0.015360207196625453,0.049911691230058335
3165,-0.0,0.015467959827359712,0.049911691230058335
3166,-0.0,3.8175769773829415e-05,0.049911691230058335
3167,-0.0,3.332746913997653e-05,0.049911691230058335
3168,-0.0,2.5179032789424127e-05,0.049911691230058335
3169,-0.0,2.5624244496924575e-05,0.049911691230058335
3170,-0.0,2.1751254429602795e-05,0.049911691230058335
3171,-0.0,0.01531025192807256,0.049911691230058335
3172,-0.0,0.015639886948161763,0.049911691230058335
3173,-0.0,0.015441231812808098,0.049911691230058335
3174,-0.0,6.589959997427286e-05,0.049911691230058335
3175,-0.0,0.015519724211102925,0.049911691230058335
3176,-0.0,0.00013323809657705965,0.049911691230058335
3177,-0.0,8.717783312306437e-05,0.049911691230058335
3178,-0.0,5.080165111392976e-05,0.049911691230058335
3179,-0.0,0.015448452701015289,0.049911691230058335
3180,-0.0,0.01516752330947968,0.049911691230058335
3181,-0.0,0.00011394950700882589,0.049911691230058335
3182,-0.0,0.015923911278954428,0.049911691230058335
3183,-0.0,0.015531998806508795,0.049911691230058335
3184,-0.0,0.00013680188929754422,0.049911691230058335
3185,-0.0,7.758714487948737e-05,0.049911691230058335
3186,-0.0,2.8341229515324584e-05,0.049911691230058335
3187,-0.0,0.015264150523007558,0.049911691230058335
3188,-0.0,0.015272929422536663,0.049911691230058335
3189,-0.0,9.166763703039038e-05,0.049911691230058335
3190,-0.0,9.520219418845954e-05,0.049911691230058335
3191,-0.0,5.753852875045595e-05,0.049911691230058335
3192,-0.0,3.052909391132452e-05,0.049911691230058335
3193,-0.0,2.4092588743584997e-05,0.049911691230058335
3194,-0.0,3.37508105801021e-05,0.049911691230058335
3195,-0.0,2.6580670724030142e-05,0.049911691230058335
3196,-0.0,0.015212949883213867,0.049911691230058335
3197,-0.0,0.00016722505520760933,0.049911691230058335
3198,-0.0,8.496873127228355e-05,0.049911691230058335
3199,-0.0,0.03035367820807977,0.049911691230058335
3200,-0.0,0.01457833868630587,0.049911691230058335
3201,-0.0,0.00054122291244596,0.049911691230058335
3202,-0.0,0.0005169828615478878,0.049911691230058335
3203,-0.0,0.00017575255243151844,0.049911691230058335
3204,-0.0,9.526414530433569e-05,0.049911691230058335
3205,-0.0,5.971964041506794e-05,0.049911691230058335
3206,-0.0,3.680115115800575e-05,0.049911691230058335
3207,-0.0,2.8768378289967256e-05,0.049911691230058335
3208,-0.0,0.015472844267867047,0.049911691230058335
3209,-0.0,0.00017294454422511762,0.049911691230058335
3210,-0.0,6.059212102726974e-05,0.049911691230058335
3211,-0.0,0.01533196518809099,0.049911691230058335
3212,-0.0,0.015098343000580883,0.049911691230058335
3213,-0.0,0.0003479770611987121,0.049911691230058335
3214,-0.0,0.0001521565554694071,0.049911691230058335
3215,-0.0,5.6044775758379295e-05,0.049911691230058335
3216,-0.0,3.893533658358428e-05,0.049911691230058335
3217,-0.0,2.103285169606945e-05,0.049911691230058335
3218,-0.0,2.3873146111103027e-05,0.049911691230058335
3219,-0.0,1.669731546111164e-05,0.049911691230058335
3220,-0.0,0.01544605320945736,0.049911691230058335
3221,-0.0,0.0001282135443277227,0.049911691230058335
3222,-0.0,0.0001059435956286825,0.049911691230058335
3223,-0.0,2.9110257725672994e-05,0.049911691230058335
3224,-0.0,3.161708638810268e-05,0.049911691230058335
3225,-0.0,0.015672839002927597,0.049911691230058335
3226,-0.0,0.030532501424777217,0.049911691230058335
3227,-0.0,0.015087547805627821,0.049911691230058335
3228,-0.0,0.000198807939241874,0.049911691230058335
3229,-0.0,0.030737770048433255,0.049911691230058335
3230,-0.0,0.014774079461822964,0.049911691230058335
3231,-1.0,0.0005904566764201036,0.049911691230058335
3232,-0.0,0.0001462830509879609,0.049911691230058335
3233,-0.0,0.015217633594694746,0.049911691230058335
3234,-0.0,0.00026160779573558557,0.049911691230058335
3235,-0.0,0.014932114107196526,0.049911691230058335
3236,-0.0,0.0003041109008705689,0.049911691230058335
3237,-0.0,0.0001468815218004238,0.049911691230058335
3238,-0.0,6.91468171538645e-05,0.049911691230058335
3239,-0.0,3.514027973494649e-05,0.049911691230058335
3240,-0.0,1.345552320231036e-05,0.049911691230058335
3241,-0.0,1.0464675789023659e-05,0.049911691230058335
3242,-0.0,0.015281420302329707,0.049911691230058335
3243,-0.0,0.00014137198559893704,0.049911691230058335
3244,-0.0,0.00010265033293421766,0.049911691230058335
3245,-0.0,6.313592873397056e-05,0.049911691230058335
3246,-0.0,2.119277175438583e-05,0.049911691230058335
3247,-0.0,0.015327156046154755,0.049911691230058335
3248,-0.0,0.00011046283569982052,0.049911691230058335
3249,-0.0,0.030320236802840128,0.049911691230058335
3250,-0.0,0.015264654243421383,0.049911691230058335
3251,-0.0,5.426076356229714e-05,0.049911691230058335
3252,-0.0,0.015075974200840392,0.049911691230058335
3253,-0.0,0.0002248368401751577,0.049911691230058335
3254,-0.0,0.00013348262322665505,0.049911691230058335
3255,-0.0,0.015339705240194235,0.049911691230058335
3256,-0.0,0.00016548340025224206,0.049911691230058335
3257,-0.0,0.00010272690795432027,0.049911691230058335
3258,-0.0,5.473424486979184e-05,0.049911691230058335
3259,-0.0,2.2708225706935536e-05,0.049911691230058335
3260,-0.0,2.7407416880009805e-05,0.049911691230058335
3261,-0.0,0.01507636886088548,0.049911691230058335
3262,-0.0,0.01539206744618582,0.049911691230058335
3263,-0.0,0.015391657403938996,0.049911691230058335
3264,-0.0,0.015322938776185735,0.049911691230058335
3265,-0.0,0.03061347341747478,0.049911691230058335
3266,-0.0,4.075809295045474e-05,0.049911691230058335
3267,-0.0,0.015477268205529526,0.049911691230058335
3268,-0.0,0.00021194029781668178,0.049911691230058335
3269,-0.0,0.0001216291342416298,0.049911691230058335
3270,-0.0,9.026047309390606e-05,0.049911691230058335
3271,-0.0,6.309403806881164e-05,0.049911691230058335
3272,-0.0,0.015314435087052658,0.049911691230058335
3273,-0.0,0.014981476809136751,0.049911691230058335
3274,-0.0,0.00027123057019728947,0.049911691230058335
3275,-0.0,0.00013615668252242585,0.049911691230058335
3276,-0.0,8.783573193577813e-05,0.049911691230058335
3277,-0.0,7.243357269620665e-05,0.049911691230058335
3278,-0.0,2.9312148810856087e-05,0.049911691230058335
3279,-0.0,2.3752226644326718e-05,0.049911691230058335
3280,-0.0,0.015526201970385234,0.049911691230058335
3281,-0.0,0.015436426210365894,0.049911691230058335
3282,-0.0,0.03102148948777525,0.049911691230058335
3283,-0.0,5.893450580174431e-05,0.049911691230058335
3284,-0.0,7.238168549861257e-05,0.049911691230058335
3285,-0.0,4.103482038431139e-05,0.049911691230058335
3286,-0.0,3.353185093146749e-05,0.049911691230058335
3287,-0.0,3.0726712367368236e-05,0.049911691230058335
3288,-0.0,2.5988193243620117e-05,0.049911691230058335
3289,-0.0,2.8070191220308516e-05,0.049911691230058335
3290,-0.0,2.466944090429024e-05,0.049911691230058335
3291,-0.0,2.4697528800743385e-05,0.049911691230058335
3292,-0.0,2.239235577405907e-05,0.049911691230058335
3293,-0.0,2.0735091183610166e-05,0.049911691230058335
3294,-0.0,0.015137116492432767,0.049911691230058335
3295,-0.0,0.015215742328461346,0.049911691230058335
3296,-0.0,0.0003381147930454631,0.049911691230058335
3297,-0.0,0.030739070208028352,0.049911691230058335
3298,-0.0,0.015581487138049965,0.049911691230058335
3299,-0.0,0.015257887940947512,0.049911691230058335
3300,-0.0,0.00031441147467603514,0.049911691230058335
3301,-0.0,0.01500598689256094,0.049911691230058335
3302,-0.0,0.014946721291380527,0.049911691230058335
3303,-0.0,0.01566293459791268,0.049911691230058335
3304,-1.0,0.00012475529968014598,0.049911691230058335
3305,-0.0,7.510857352599487e-05,0.049911691230058335
3306,-0.0,4.26772385253571e-05,0.049911691230058335
3307,-0.0,0.015276823833914932,0.049911691230058335
3308,-0.0,0.00018574177551045068,0.049911691230058335
3309,-0.0,7.080511949197899e-05,0.049911691230058335
3310,-0.0,0.015181652469209439,0.049911691230058335
3311,-0.0,0.0001705892897234662,0.049911691230058335
3312,-0.0,8.485389980705804e-05,0.049911691230058335
3313,-0.0,0.015090509790638862,0.049911691230058335
3314,-0.0,0.00019895479263709603,0.049911691230058335
3315,-0.0,0.00014611206853487602,0.049911691230058335
3316,-0.0,0.01494445265970512,0.049911691230058335
3317,-0.0,0.0002866601515449929,0.049911691230058335
3318,-0.0,0.00017191328291232821,0.049911691230058335
3319,-0.0,0.015544237448878562,0.049911691230058335
3320,-0.0,0.015368724510324228,0.049911691230058335
3321,-0.0,0.00037183316283062595,0.049911691230058335
3322,-0.0,0.00014845428358967183,0.049911691230058335
3323,-0.0,6.265935817850732e-05,0.049911691230058335
3324,-0.0,2.9937683734715392e-05,0.049911691230058335
3325,-0.0,2.2301148675296645e-05,0.049911691230058335
3326,-0.0,1.623294244268436e-05,0.049911691230058335
3327,-0.0,0.01548490078382514,0.049911691230058335
3328,-0.0,0.00013974267297633958,0.049911691230058335
3329,-0.0,7.484622762099491e-05,0.049911691230058335
3330,-0.0,4.1345817936466744e-05,0.049911691230058335
3331,-0.0,2.019289522674217e-05,0.049911691230058335
3332,-0.0,0.015557963973964615,0.049911691230058335
3333,-0.0,0.00011364956432657891,0.049911691230058335
3334,-0.0,9.773147735359089e-05,0.049911691230058335
3335,-0.0,0.015230743656559298,0.049911691230058335
3336,-0.0,0.014909077077774668,0.049911691230058335
3337,-0.0,0.0005195775881219333,0.049911691230058335
3338,-0.0,0.0001497155423919594,0.049911691230058335
3339,-0.0,0.00014714533336501745,0.049911691230058335
3340,-0.0,8.445962912873028e-05,0.049911691230058335
3341,-0.0,4.1470091929340924e-05,0.049911691230058335
3342,-0.0,2.8541292194428358e-05,0.049911691230058335
3343,-0.0,0.015430151263707614,0.049911691230058335
3344,-0.0,0.00019172038187065255,0.049911691230058335
3345,-0.0,8.09730281368104e-05,0.049911691230058335
3346,-0.0,0.029837291025831547,0.049911691230058335
3347,-0.0,0.015741909384615838,0.049911691230058335
3348,-0.0,3.783573743021407e-05,0.049911691230058335
3349,-0.0,0.014949329345348872,0.049911691230058335
3350,-0.0,0.00014955435085539648,0.049911691230058335
3351,-0.0,0.014599236709500474,0.049911691230058335
3352,-0.0,0.0002658652060745226,0.049911691230058335
3353,-0.0,0.00020230429169032504,0.049911691230058335
3354,-0.0,0.014944613428829356,0.049911691230058335
3355,-0.0,0.015332734032739381,0.049911691230058335
3356,-0.0,0.03140995024138249,0.049911691230058335
3357,-0.0,0.015060776894699757,0.049911691230058335
3358,-0.0,0.0003218979889823004,0.049911691230058335
3359,-0.0,0.00021256952464909773,0.049911691230058335
3360,-0.0,0.01527445578926745,0.049911691230058335
3361,-0.0,0.0001910325638618815,0.049911691230058335
3362,-0.0,0.00022217103253296955,0.049911691230058335
3363,-0.0,0.000214139430937621,0.049911691230058335
3364,-0.0,0.00010459310132659994,0.049911691230058335
3365,-0.0,6.0084096361379125e-05,0.049911691230058335
3366,-0.0,5.176708199883251e-05,0.049911691230058335
3367,-0.0,2.5621901386330137e-05,0.049911691230058335
3368,-0.0,1.9221654717682668e-05,0.049911691230058335
3369,-0.0,1.579768298398676e-05,0.049911691230058335
3370,-0.0,1.5274471437010106e-05,0.049911691230058335
3371,-0.0,0.015516533275530264,0.049911691230058335
3372,-0.0,0.00013235357323537755,0.049911691230058335
3373,-0.0,6.046130521042414e-05,0.049911691230058335
3374,-0.0,3.0436567627134536e-05,0.049911691230058335
3375,-0.0,1.8599086223147765e-05,0.049911691230058335
3376,-0.0,1.3954667161808487e-05,0.049911691230058335
3377,-0.0,0.015400788543118438,0.049911691230058335
3378,-0.0,0.00012478167484175628,0.049911691230058335
3379,-0.0,5.164689422088031e-05,0.049911691230058335
3380,-0.0,1.303325397294941e-05,0.049911691230058335
3381,-0.0,8.129249216892731e-06,0.049911691230058335
3382,-0.0,0.015776751010799117,0.049911691230058335
3383,-0.0,0.00010493042967496535,0.049911691230058335
3384,-0.0,0.015075216833505323,0.049911691230058335
3385,-0.0,0.014669600284598516,0.049911691230058335
3386,-0.0,0.00048366005929523226,0.049911691230058335
3387,-0.0,0.00023177389008921523,0.049911691230058335
3388,-0.0,0.015059046803131082,0.049911691230058335
3389,-0.0,0.00020537311520918422,0.049911691230058335
3390,-0.0,0.00013371540900308787,0.049911691230058335
3391,-0.0,6.35777077704347e-05,0.049911691230058335
3392,-0.0,0.02971488931134303,0.049911691230058335
3393,-0.0,0.00045115926809558005,0.049911691230058335
3394,-0.0,0.015740241876504912,0.049911691230058335
3395,-0.0,1.3545045661089716e-05,0.049911691230058335
3396,-0.0,1.1834514666020368e-05,0.049911691230058335
3397,-0.0,0.030489199630238772,0.049911691230058335
3398,-0.0,4.6039285372501126e-05,0.049911691230058335
3399,-0.0,3.490370431791234e-05,0.049911691230058335
3400,-0.0,2.9948450190886433e-05,0.049911691230058335
3401,-0.0,0.030319587650836866,0.049911691230058335
3402,-0.0,0.01588124339815522,0.049911691230058335
3403,-0.0,0.00011104729463795593,0.049911691230058335
3404,-0.0,5.799730860189811e-05,0.049911691230058335
3405,-0.0,3.219692132461205e-05,0.049911691230058335
3406,-0.0,2.4799612234005508e-05,0.049911691230058335
3407,-0.0,0.030416028665882777,0.049911691230058335
3408,-0.0,0.0003012876641435014,0.049911691230058335
3409,-0.0,0.0002573599792299319,0.049911691230058335
3410,-0.0,0.00017716552429192234,0.049911691230058335
3411,-0.0,0.00013159804106521733,0.049911691230058335
3412,-0.0,0.01552984178917427,0.049911691230058335
3413,-0.0,0.030102410551990033,0.049911691230058335
3414,-0.0,0.01568618282911416,0.049911691230058335
3415,-0.0,0.00013095140241148329,0.049911691230058335
3416,-0.0,5.211693343198931e-05,0.049911691230058335
3417,-0.0,4.146321333564629e-05,0.049911691230058335
3418,-0.0,2.8608436309696117e-05,0.049911691230058335
3419,-0.0,0.015392200810623535,0.049911691230058335
3420,-0.0,9.17078050690634e-05,0.049911691230058335
3421,-0.0,0.00014031720985485663,0.049911691230058335
3422,-0.0,7.377764370630757e-05,0.049911691230058335
3423,-0.0,5.0422237336533726e-05,0.049911691230058335
3424,-0.0,0.015522172741185614,0.049911691230058335
3425,-0.0,0.00015903817643447837,0.049911691230058335
3426,-0.0,5.268371734246102e-05,0.049911691230058335
3427,-0.0,0.015266419499909034,0.049911691230058335
3428,-0.0,0.015542371950402867,0.049911691230058335
3429,-0.0,4.819275676481993e-05,0.049911691230058335
3430,-0.0,0.015446426336119146,0.049911691230058335
3431,-0.0,0.0001278128061130701,0.049911691230058335
3432,-0.0,7.313953642551496e-05,0.049911691230058335
3433,-0.0,4.717054616776295e-05,0.049911691230058335
3434,-0.0,3.0267270787476264e-05,0.049911691230058335
3435,-0.0,0.015424944604433222,0.049911691230058335
3436,-0.0,0.00017611589805710537,0.049911691230058335
3437,-0.0,9.93082920786037e-05,0.049911691230058335
3438,-0.0,3.898854950534769e-05,0.049911691230058335
3439,-0.0,2.0402146418518896e-05,0.049911691230058335
3440,-0.0,0.015212817582010985,0.049911691230058335
3441,-0.0,0.00013721998189453188,0.049911691230058335
3442,-0.0,0.03009495917532945,0.049911691230058335
3443,-0.0,0.0007377575370810519,0.049911691230058335
3444,-0.0,0.00027987498984316517,0.049911691230058335
3445,-0.0,0.015430198903970904,0.049911691230058335
3446,-0.0,3.159381259365546e-05,0.049911691230058335
3447,-0.0,2.347557148141277e-05,0.049911691230058335
3448,-0.0,1.724621009202565e-05,0.049911691230058335
3449,-0.0,1.576928573854275e-05,0.049911691230058335
3450,-0.0,1.3513710598545003e-05,0.049911691230058335
3451,-0.0,1.3097808022166646e-05,0.049911691230058335
3452,-0.0,1.309899039370066e-05,0.049911691230058335
3453,-0.0,1.0671638960957353e-05,0.049911691230058335
3454,-0.0,1.208688851761508e-05,0.049911691230058335
3455,-0.0,8.598694947181684e-06,0.049911691230058335
3456,-0.0,8.151557800317732e-06,0.049911691230058335
3457,-0.0,0.015518933396677426,0.049911691230058335
3458,-0.0,0.0001643153469643721,0.049911691230058335
3459,-0.0,0.01556602219940828,0.049911691230058335
3460,-0.0,9.684600411219435e-05,0.049911691230058335
3461,-0.0,4.553851549449206e-05,0.049911691230058335
3462,-0.0,0.015306330405934432,0.049911691230058335
3463,-0.0,0.0001584061599260167,0.049911691230058335
3464,-0.0,0.00010836330150709728,0.049911691230058335
3465,-0.0,5.8321768307223465e-05,0.049911691230058335
3466,-0.0,3.176537074978114e-05,0.049911691230058335
3467,-0.0,1.96718238782978e-05,0.049911691230058335
3468,-0.0,1.4476174136746067e-05,0.049911691230058335
3469,-0.0,0.015666469087648238,0.049911691230058335
3470,-0.0,0.0305389622431278,0.049911691230058335
3471,-0.0,5.4442899198647865e-05,0.049911691230058335
3472,-0.0,5.794117748791905e-05,0.049911691230058335
3473,-0.0,3.0413364356718375e-05,0.049911691230058335
3474,-0.0,0.015352773012182297,0.049911691230058335
3475,-0.0,0.00013721512169695416,0.049911691230058335
3476,-0.0,8.53654007073601e-05,0.049911691230058335
3477,-0.0,3.873153445965727e-05,0.049911691230058335
3478,-0.0,0.015184632868880499,0.049911691230058335
3479,-0.0,0.00011744799765267544,0.049911691230058335
3480,-0.0,0.03088277727144373,0.049911691230058335
3481,-0.0,0.014987351475326705,0.049911691230058335
3482,-0.0,0.015299959111644057,0.049911691230058335
3483,-0.0,0.00021493880950629318,0.049911691230058335
3484,-0.0,0.00013316885548420032,0.049911691230058335
3485,-0.0,0.00011546482082280818,0.049911691230058335
3486,-0.0,4.326727233205929e-05,0.049911691230058335
3487,-0.0,2.1155091502578216e-05,0.049911691230058335
3488,-0.0,1.6080646418004108e-05,0.049911691230058335
3489,-0.0,1.1846057361708517e-05,0.049911691230058335
3490,-0.0,1.3252777705474728e-05,0.049911691230058335
3491,-0.0,0.015404513965023625,0.049911691230058335
3492,-0.0,0.0001293208253798639,0.049911691230058335
3493,-0.0,8.762809738982469e-05,0.049911691230058335
3494,-0.0,2.159130630730033e-05,0.049911691230058335
3495,-0.0,1.5308973345895538e-05,0.049911691230058335
3496,-0.0,1.2621048028904625e-05,0.049911691230058335
3497,-0.0,9.433792499180527e-06,0.049911691230058335
3498,-0.0,7.591809037421626e-06,0.049911691230058335
3499,-0.0,6.366163843196659e-06,0.049911691230058335
3500,-0.0,0.015505620455115832,0.049911691230058335
3501,-0.0,0.014909181933788318,0.049911691230058335
3502,-0.0,0.0004064585653082986,0.049911691230058335
3503,-0.0,0.014841578071269623,0.049911691230058335
3504,-0.0,0.0004658009840170507,0.049911691230058335
3505,-0.0,0.00023143743538156514,0.049911691230058335
3506,-0.0,0.00011280349998799011,0.049911691230058335
3507,-0.0,3.155631132045755e-05,0.049911691230058335
3508,-0.0,0.015193643932050804,0.049911691230058335
3509,-0.0,0.01491302384055615,0.049911691230058335
3510,-0.0,0.0003703823439309417,0.049911691230058335
3511,-0.0,0.00021175016313890183,0.049911691230058335
3512,-0.0,8.47011776432538e-05,0.049911691230058335
3513,-0.0,4.1740619721508665e-05,0.049911691230058335
3514,-0.0,1.814286541090837e-05,0.049911691230058335
3515,-0.0,9.233333825520162e-06,0.049911691230058335
3516,-0.0,5.8791030159710544e-06,0.049911691230058335
3517,-0.0,4.753898638298892e-06,0.049911691230058335
3518,-0.0,0.015278501511527764,0.049911691230058335
3519,-0.0,8.380311215461234e-05,0.049911691230058335
3520,-0.0,4.1137440133454106e-05,0.049911691230058335
3521,-0.0,2.690132844573867e-05,0.049911691230058335
3522,-0.0,0.015665021665234313,0.049911691230058335
3523,-0.0,0.01516889005459987,0.049911691230058335
3524,-0.0,0.00040203689860618397,0.049911691230058335
3525,-0.0,0.015390603200748032,0.049911691230058335
3526,-0.0,2.2003105300427706e-05,0.049911691230058335
3527,-0.0,2.1889118642093308e-05,0.049911691230058335
3528,-0.0,1.4299898083436346e-05,0.049911691230058335
3529,-0.0,6.510842112561477e-06,0.049911691230058335
3530,-0.0,5.351408425724458e-06,0.049911691230058335
3531,-0.0,3.5181208062340374e-06,0.049911691230058335
3532,-1.0,2.946358137023708e-06,0.049911691230058335
3533,-0.0,2.4508934401978877e-06,0.049911691230058335
3534,-0.0,2.325315008988582e-06,0.049911691230058335
3535,-0.0,0.01562602239052069,0.049911691230058335
3536,-0.0,0.015634662020630685,0.049911691230058335
3537,-0.0,4.825468346325579e-05,0.049911691230058335
3538,-0.0,0.015369922771839128,0.049911691230058335
3539,-0.0,0.00023480778432372063,0.049911691230058335
3540,-0.0,0.00012157187693873084,0.049911691230058335
3541,-0.0,3.659041959735987e-05,0.049911691230058335
3542,-0.0,1.1214493568445505e-05,0.049911691230058335
3543,-0.0,7.259856448449398e-06,0.049911691230058335
3544,-0.0,0.01544739845640919,0.049911691230058335
3545,-0.0,0.00014819148560718531,0.049911691230058335
3546,-0.0,0.015276458253211445,0.049911691230058335
3547,-0.0,0.0001825620345394796,0.049911691230058335
3548,-0.0,0.00014298441383431282,0.049911691230058335
3549,-0.0,0.046215264597972094,0.049911691230058335
3550,-0.0,9.545295355906092e-05,0.049911691230058335
3551,-0.0,0.0001457371705839705,0.049911691230058335
3552,-0.0,0.015108787852881278,0.049911691230058335
3553,-0.0,0.000229656098781561,0.049911691230058335
3554,-0.0,0.015036323749498592,0.049911691230058335
3555,-0.0,0.01571974556816258,0.049911691230058335
3556,-0.0,3.660432878405118e-05,0.049911691230058335
3557,-0.0,2.4618961418809704e-05,0.049911691230058335
3558,-0.0,1.3591658643008486e-05,0.049911691230058335
3559,-0.0,0.015149471868141973,0.049911691230058335
3560,-0.0,5.291913879545973e-05,0.049911691230058335
3561,-0.0,0.00012737398128592758,0.049911691230058335
3562,-0.0,6.349266612915017e-05,0.049911691230058335
3563,-0.0,4.043130186914823e-05,0.049911691230058335
3564,-0.0,3.314091401307451e-05,0.049911691230058335
3565,-0.0,2.6553469893997317e-05,0.049911691230058335
3566,-0.0,0.015555664753421183,0.049911691230058335
3567,-0.0,0.00016588956994212367,0.049911691230058335
3568,-0.0,6.166205365332189e-05,0.049911691230058335
3569,-0.0,2.124306496398276e-05,0.049911691230058335
3570,-0.0,8.480235607066788e-06,0.049911691230058335
3571,-0.0,0.0301618026192898,0.049911691230058335
3572,-0.0,0.00039801850084586476,0.049911691230058335
3573,-0.0,0.0002342119116036656,0.049911691230058335
3574,-0.0,0.0001249453091105579,0.049911691230058335
3575,-0.0,0.030633159320203163,0.049911691230058335
3576,-0.0,3.4147581601473576e-05,0.049911691230058335
3577,-0.0,0.015434439600312544,0.049911691230058335
3578,-0.0,8.669780424952478e-05,0.049911691230058335
3579,-0.0,7.696147602587189e-05,0.049911691230058335
3580,-0.0,0.015555495562182386,0.049911691230058335
3581,-0.0,0.00010528914131668898,0.049911691230058335
3582,-0.0,3.514764900125478e-05,0.049911691230058335
3583,-0.0,0.030906916791508365,0.049911691230058335
3584,-0.0,4.922677396734798e-05,0.049911691230058335
3585,-0.0,4.2249413638728583e-05,0.049911691230058335
3586,-0.0,2.2599671979151026e-05,0.049911691230058335
3587,-0.0,0.03040374973703308,0.049911691230058335
3588,-0.0,0.00040129446608716535,0.049911691230058335
3589,-0.0,0.0003101158211791244,0.049911691230058335
3590,-0.0,0.00020343816260037784,0.049911691230058335
3591,-0.0,9.359724614910192e-05,0.049911691230058335
3592,-0.0,4.441151463652204e-05,0.049911691230058335
3593,-0.0,0.01547423423608052,0.049911691230058335
3594,-0.0,0.00012658404020537972,0.049911691230058335
3595,-0.0,9.494940422882792e-05,0.049911691230058335
3596,-0.0,0.015545075819403564,0.049911691230058335
3597,-0.0,0.015078051056661934,0.049911691230058335
3598,-0.0,0.0002521898706220327,0.049911691230058335
3599,-0.0,0.00015260677670880796,0.049911691230058335
3600,-0.0,7.392655456328612e-05,0.049911691230058335
3601,-0.0,5.025636582445259e-05,0.049911691230058335
3602,-0.0,3.9107225234147336e-05,0.049911691230058335
3603,-0.0,2.3860469980263588e-05,0.049911691230058335
3604,-0.0,2.2480319870510357e-05,0.049911691230058335
3605,-0.0,1.4802044148609639e-05,0.049911691230058335
3606,-0.0,0.030786921344642337,0.049911691230058335
3607,-0.0,2.3461408687808216e-05,0.049911691230058335
3608,-0.0,0.01553498412152976,0.049911691230058335
3609,-0.0,0.00014622998017443933,0.049911691230058335
3610,-0.0,6.925987980821446e-05,0.049911691230058335
3611,-0.0,4.5426237534229585e-05,0.049911691230058335
3612,-0.0,2.7076916694568354e-05,0.049911691230058335
3613,-0.0,0.015515077028567248,0.049911691230058335
3614,-0.0,0.00015676668766673174,0.049911691230058335
3615,-0.0,4.821211120997759e-05,0.049911691230058335
3616,-0.0,5.057722171386558e-05,0.049911691230058335
3617,-0.0,3.473115668839455e-05,0.049911691230058335
3618,-0.0,1.7932728454184144e-05,0.049911691230058335
3619,-0.0,1.7934810841779836e-05,0.049911691230058335
3620,-0.0,1.1289629654243072e-05,0.049911691230058335
3621,-0.0,9.082262124593399e-06,0.049911691230058335
3622,-0.0,0.015384393842282407,0.049911691230058335
3623,-0.0,0.015621620339004494,0.049911691230058335
3624,-0.0,3.7425700014637187e-05,0.049911691230058335
3625,-0.0,0.015301637884789443,0.049911691230058335
3626,-0.0,0.015453678825338102,0.049911691230058335
3627,-0.0,0.00019846903865072818,0.049911691230058335
3628,-0.0,0.015551259806812823,0.049911691230058335
3629,-0.0,0.015338683751195958,0.049911691230058335
3630,-0.0,6.215416675559027e-05,0.049911691230058335
3631,-0.0,5.351207801140845e-05,0.049911691230058335
3632,-0.0,4.5288789380038e-05,0.049911691230058335
3633,-0.0,3.6343182614473335e-05,0.049911691230058335
3634,-0.0,0.015364323044252615,0.049911691230058335
3635,-0.0,0.0001448781273154509,0.049911691230058335
3636,-1.0,7.862740579867022e-05,0.049911691230058335
3637,-0.0,4.03675713158691e-05,0.049911691230058335
3638,-0.0,5.698371016649162e-05,0.049911691230058335
3639,-1.0,0.015495111954976437,0.049911691230058335
3640,-0.0,0.015065025044492586,0.049911691230058335
3641,-0.0,0.015099473221212634,0.049911691230058335
3642,-0.0,0.016566689769945242,0.049911691230058335
3643,-0.0,0.0008866055858050004,0.049911691230058335
3644,-0.0,0.0005512177038635713,0.049911691230058335
3645,-0.0,0.0005318999077510433,0.049911691230058335
3646,-0.0,0.0005131214439136264,0.049911691230058335
3647,-0.0,0.00039625315395452887,0.049911691230058335
3648,-0.0,0.014678759835478061,0.049911691230058335
3649,-0.0,0.00013880549775069362,0.049911691230058335
3650,-0.0,0.00010540181077089983,0.049911691230058335
3651,-0.0,0.00010264244214130969,0.049911691230058335
3652,-0.0,0.0001098323230501741,0.049911691230058335
3653,-0.0,8.811669537434064e-05,0.049911691230058335
3654,-0.0,0.01525788091890079,0.049911691230058335
3655,-0.0,0.00028567298450310474,0.049911691230058335
3656,-0.0,0.00017185805772679252,0.049911691230058335
3657,-0.0,0.00013884934762423704,0.049911691230058335
3658,-0.0,0.030942719487860926,0.049911691230058335
3659,-0.0,0.00035793411288409516,0.049911691230058335
3660,-0.0,0.00013646017001178734,0.049911691230058335
3661,-0.0,7.390184084243856e-05,0.049911691230058335
3662,-0.0,0.03034625198598917,0.049911691230058335
3663,-0.0,5.535516761767667e-05,0.049911691230058335
3664,-0.0,4.604687219966763e-05,0.049911691230058335
3665,-0.0,3.83456216468403e-05,0.049911691230058335
3666,-0.0,4.2589331364695227e-05,0.049911691230058335
3667,-0.0,0.03122186258812576,0.049911691230058335
3668,-0.0,0.0003180204662385222,0.049911691230058335
3669,-0.0,0.00018661315911572274,0.049911691230058335
3670,-1.0,0.00012927588170441595,0.049911691230058335
3671,-0.0,4.44540349349154e-05,0.049911691230058335
3672,-0.0,0.01590761120863249,0.049911691230058335
3673,-0.0,0.00013545948232263072,0.049911691230058335
3674,-0.0,0.014724019994474702,0.049911691230058335
3675,-0.0,0.015172748817889214,0.049911691230058335
3676,-0.0,0.0003169675575520614,0.049911691230058335
3677,-0.0,0.015550344036080688,0.049911691230058335
3678,-0.0,0.014914201063348287,0.049911691230058335
3679,-0.0,7.557094326671177e-05,0.049911691230058335
3680,-0.0,0.015509144213496029,0.049911691230058335
3681,-0.0,0.00016276058408948302,0.049911691230058335
3682,-0.0,0.015296332736021157,0.049911691230058335
3683,-0.0,4.863030599722151e-05,0.049911691230058335
3684,-1.0,0.03123135053438081,0.049911691230058335
3685,-0.0,4.566121631732756e-05,0.049911691230058335
3686,-0.0,3.615857985628246e-05,0.049911691230058335
3687,-0.0,3.1234750090036734e-05,0.049911691230058335
3688,-0.0,0.01572828319974473,0.049911691230058335
3689,-0.0,0.045630907072393256,0.049911691230058335
3690,-0.0,0.030762527419511798,0.049911691230058335
3691,-0.0,0.00021540225776561783,0.049911691230058335
3692,-0.0,0.00017037644298056875,0.049911691230058335
3693,-0.0,0.0001370961515192448,0.049911691230058335
3694,-0.0,8.265360068548944e-05,0.049911691230058335
3695,-0.0,7.765252058788974e-05,0.049911691230058335
3696,-0.0,5.517818976841227e-05,0.049911691230058335
3697,-0.0,0.015334193801422202,0.049911691230058335
3698,-0.0,0.044592843592340614,0.049911691230058335
3699,-0.0,0.0003225393542152233,0.049911691230058335
3700,-0.0,0.015228585140562245,0.049911691230058335
3701,-0.0,0.015268466246425305,0.049911691230058335
3702,-0.0,0.00018899074825640128,0.049911691230058335
3703,-0.0,0.015255303883236593,0.049911691230058335
3704,-0.0,0.015026755978965411,0.049911691230058335
3705,-0.0,0.00045199451597000007,0.049911691230058335
3706,-0.0,0.0001966643923196898,0.049911691230058335
3707,-0.0,0.0001832891555295646,0.049911691230058335
3708,-0.0,0.0001531142604562774,0.049911691230058335
3709,-0.0,0.00010331651947126375,0.049911691230058335
3710,-0.0,7.862684079817939e-05,0.049911691230058335
3711,-0.0,6.85949413536946e-05,0.049911691230058335
3712,-0.0,5.577887145591376e-05,0.049911691230058335
3713,-0.0,4.6536998752344516e-05,0.049911691230058335
3714,-0.0,4.7692559007828095e-05,0.049911691230058335
3715,-0.0,5.480009849634371e-05,0.049911691230058335
3716,-0.0,4.164533746120469e-05,0.049911691230058335
3717,-0.0,3.6742067891282204e-05,0.049911691230058335
3718,-0.0,2.8146384302374372e-05,0.049911691230058335
3719,-0.0,4.6826082225948085e-05,0.049911691230058335
3720,-0.0,0.015078701800566308,0.049911691230058335
3721,-0.0,8.754335780516292e-05,0.049911691230058335
3722,-0.0,0.029783754762145877,0.049911691230058335
3723,-0.0,0.014732758359006226,0.049911691230058335
3724,-0.0,0.058383728075057206,0.049911691230058335
3725,-0.0,0.00018985102747137717,0.049911691230058335
3726,-0.0,0.00016785625530246762,0.049911691230058335
3727,-0.0,0.00015325115481346074,0.049911691230058335
3728,-0.0,0.00013321965792556512,0.049911691230058335
3729,-0.0,0.00014073176129159037,0.049911691230058335
3730,-0.0,0.01488461632175131,0.049911691230058335
3731,-0.0,0.00019451800972092315,0.049911691230058335
3732,-0.0,0.00019513100636459058,0.049911691230058335
3733,-1.0,0.0001174687537002228,0.049911691230058335
3734,-0.0,0.00010031245753339135,0.049911691230058335
3735,-0.0,6.33095134787709e-05,0.049911691230058335
3736,-0.0,6.655860038051742e-05,0.049911691230058335
3737,-0.0,5.939003386146169e-05,0.049911691230058335
3738,-0.0,3.705318777491584e-05,0.049911691230058335
3739,-0.0,0.015389504892439732,0.049911691230058335
3740,-0.0,0.01562027993634274,0.049911691230058335
3741,-0.0,0.00041320831121538504,0.049911691230058335
3742,-0.0,0.00021819975347625586,0.049911691230058335
3743,-0.0,0.030592101569425267,0.049911691230058335
3744,-0.0,0.00011874168910708249,0.049911691230058335
3745,-0.0,8.555555831435413e-05,0.049911691230058335
3746,-0.0,0.030372930855918412,0.049911691230058335
3747,-0.0,8.011218250203456e-05,0.049911691230058335
3748,-0.0,6.24404193558803e-05,0.049911691230058335
3749,-0.0,5.1331013423805416e-05,0.049911691230058335
3750,-0.0,0.015367427722821958,0.049911691230058335
3751,-0.0,0.00017740840451097029,0.049911691230058335
3752,-0.0,0.00011686090743978639,0.049911691230058335
3753,-0.0,9.38495257400973e-05,0.049911691230058335
3754,-0.0,0.015085612259497339,0.049911691230058335
3755,-0.0,7.055819571633037e-05,0.049911691230058335
3756,-0.0,6.480534354835754e-05,0.049911691230058335
3757,-0.0,5.242456256837613e-05,0.049911691230058335
3758,-0.0,3.8502001544316045e-05,0.049911691230058335
3759,-0.0,2.822710921179805e-05,0.049911691230058335
3760,-0.0,1.913629986471932e-05,0.049911691230058335
3761,-0.0,2.0855327896640574e-05,0.049911691230058335
3762,-0.0,1.833873153600507e-05,0.049911691230058335
3763,-0.0,0.03055434255511713,0.049911691230058335
3764,-0.0,4.428995089256205e-05,0.049911691230058335
3765,-0.0,0.015395029731962495,0.049911691230058335
3766,-0.0,0.00021236925488210545,0.049911691230058335
3767,-0.0,0.014996337036450313,0.049911691230058335
3768,-0.0,5.46689504119513e-05,0.049911691230058335
3769,-0.0,0.014955807311110902,0.049911691230058335
3770,-0.0,0.00017787735544061434,0.049911691230058335
3771,-0.0,0.00012036069881560252,0.049911691230058335
3772,-0.0,8.062203305758686e-05,0.049911691230058335
3773,-0.0,4.438922842808779e-05,0.049911691230058335
3774,-0.0,4.169364287065491e-05,0.049911691230058335
3775,-0.0,3.652462254422062e-05,0.049911691230058335
3776,-0.0,3.3854438811431464e-05,0.049911691230058335
3777,-0.0,0.015448633376976773,0.049911691230058335
3778,-0.0,0.00014789530510483928,0.049911691230058335
3779,-0.0,0.015210406893260142,0.049911691230058335
3780,-0.0,0.00021512449779947929,0.049911691230058335
3781,-0.0,0.00015432909207646617,0.049911691230058335
3782,-0.0,9.52057133360995e-05,0.049911691230058335
3783,-0.0,3.932440151288574e-05,0.049911691230058335
3784,-0.0,0.015359871712185225,0.049911691230058335
3785,-0.0,8.349069012325572e-05,0.049911691230058335
3786,-0.0,0.01548463238436426,0.049911691230058335
3787,-0.0,0.00011595652023288494,0.049911691230058335
3788,-0.0,6.478041492385955e-05,0.049911691230058335
3789,-0.0,4.0059198624931014e-05,0.049911691230058335
3790,-0.0,0.01563172263835133,0.049911691230058335
3791,-0.0,0.015557018675764311,0.049911691230058335
3792,-0.0,4.789922138570546e-05,0.049911691230058335
3793,-0.0,4.1447136823080655e-05,0.049911691230058335
3794,-0.0,3.9766527450524336e-05,0.049911691230058335
3795,-0.0,0.015357682861235844,0.049911691230058335
3796,-0.0,0.030289182941146464,0.049911691230058335
3797,-0.0,0.00020239108880559797,0.049911691230058335
3798,-0.0,9.74836995055739e-05,0.049911691230058335
3799,-0.0,0.015324806772127886,0.049911691230058335
3800,-0.0,5.02084581910367e-05,0.049911691230058335
3801,-0.0,4.134721413606712e-05,0.049911691230058335
3802,-0.0,3.635851410876967e-05,0.049911691230058335
3803,-0.0,0.01533617587358549,0.049911691230058335
3804,-0.0,0.00010818027681125386,0.049911691230058335
3805,-0.0,0.00012280368176140546,0.049911691230058335
3806,-0.0,0.015299732102505459,0.049911691230058335
3807,-0.0,0.000265525935333244,0.049911691230058335
3808,-0.0,0.0001037130382428586,0.049911691230058335
3809,-0.0,5.9953175906457545e-05,0.049911691230058335
3810,-0.0,0.015389614845730648,0.049911691230058335
3811,-0.0,0.00014713545143507645,0.049911691230058335
3812,-0.0,0.015148933864310266,0.049911691230058335
3813,-0.0,0.00026891225678582487,0.049911691230058335
3814,-0.0,0.015290530697654958,0.049911691230058335
3815,-0.0,2.116713925914837e-05,0.049911691230058335
3816,-0.0,2.112999231052015e-05,0.049911691230058335
3817,-0.0,0.015490690420169262,0.049911691230058335
3818,-0.0,0.0001220858132739977,0.049911691230058335
3819,-0.0,0.01500427606924859,0.049911691230058335
3820,-0.0,0.014845749572874212,0.049911691230058335
3821,-0.0,0.015137622085518387,0.049911691230058335
3822,-0.0,0.0003736736358064263,0.049911691230058335
3823,-0.0,0.015069007789392685,0.049911691230058335
3824,-0.0,0.01502022291947469,0.049911691230058335
3825,-0.0,0.00035633184057815015,0.049911691230058335
3826,-0.0,0.015622686430234012,0.049911691230058335
3827,-0.0,2.8115120613847466e-05,0.049911691230058335
3828,-0.0,0.030351980729960815,0.049911691230058335
3829,-0.0,0.015370248417525545,0.049911691230058335
3830,-0.0,0.0005735635267569705,0.049911691230058335
3831,-0.0,0.0003030535888228769,0.049911691230058335
3832,-0.0,0.00021618517104116108,0.049911691230058335
3833,-0.0,0.00012654663868261196,0.049911691230058335
3834,-0.0,0.015316557629859062,0.049911691230058335
3835,-0.0,4.6301893775080316e-05,0.049911691230058335
3836,-0.0,3.301647407738528e-05,0.049911691230058335
3837,-0.0,3.300324959809586e-05,0.049911691230058335
3838,-0.0,2.3098084000139352e-05,0.049911691230058335
3839,-0.0,0.015347122722786821,0.049911691230058335
3840,-0.0,0.01553281040187926,0.049911691230058335
3841,-0.0,4.7619183987990255e-05,0.049911691230058335
3842,-0.0,0.014977002963348696,0.049911691230058335
3843,-0.0,9.341820026520509e-05,0.049911691230058335
3844,-0.0,6.953985439395183e-05,0.049911691230058335
3845,-0.0,5.589062234889752e-05,0.049911691230058335
3846,-0.0,4.108985024231515e-05,0.049911691230058335
3847,-0.0,2.8378530714689987e-05,0.049911691230058335
3848,-0.0,0.015472570452033096,0.049911691230058335
3849,-0.0,0.0001339409816978332,0.049911691230058335
3850,-1.0,0.03030231906842573,0.049911691230058335
3851,-0.0,0.00010935360973007846,0.049911691230058335
3852,-0.0,5.516465671462356e-05,0.049911691230058335
3853,-0.0,3.923585859411105e-05,0.049911691230058335
3854,-0.0,0.015559857343106387,0.049911691230058335
3855,-0.0,0.00011742334876885252,0.049911691230058335
3856,-0.0,0.0001269424091105975,0.049911691230058335
3857,-0.0,6.0552725742013536e-05,0.049911691230058335
3858,-0.0,5.018038558546323e-05,0.049911691230058335
3859,-0.0,0.015528315680228388,0.049911691230058335
3860,-0.0,0.015591480273229763,0.049911691230058335
3861,-0.0,5.3016903734715015e-05,0.049911691230058335
3862,-0.0,5.2791778898608754e-05,0.049911691230058335
3863,-0.0,4.42369674829024e-05,0.049911691230058335
3864,-0.0,0.015576504896614551,0.049911691230058335
3865,-0.0,0.015116088924401083,0.049911691230058335
3866,-0.0,0.01471021297342645,0.049911691230058335
3867,-0.0,0.015144470774771435,0.049911691230058335
3868,-0.0,0.015892968839239074,0.049911691230058335
3869,-0.0,0.015053741002645893,0.049911691230058335
3870,-0.0,0.01486863971291541,0.049911691230058335
3871,-0.0,0.00044112908193483236,0.049911691230058335
3872,-0.0,0.030221860012147772,0.049911691230058335
3873,-0.0,0.00010133932482858654,0.049911691230058335
3874,-0.0,0.01545077125234684,0.049911691230058335
3875,-0.0,0.030062289891134242,0.049911691230058335
3876,-0.0,0.015093035928430254,0.049911691230058335
3877,-1.0,0.00031934424794144434,0.049911691230058335
3878,-0.0,0.00018921712364772247,0.049911691230058335
3879,-0.0,0.015226357951348746,0.049911691230058335
3880,-0.0,0.00019295433082788804,0.049911691230058335
3881,-0.0,0.00017836531810644374,0.049911691230058335
3882,-0.0,0.00011528083177836379,0.049911691230058335
3883,-0.0,7.034457337340427e-05,0.049911691230058335
3884,-0.0,4.9977004016849014e-05,0.049911691230058335
3885,-0.0,0.015425344565702659,0.049911691230058335
3886,-0.0,0.0001305942539033822,0.049911691230058335
3887,-0.0,0.00010699484613496679,0.049911691230058335
3888,-0.0,6.953065013703963e-05,0.049911691230058335
3889,-0.0,5.406736404367507e-05,0.049911691230058335
3890,-0.0,5.3065490988046804e-05,0.049911691230058335
3891,-0.0,4.196196692873855e-05,0.049911691230058335
3892,-0.0,3.828975769692988e-05,0.049911691230058335
3893,-0.0,3.2054638836598315e-05,0.049911691230058335
3894,-0.0,2.9985236380980496e-05,0.049911691230058335
3895,-0.0,0.01518243487285531,0.049911691230058335
3896,-0.0,0.00014224747616253808,0.049911691230058335
3897,-0.0,8.621546800213764e-05,0.049911691230058335
3898,-0.0,9.286841941502644e-05,0.049911691230058335
3899,-0.0,4.584353735026525e-05,0.049911691230058335
3900,-0.0,4.847691202769511e-05,0.049911691230058335
3901,-0.0,0.01553402746404231,0.049911691230058335
3902,-0.0,0.00010670771203535878,0.049911691230058335
3903,-0.0,4.8707965675021114e-05,0.049911691230058335
3904,-0.0,0.015084126170336276,0.049911691230058335
3905,-0.0,9.255789868234388e-05,0.049911691230058335
3906,-0.0,9.346839550516961e-05,0.049911691230058335
3907,-0.0,0.015131224171312851,0.049911691230058335
3908,-0.0,0.00012577036602579028,0.049911691230058335
3909,-0.0,0.00013920715647941506,0.049911691230058335
3910,-0.0,0.015540051757170659,0.049911691230058335
3911,-0.0,0.01532597810421521,0.049911691230058335
3912,-0.0,0.02986901276142362,0.049911691230058335
3913,-0.0,0.00022750599430310103,0.049911691230058335
3914,-0.0,0.03042656378954689,0.049911691230058335
3915,-0.0,0.01532085008636841,0.049911691230058335
3916,-0.0,0.0002612167664324261,0.049911691230058335
3917,-1.0,0.015204065193472616,0.049911691230058335
3918,-0.0,0.015105274911888955,0.049911691230058335
3919,-0.0,0.015564161065185544,0.049911691230058335
3920,-0.0,6.664192869720864e-05,0.049911691230058335
3921,-0.0,4.124383144699095e-05,0.049911691230058335
3922,-0.0,3.870449904752604e-05,0.049911691230058335
3923,-0.0,3.6723968378282734e-05,0.049911691230058335
3924,-0.0,0.015458858091960792,0.049911691230058335
3925,-0.0,0.01548279811993325,0.049911691230058335
3926,-0.0,5.439507424398471e-05,0.049911691230058335
3927,-0.0,0.015351989513874287,0.049911691230058335
3928,-0.0,0.00021665980887064507,0.049911691230058335
3929,-0.0,0.00014633170860633982,0.049911691230058335
3930,-0.0,0.015330512347247804,0.049911691230058335
3931,-0.0,0.015107039977152681,0.049911691230058335
3932,-0.0,0.00028705306765175465,0.049911691230058335
3933,-0.0,0.015086122519960554,0.049911691230058335
3934,-0.0,0.00038480493049064535,0.049911691230058335
3935,-0.0,0.015098124893540898,0.049911691230058335
3936,-0.0,0.015537195473484644,0.049911691230058335
3937,-0.0,6.839540134606636e-05,0.049911691230058335
3938,-0.0,5.2900096989105805e-05,0.049911691230058335
3939,-0.0,4.170774798240018e-05,0.049911691230058335
3940,-0.0,3.598628137524429e-05,0.049911691230058335
3941,-0.0,3.285745967218645e-05,0.049911691230058335
3942,-0.0,0.015343977167844969,0.049911691230058335
3943,-0.0,0.00016076730810254958,0.049911691230058335
3944,-0.0,0.0001572759876680152,0.049911691230058335
3945,-0.0,6.031455348676218e-05,0.049911691230058335
3946,-0.0,5.662589512667182e-05,0.049911691230058335
3947,-0.0,0.03015112597455527,0.049911691230058335
3948,-0.0,0.015527139736605022,0.049911691230058335
3949,-0.0,0.029957459725835633,0.049911691230058335
3950,-0.0,0.01550835630871461,0.049911691230058335
3951,-0.0,0.00016072228982011438,0.049911691230058335
3952,-0.0,8.67222010310087e-05,0.049911691230058335
3953,-0.0,0.00013002644027104715,0.049911691230058335
3954,-0.0,8.69286371880662e-05,0.049911691230058335
3955,-0.0,0.015266836798446093,0.049911691230058335
3956,-0.0,0.01508851065636918,0.049911691230058335
3957,-0.0,0.0003072809256536857,0.049911691230058335
3958,-0.0,0.05860267238873096,0.049911691230058335
3959,-0.0,0.0006679263432260996,0.049911691230058335
3960,-0.0,0.0005592449416553791,0.049911691230058335
3961,-0.0,0.00018586722160307545,0.049911691230058335
3962,-0.0,0.0002751555722397825,0.049911691230058335
3963,-0.0,0.015285248743396096,0.049911691230058335
3964,-0.0,0.015227497166137027,0.049911691230058335
3965,-0.0,0.000132197591028671,0.049911691230058335
3966,-0.0,9.764475828433206e-05,0.049911691230058335
3967,-0.0,0.015247120844946949,0.049911691230058335
3968,-0.0,9.131724709732225e-05,0.049911691230058335
3969,-0.0,9.590354329702677e-05,0.049911691230058335
3970,-0.0,6.723087881255196e-05,0.049911691230058335
3971,-0.0,0.015156814647809824,0.049911691230058335
3972,-0.0,0.00011050224741282477,0.049911691230058335
3973,-0.0,0.00010810816490902653,0.049911691230058335
3974,-0.0,6.364975547512586e-05,0.049911691230058335
3975,-0.0,5.262249248971784e-05,0.049911691230058335
3976,-0.0,4.0094875600971136e-05,0.049911691230058335
3977,-0.0,0.01529648652240212,0.049911691230058335
3978,-0.0,0.015392143422651827,0.049911691230058335
3979,-0.0,4.3192124280722055e-05,0.049911691230058335
3980,-0.0,4.510501241838938e-05,0.049911691230058335
3981,-0.0,3.2706418210182164e-05,0.049911691230058335
3982,-0.0,3.19346208357274e-05,0.049911691230058335
3983,-0.0,0.01540799338135912,0.049911691230058335
3984,-0.0,0.00014803040477318063,0.049911691230058335
3985,-0.0,0.0001412201285120318,0.049911691230058335
3986,-0.0,0.015251354684608032,0.049911691230058335
3987,-0.0,0.015178441030514023,0.049911691230058335
3988,-0.0,4.2048964814966894e-05,0.049911691230058335
3989,-0.0,3.711275860496244e-05,0.049911691230058335
3990,-0.0,3.081514449831957e-05,0.049911691230058335
3991,-0.0,3.049081732342529e-05,0.049911691230058335
3992,-1.0,0.030270630568224988,0.049911691230058335
3993,-0.0,0.014857551454099394,0.049911691230058335
3994,-0.0,0.0006409889150518211,0.049911691230058335
3995,-0.0,0.0003476484290558801,0.049911691230058335
3996,-0.0,0.000302479090748875,0.049911691230058335
3997,-0.0,0.030611177294701974,0.049911691230058335
3998,-0.0,8.901144923356696e-05,0.049911691230058335
3999,-0.0,0.014956975421000607,0.049911691230058335
4000,-0.0,0.00019447360841695627,0.049911691230058335
4001,-0.0,0.00012618269971653717,0.049911691230058335
4002,-0.0,7.582352390045344e-05,0.049911691230058335
4003,-0.0,7.185072536231019e-05,0.049911691230058335
4004,-0.0,8.791831550070128e-05,0.049911691230058335
4005,-0.0,0.060979002648082314,0.049911691230058335
4006,-0.0,5.0684784206445066e-05,0.049911691230058335
4007,-0.0,4.984927375062398e-05,0.049911691230058335
4008,-0.0,4.796086682334888e-05,0.049911691230058335
4009,-0.0,4.1603712816140614e-05,0.049911691230058335
4010,-0.0,0.030244018876487644,0.049911691230058335
4011,-0.0,0.014820823925134619,0.049911691230058335
4012,-0.0,0.015956420714246633,0.049911691230058335
4013,-0.0,0.0005094306712862817,0.049911691230058335
4014,-0.0,0.0003679744235114413,0.049911691230058335
4015,-0.0,0.000347198433757967,0.049911691230058335
4016,-0.0,0.00022133312461392052,0.049911691230058335
4017,-0.0,0.015005374871066124,0.049911691230058335
4018,-0.0,0.00032015893748393864,0.049911691230058335
4019,-0.0,0.0155896196596359,0.049911691230058335
4020,-0.0,5.4250672576472425e-05,0.049911691230058335
4021,-0.0,6.259037820655067e-05,0.049911691230058335
4022,-0.0,4.487506919303996e-05,0.049911691230058335
4023,-0.0,3.608105470220835e-05,0.049911691230058335
4024,-0.0,0.02984459535065298,0.049911691230058335
4025,-0.0,0.0003161873152066619,0.049911691230058335
4026,-0.0,0.00020893366126983892,0.049911691230058335
4027,-0.0,0.030365752094951404,0.049911691230058335
4028,-0.0,0.014891701904161891,0.049911691230058335
4029,-0.0,0.0001538291952556392,0.049911691230058335
4030,-0.0,0.00015144177643833245,0.049911691230058335
4031,-0.0,0.00016388830698588208,0.049911691230058335
4032,-0.0,0.00011534621046394022,0.049911691230058335
4033,-0.0,8.822744001690808e-05,0.049911691230058335
4034,-0.0,0.00012314807293023478,0.049911691230058335
4035,-0.0,0.014979074879875043,0.049911691230058335
4036,-0.0,0.00018737961660697522,0.049911691230058335
4037,-0.0,0.00020028258671800359,0.049911691230058335
4038,-0.0,0.00014837008747292657,0.049911691230058335
4039,-0.0,9.922771118908713e-05,0.049911691230058335
4040,-0.0,0.015067560759234766,0.049911691230058335
4041,-0.0,0.00020941894632642288,0.049911691230058335
4042,-0.0,0.0001020576913788318,0.049911691230058335
4043,-0.0,0.02990746997922522,0.049911691230058335
4044,-0.0,2.4571021953079253e-05,0.049911691230058335
4045,-0.0,0.015572666022262427,0.049911691230058335
4046,-0.0,0.015488512082904249,0.049911691230058335
4047,-0.0,0.015299849464213366,0.049911691230058335
4048,-0.0,0.00020939317198553908,0.049911691230058335
4049,-0.0,0.00012850506550421414,0.049911691230058335
4050,-0.0,8.436019254531857e-05,0.049911691230058335
4051,-0.0,9.425457835732232e-05,0.049911691230058335
4052,-0.0,0.015135253485368594,0.049911691230058335
4053,-0.0,0.030407984950045375,0.049911691230058335
4054,-0.0,6.747290132125272e-05,0.049911691230058335
4055,-0.0,8.288302939263303e-05,0.049911691230058335
4056,-0.0,8.019809138204437e-05,0.049911691230058335
4057,-0.0,7.271876239656194e-05,0.049911691230058335
4058,-0.0,7.06519885511625e-05,0.049911691230058335
4059,-0.0,0.030877450293572473,0.049911691230058335
4060,-0.0,0.014597232757270096,0.049911691230058335
4061,-0.0,0.000149316519788667,0.049911691230058335
4062,-0.0,7.386100253370387e-05,0.049911691230058335
4063,-0.0,6.176460468054756e-05,0.049911691230058335
4064,-0.0,0.015059363837565343,0.049911691230058335
4065,-0.0,0.00010490058958190218,0.049911691230058335
4066,-0.0,0.00011932390509628021,0.049911691230058335
4067,-0.0,6.751705979013423e-05,0.049911691230058335
4068,-0.0,5.838378916678266e-05,0.049911691230058335
4069,-0.0,5.4325731184690085e-05,0.049911691230058335
4070,-0.0,4.2045130641099604e-05,0.049911691230058335
4071,-0.0,4.039098405428376e-05,0.049911691230058335
4072,-0.0,4.267350959707983e-05,0.049911691230058335
4073,-0.0,2.6927961926048738e-05,0.049911691230058335
4074,-0.0,0.03064060005885949,0.049911691230058335
4075,-0.0,0.00035582736330752596,0.049911691230058335
4076,-0.0,0.00022081094965642478,0.049911691230058335
4077,-0.0,0.00010742565734744858,0.049911691230058335
4078,-0.0,6.156716295890874e-05,0.049911691230058335
4079,-0.0,5.3207270724442424e-05,0.049911691230058335
4080,-0.0,5.570040261204667e-05,0.049911691230058335
4081,-0.0,4.893909292036369e-05,0.049911691230058335
4082,-0.0,1.81500087137465e-05,0.049911691230058335
4083,-0.0,0.015281680960555377,0.049911691230058335
4084,-0.0,0.00010238267046247529,0.049911691230058335
4085,-0.0,6.140622170391907e-05,0.049911691230058335
4086,-0.0,2.92686997340752e-05,0.049911691230058335
4087,-0.0,0.045799872413255116,0.049911691230058335
4088,-0.0,0.00017783271215421337,0.049911691230058335
4089,-0.0,0.00010216046973710036,0.049911691230058335
4090,-0.0,0.00010563671308028155,0.049911691230058335
4091,-0.0,4.764057496231544e-05,0.049911691230058335
4092,-0.0,2.723279164484893e-05,0.049911691230058335
4093,-0.0,1.973804799604295e-05,0.049911691230058335
4094,-0.0,1.7275361784641063e-05,0.049911691230058335
4095,-0.0,1.372498346086104e-05,0.049911691230058335
4096,-0.0,0.015358709079379196,0.049911691230058335
4097,-0.0,0.015137702374801165,0.049911691230058335
4098,-0.0,4.912448517302437e-05,0.049911691230058335
4099,-0.0,0.030545974810394227,0.049911691230058335
4100,-0.0,4.019624273610134e-05,0.049911691230058335
4101,-1.0,2.6935188145671418e-05,0.049911691230058335
4102,-1.0,2.158018983422494e-05,0.049911691230058335
4103,-1.0,2.3467235337193415e-05,0.049911691230058335
4104,-1.0,0.014981007736253105,0.049911691230058335
4105,-1.0,0.00011818111568828726,0.049911691230058335
4106,-0.0,0.00011427542324327078,0.049911691230058335
4107,-0.0,6.112850508088741e-05,0.049911691230058335
4108,-0.0,4.57494976160433e-05,0.049911691230058335
4109,-0.0,0.015270007471116287,0.049911691230058335
4110,-0.0,0.015136304424515856,0.049911691230058335
4111,-1.0,0.014653720333058118,0.049911691230058335
4112,-0.0,0.015692723687322996,0.049911691230058335
4113,-0.0,0.015431801260831435,0.049911691230058335
4114,-0.0,4.1881100287355366e-05,0.049911691230058335
4115,-0.0,4.11120834655776e-05,0.049911691230058335
4116,-0.0,2.784177263492893e-05,0.049911691230058335
4117,-0.0,2.504518846535575e-05,0.049911691230058335
4118,-0.0,2.2387378066923702e-05,0.049911691230058335
4119,-0.0,0.029616153585692473,0.049911691230058335
4120,-0.0,0.00027690839317529026,0.049911691230058335
4121,-0.0,0.030984321720609387,0.049911691230058335
4122,-0.0,0.015094070466261655,0.049911691230058335
4123,-0.0,0.015263207543057433,0.049911691230058335
4124,-1.0,8.845026775361475e-05,0.049911691230058335
4125,-0.0,0.015200054686715703,0.049911691230058335
4126,-0.0,0.015125592006256738,0.049911691230058335
4127,-0.0,0.015597022700262642,0.049911691230058335
4128,-0.0,0.00010446885471537826,0.049911691230058335
4129,-0.0,0.030853932859088218,0.049911691230058335
4130,-0.0,0.0002445288648686983,0.049911691230058335
4131,-0.0,0.000199870308165373,0.049911691230058335
4132,-0.0,0.0002673010355920269,0.049911691230058335
4133,-0.0,0.015071082822714743,0.049911691230058335
4134,-0.0,0.015361971065885882,0.049911691230058335
4135,-0.0,7.791613586505264e-05,0.049911691230058335
4136,-0.0,7.70568287862261e-05,0.049911691230058335
4137,-0.0,0.0302674798164162,0.049911691230058335
4138,-0.0,0.03026405960622469,0.049911691230058335
4139,-0.0,0.0003275842317407296,0.049911691230058335
4140,-0.0,0.01513397839244135,0.049911691230058335
4141,-0.0,0.015576046382420827,0.049911691230058335
4142,-0.0,0.000123091772863404,0.049911691230058335
4143,-0.0,0.015171590073350671,0.049911691230058335
4144,-0.0,9.203537092616898e-05,0.049911691230058335
4145,-0.0,0.015075637330028258,0.049911691230058335
4146,-0.0,0.00018315866475404619,0.049911691230058335
4147,-0.0,0.0001355456319060977,0.049911691230058335
4148,-0.0,9.866711025097175e-05,0.049911691230058335
4149,-0.0,0.014973115060911368,0.049911691230058335
4150,-0.0,0.0001682903467781216,0.049911691230058335
4151,-0.0,0.00014247938486278144,0.049911691230058335
4152,-0.0,8.873554793353833e-05,0.049911691230058335
4153,-0.0,0.015357112437740739,0.049911691230058335
4154,-0.0,0.0002700208658552583,0.049911691230058335
4155,-0.0,0.04572156594122134,0.049911691230058335
4156,-0.0,7.068696163514687e-05,0.049911691230058335
4157,-0.0,0.030187634635922223,0.049911691230058335
4158,-0.0,6.410379455701332e-05,0.049911691230058335
4159,-0.0,6.515260793094058e-05,0.049911691230058335
4160,-0.0,0.01533935655879759,0.049911691230058335
4161,-0.0,0.0001685950328464969,0.049911691230058335
4162,-0.0,0.0001232630629601772,0.049911691230058335
4163,-0.0,9.715690020328793e-05,0.049911691230058335
4164,-0.0,0.00011244837503454619,0.049911691230058335
4165,-0.0,8.18367377632967e-05,0.049911691230058335
4166,-0.0,8.46392565563292e-05,0.049911691230058335
4167,-0.0,0.015130862179262294,0.049911691230058335
4168,-0.0,9.973802684726252e-05,0.049911691230058335
4169,-0.0,0.013769628370113196,0.049911691230058335
4170,-0.0,0.00022771065266624646,0.049911691230058335
4171,-0.0,0.0001339928758170572,0.049911691230058335
4172,-0.0,0.00011445862389791728,0.049911691230058335
4173,-0.0,8.865479890118877e-05,0.049911691230058335
4174,-0.0,0.015124648483265446,0.049911691230058335
4175,-0.0,0.00020534498241886467,0.049911691230058335
4176,-0.0,0.00016164671370688666,0.049911691230058335
4177,-0.0,7.126666571366513e-05,0.049911691230058335
4178,-1.0,0.015447707208579686,0.049911691230058335
4179,-1.0,0.00022319900801903714,0.049911691230058335
4180,-1.0,0.00014290615975198762,0.049911691230058335
4181,-1.0,0.015035539621578664,0.049911691230058335
4182,-1.0,0.00021504710872477517,0.049911691230058335
4183,-1.0,0.014761266761581737,0.049911691230058335
4184,-1.0,0.0002844352034117037,0.049911691230058335
4185,-1.0,0.014867515269429532,0.049911691230058335
4186,-0.0,0.015583658876380468,0.049911691230058335
4187,-0.0,0.015541303083498548,0.049911691230058335
4188,-0.0,0.00012036490043954018,0.049911691230058335
4189,-0.0,8.115515629469883e-05,0.049911691230058335
4190,-0.0,6.402274135552943e-05,0.049911691230058335
4191,-0.0,3.464051229684628e-05,0.049911691230058335
4192,-0.0,0.00014004752210894367,0.049911691230058335
4193,-0.0,2.049761303624109e-05,0.049911691230058335
4194,-0.0,0.015338909004526613,0.049911691230058335
4195,-0.0,0.00011594241874490763,0.049911691230058335
4196,-0.0,0.015216377590320462,0.049911691230058335
4197,-0.0,0.01478806863013915,0.049911691230058335
4198,-0.0,0.0004626571929406964,0.049911691230058335
4199,-0.0,0.0002621676663636663,0.049911691230058335
4200,-0.0,0.015441570798898852,0.049911691230058335
4201,-0.0,2.4299938708338686e-05,0.049911691230058335
4202,-0.0,2.660174927004988e-05,0.049911691230058335
4203,-0.0,2.1091855956001382e-05,0.049911691230058335
4204,-0.0,2.4042602859708495e-05,0.049911691230058335
4205,-0.0,1.5340781772010814e-05,0.049911691230058335
4206,-0.0,0.030867603374503005,0.049911691230058335
4207,-0.0,0.03093380198686191,0.049911691230058335
4208,-0.0,0.015560905497807198,0.049911691230058335
4209,-0.0,0.0004076174744227501,0.049911691230058335
4210,-0.0,0.0002645138231969213,0.049911691230058335
4211,-0.0,0.015800084970720718,0.049911691230058335
4212,-0.0,3.4951629714896626e-05,0.049911691230058335
4213,-0.0,0.015243781791411948,0.049911691230058335
4214,-0.0,0.015166419789352403,0.049911691230058335
4215,-0.0,0.014497053610455168,0.049911691230058335
4216,-1.0,0.00019580251750994648,0.049911691230058335
4217,-0.0,0.00010242660374615298,0.049911691230058335
4218,-0.0,0.02864500790772695,0.049911691230058335
4219,-0.0,0.00015821056382492316,0.049911691230058335
4220,-0.0,7.833651966393518e-05,0.049911691230058335
4221,-0.0,5.492779882843024e-05,0.049911691230058335
4222,-0.0,0.01562282512563229,0.049911691230058335
4223,-0.0,0.015045788880399869,0.049911691230058335
4224,-0.0,0.00022373381113993673,0.049911691230058335
4225,-0.0,0.0001749546974281202,0.049911691230058335
4226,-0.0,0.00012257762375611492,0.049911691230058335
4227,-0.0,0.015526809086054527,0.049911691230058335
4228,-0.0,9.030196713410987e-05,0.049911691230058335
4229,-0.0,0.01587600221358798,0.049911691230058335
4230,-0.0,7.839606704962421e-05,0.049911691230058335
4231,-0.0,6.805336255411021e-05,0.049911691230058335
4232,-0.0,5.3031521332513876e-05,0.049911691230058335
4233,-0.0,0.031083748534513234,0.049911691230058335
4234,-0.0,2.462067053610184e-05,0.049911691230058335
4235,-0.0,0.01571115985490934,0.049911691230058335
4236,-0.0,0.014996679288799442,0.049911691230058335
4237,-0.0,6.715536707702086e-05,0.049911691230058335
4238,-0.0,0.015318724127325822,0.049911691230058335
4239,-0.0,0.014104955630955374,0.049911691230058335
4240,-0.0,0.04553680623627088,0.049911691230058335
4241,-0.0,0.00044865772511570867,0.049911691230058335
4242,-0.0,0.00026890247437449943,0.049911691230058335
4243,-0.0,0.029516812031260997,0.049911691230058335
4244,-0.0,0.015255760593220202,0.049911691230058335
4245,-0.0,0.00037358494193995284,0.049911691230058335
4246,-0.0,0.02995691532407818,0.049911691230058335
4247,-0.0,0.014950725930361841,0.049911691230058335
4248,-0.0,0.015380847208803061,0.049911691230058335
4249,-0.0,0.02889388486369171,0.049911691230058335
4250,-0.0,7.018392972213405e-05,0.049911691230058335
4251,-0.0,7.774318373776623e-05,0.049911691230058335
4252,-0.0,0.015680587812454405,0.049911691230058335
4253,-0.0,0.01519939951772642,0.049911691230058335
4254,-0.0,0.05569532970389446,0.049911691230058335
4255,-0.0,0.00017281361294863018,0.049911691230058335
4256,-0.0,0.06374128748598196,0.049911691230058335
4257,-1.0,0.0009565813469407658,0.049911691230058335
4258,-1.0,0.0349153506630373,0.049911691230058335
4259,-1.0,0.00016117775089696806,0.049911691230058335
4260,-1.0,0.0001979948622192751,0.049911691230058335
4261,-1.0,0.02943451524424745,0.049911691230058335
4262,-1.0,0.0005850674979228643,0.049911691230058335
4263,-1.0,0.011778773839751011,0.049911691230058335
4264,-0.0,0.011318230587789913,0.049911691230058335
4265,-0.0,0.0003104121384467362,0.049911691230058335
4266,-0.0,0.01045631717033757,0.049911691230058335
4267,-0.0,0.0003777042691126553,0.049911691230058335
4268,-0.0,0.009928328572300416,0.049911691230058335
4269,-0.0,0.0002881017072695613,0.049911691230058335
4270,-0.0,0.020219979652551956,0.049911691230058335
4271,-0.0,9.94685884734281e-05,0.049911691230058335
4272,-0.0,0.02003696772442254,0.049911691230058335
4273,-0.0,0.00025925769512014085,0.049911691230058335
4274,-0.0,0.015343411756902015,0.049911691230058335
4275,-0.0,0.000604542289352139,0.049911691230058335
4276,-0.0,0.0005437378969190831,0.049911691230058335
4277,-0.0,0.03075580887355045,0.049911691230058335
4278,-0.0,0.0003398929652576044,0.049911691230058335
4279,-1.0,0.013954226011378523,0.049911691230058335
4280,-0.0,0.0002449583578254533,0.049911691230058335
4281,-0.0,0.015068727181926533,0.049911691230058335
4282,-0.0,0.00014102430333196025,0.049911691230058335
4283,-0.0,0.0001437905561374464,0.049911691230058335
4284,-0.0,0.015745208256078058,0.049911691230058335
4285,-0.0,0.02672191538329116,0.049911691230058335
4286,-0.0,0.009907137836876245,0.049911691230058335
4287,-0.0,0.00018163110382829473,0.049911691230058335
4288,-0.0,0.022857614444887986,0.049911691230058335
4289,-0.0,0.006044970058496801,0.049911691230058335
4290,-0.0,0.04246150169012708,0.049911691230058335
4291,-0.0,0.0006851721930303256,0.049911691230058335
4292,-0.0,0.013713245721703515,0.049911691230058335
4293,-0.0,0.0002838710665038491,0.049911691230058335
4294,-0.0,0.00016725613379264814,0.049911691230058335
4295,-0.0,0.005162169130024097,0.049911691230058335
4296,-0.0,0.00015942741038621477,0.049911691230058335
4297,-1.0,0.00017819931546902978,0.049911691230058335
4298,-1.0,0.000317351495787932,0.049911691230058335
4299,-1.0,0.01867527935243629,0.049911691230058335
4300,-1.0,0.01520323984971128,0.049911691230058335
4301,-1.0,0.00035399709363304055,0.049911691230058335
4302,-1.0,0.00045079237759828444,0.049911691230058335
4303,-1.0,0.0003224711933196289,0.049911691230058335
4304,-1.0,0.0004411302290918684,0.049911691230058335
4305,-0.0,0.02262710452169392,0.049911691230058335
4306,-0.0,0.00010110926759424044,0.049911691230058335
4307,-0.0,0.00015105109132207417,0.049911691230058335
4308,-0.0,3.620719720220933e-05,0.049911691230058335
4309,-0.0,3.946566656320982e-05,0.049911691230058335
4310,-0.0,3.705495501602277e-05,0.049911691230058335
4311,-0.0,2.427047265762816e-05,0.049911691230058335
4312,-0.0,0.01874920536479152,0.049911691230058335
4313,-1.0,0.0005450634577646163,0.049911691230058335
4314,-2.0,0.021572338667590785,0.049911691230058335
4315,-2.0,0.03766262278378463,0.049911691230058335
4316,-2.0,0.000753083138953059,0.049911691230058335
4317,-2.0,0.018450610380796206,0.049911691230058335
4318,-2.0,0.13595126620123743,0.049911691230058335
4319,-2.0,0.0013747950546436627,0.049911691230058335
4320,-2.0,0.02489258043799747,0.049911691230058335
4321,-2.0,0.00041687271027512907,0.049911691230058335
4322,-2.0,0.0003025470916782069,0.049911691230058335
4323,-2.0,0.13963058057743183,0.049911691230058335
4324,-2.0,0.014341268628129455,0.049911691230058335
4325,-2.0,0.037232587662245464,0.049911691230058335
4326,-2.0,0.06377039234735093,0.049911691230058335
4327,-2.0,0.0019023550446490844,0.049911691230058335
4328,-2.0,0.0129878305617801,0.049911691230058335
4329,-2.0,0.060453615687634965,0.049911691230058335
4330,-2.0,0.0700649295929594,0.049911691230058335
4331,-2.0,0.06681132908579457,0.049911691230058335
4332,-2.0,0.0010278463300892327,0.049911691230058335
4333,-2.0,0.06511357133888396,0.049911691230058335
4334,-2.0,0.05917040694481557,0.049911691230058335
4335,-2.0,0.026418510485029856,0.049911691230058335
4336,-2.0,0.0025245975633723106,0.049911691230058335
4337,-3.0,0.026090180286786335,0.049911691230058335
4338,-3.0,0.060814113750666365,0.049911691230058335
4339,-3.0,0.06024391343407842,0.049911691230058335
4340,-3.0,0.0014750286954949843,0.049911691230058335
4341,-3.0,0.015047674505240138,0.049911691230058335
4342,-2.0,0.06987223404460918,0.049911691230058335
4343,-2.0,0.015142126192699834,0.049911691230058335
4344,-2.0,0.19503155446227538,0.049911691230058335
4345,-2.0,0.027440080627002317,0.049911691230058335
4346,-2.0,0.031035947069995018,0.049911691230058335
4347,-2.0,0.05766440101297121,0.049911691230058335
4348,-2.0,0.0018167079882127624,0.049911691230058335
4349,-2.0,0.013720437683559794,0.049911691230058335
4350,-2.0,0.03739767874571953,0.049911691230058335
4351,-2.0,0.06960756305351756,0.049911691230058335
4352,-2.0,0.002526250391028384,0.049911691230058335
4353,-2.0,0.13366722151623822,0.049911691230058335
4354,-2.0,0.00038269751874575597,0.049911691230058335
4355,-2.0,0.000444507871738109,0.049911691230058335
4356,-3.0,0.052190886432901706,0.049911691230058335
4357,-3.0,0.11848740733036323,0.049911691230058335
4358,-3.0,0.272376963788588,0.049911691230058335
4359,-2.0,0.02808412509267555,0.049911691230058335
4360,-2.0,0.15589861548395295,0.049911691230058335
4361,-2.0,0.20423948081093357,0.049911691230058335
4362,-2.0,0.023284607846107974,0.049911691230058335
4363,-2.0,0.04899122400883016,0.049911691230058335
4364,-2.0,0.09330955540241348,0.049911691230058335
4365,-2.0,0.25631250134426864,0.049911691230058335
4366,-2.0,0.0038801665345999936,0.049911691230058335
4367,-2.0,0.003976716196376628,0.049911691230058335
4368,-2.0,0.022248192497698938,0.049911691230058335
4369,-2.0,0.00554923707954913,0.049911691230058335
4370,-2.0,0.0009742437935642556,0.049911691230058335
4371,-3.0,0.014988591830102788,0.049911691230058335
4372,-3.0,0.0007135860349531953,0.049911691230058335
4373,-3.0,0.22383808758216936,0.049911691230058335
4374,-3.0,0.2879673974525794,0.049911691230058335
4375,-3.0,0.3014350758986077,0.049911691230058335
4376,-3.0,0.0022361357039114606,0.049911691230058335
4377,-3.0,0.1977550448105138,0.049911691230058335
4378,-3.0,0.15150263848658507,0.049911691230058335
4379,-2.0,0.03553893294400723,0.049911691230058335
4380,-2.0,0.04853577741914705,0.049911691230058335
4381,-2.0,0.4040715921219089,0.049911691230058335
4382,-3.0,0.24742205501226522,0.049911691230058335
4383,-3.0,0.14078181864857697,0.049911691230058335
4384,-3.0,0.21104827341901,0.049911691230058335
4385,-3.0,0.02199528162306308,0.049911691230058335
4386,-3.0,0.11910038755502583,0.049911691230058335
4387,-2.0,0.37412598415789944,0.049911691230058335
4388,-2.0,0.008762550305618788,0.049911691230058335
4389,-2.0,0.12158068366920816,0.049911691230058335
4390,-2.0,0.001707991529656283,0.049911691230058335
4391,-2.0,0.5193523783120213,0.049911691230058335
4392,-2.0,0.13097480891451596,0.049911691230058335
4393,-3.0,0.12208985889219548,0.049911691230058335
4394,-3.0,1.1191636103626479,0.049911691230058335
4395,-3.0,0.2170476169367248,0.049911691230058335
4396,-3.0,0.12445650652807672,0.049911691230058335
4397,-3.0,0.08934861293550966,0.049911691230058335
4398,-3.0,0.03838281352705053,0.049911691230058335
4399,-3.0,4.080582539875195,0.049911691230058335
4400,-3.0,0.032270465868350584,0.049911691230058335
4401,-2.05,0.7842356724358979,0.049911691230058335
4402,-2.1,0.020212875890138093,0.049911691230058335
4403,-1.05,2.543715971074562,0.049911691230058335
4404,-2.1,0.03377232817001641,0.049911691230058335
4405,-2.15,6.020718724863627,0.049911691230058335
4406,-5.7,1.0052937904692953,0.049911691230058335
4407,-5.9,45.130620647076285,0.049911691230058335
4408,-13.15,1.1329564889192625,0.049911691230058335
4409,-12.450000000000001,0.8667629738920368,0.049911691230058335
4410,-12.75,3.023623691726243,0.049911691230058335
4411,-13.05,0.04324552553589456,0.049911691230058335
4412,-12.350000000000001,0.02814476790081244,0.049911691230058335
4413,-12.65,0.1261862455867231,0.049911691230058335
4414,-11.950000000000001,0.05387277132831514,0.049911691230058335
4415,-12.25,0.9051791831589071,0.049911691230058335
4416,-19.95,18.413007042836398,0.049911691230058335
4417,-27.8,3.384656055179221,0.049911691230058335
4418,-28.150000000000002,3.740742702921125,0.049911691230058335
4419,-29.55,336.8426770929036,0.049911691230058335
4420,-39.4,0.9804448785216664,0.049911691230058335
4421,-41.0,0.10322871911921538,0.049911691230058335
4422,-55.400000000000006,11.896608172988635,0.049911691230058335
4423,-71.65,0.09835066681262106,0.049911691230058335
4424,-74.45,229.69625565825845,0.049911691230058335
4425,-75.25,1.244283249572618,0.049911691230058335
4426,-76.05000000000001,0.3150229296879843,0.049911691230058335
4427,-77.85,1.0705334935191786,0.049911691230058335
4428,-77.65,15.151448320837517,0.049911691230058335
4429,-78.2,0.9134168147720629,0.049911691230058335
4430,-79.0,1.3506547833894729,0.049911691230058335
4431,-78.8,0.49800130262519815,0.049911691230058335
4432,-79.60000000000001,0.16571347251692714,0.049911691230058335
4433,-80.4,2.313654344338147,0.049911691230058335
4434,-81.2,1.3449865245199817,0.049911691230058335
4435,-82.0,0.383817643634643,0.049911691230058335
4436,-82.8,218.5836412781124,0.049911691230058335
4437,-83.60000000000001,156.95391906317855,0.049911691230058335
4438,-84.4,0.8479086352454033,0.049911691230058335
4439,-85.2,0.03571277239097981,0.049911691230058335
4440,-86.0,0.45118343458671006,0.049911691230058335
4441,-86.8,0.04149963055715489,0.049911691230058335
4442,-87.60000000000001,272.38219961644427,0.049911691230058335
4443,-88.4,1.314644384503481,0.049911691230058335
4444,-90.25,0.38506447638428654,0.049911691230058335
4445,-91.10000000000001,0.6398748300780426,0.049911691230058335
4446,-91.95,1.4629667243170843,0.049911691230058335
4447,-92.80000000000001,0.9793669583195879,0.049911691230058335
4448,-93.65,4.70419472265894,0.049911691230058335
4449,-94.5,94.11643581307229,0.049911691230058335
4450,-107.5,0.48991989683781867,0.049911691230058335
4451,-54.85,2.75934716748543,0.049911691230058335
4452,-47.150000000000006,0.055894634788273834,0.049911691230058335
4453,-41.550000000000004,2.6642946252086404,0.049911691230058335
4454,-35.45,1.6654234521520266,0.049911691230058335
4455,-29.35,183.23241529237316,0.049911691230058335
4456,-29.05,0.0831846815708559,0.049911691230058335
4457,-28.5,2727.6240012559933,0.049911691230058335
4458,-29.25,0.1290893619017197,0.049911691230058335
4459,-33.1,1955.1904183394631,0.049911691230058335
4460,-33.95,1.7636584753900024,0.049911691230058335
4461,-35.1,1.28583087222205,0.049911691230058335
4462,-35.85,0.11520423337560715,0.049911691230058335
4463,-36.6,0.5815889092436919,0.049911691230058335
4464,-51.45,0.9093099022202296,0.049911691230058335
4465,-67.65,3.9943077170341894,0.049911691230058335
4466,-69.5,3.561312402192925,0.049911691230058335
4467,-70.35,0.09338593430129549,0.049911691230058335
4468,-72.25,2.8839740840969093,0.049911691230058335
4469,-73.15,1.03089684008458,0.049911691230058335
4470,-74.05000000000001,0.6554632284760373,0.049911691230058335
4471,-73.95,0.5273183460849395,0.049911691230058335
4472,-74.85,27.329801970267454,0.049911691230058335
4473,-75.75,0.6776051273295707,0.049911691230058335
4474,-76.65,18.639501111321806,0.049911691230058335
4475,-77.55000000000001,1.578804790817557,0.049911691230058335
4476,-77.45,5.079563383168987,0.049911691230058335
4477,-78.35000000000001,2.9676360872448413,0.049911691230058335
4478,-79.25,527.127868563338,0.049911691230058335
4479,-80.15,0.3147832151496459,0.049911691230058335
4480,-81.05,1.4941538914069952,0.049911691230058335
4481,-81.95,528.1437681573184,0.049911691230058335
4482,-82.85000000000001,273.93194685997423,0.049911691230058335
4483,-83.75,333.9644218047433,0.049911691230058335
4484,-84.65,54.78132096288027,0.049911691230058335
4485,-85.55,0.22841503712697886,0.049911691230058335
4486,-86.45,7.157083893886011,0.049911691230058335
4487,-87.35000000000001,7.942405197334665,0.049911691230058335
4488,-88.25,6.870426681902245,0.049911691230058335
4489,-89.15,31.056546142302764,0.049911691230058335
4490,-90.05,0.0790154508613341,0.049911691230058335
4491,-92.95,1064.6009667454928,0.049911691230058335
4492,-105.30000000000001,2522.0728190923764,0.049911691230058335
4493,-106.25,45.51553417622381,0.049911691230058335
4494,-107.2,9.532394589588876,0.049911691230058335
4495,-108.15,83.79442227233176,0.049911691230058335
4496,-109.10000000000001,1.6841845772769375,0.049911691230058335
4497,-110.05000000000001,1653.4234759381225,0.049911691230058335
4498,-111.0,0.11689934491914755,0.049911691230058335
4499,-113.0,2962.225897597462,0.049911691230058335
4500,-114.0,0.5645372184590087,0.049911691230058335
4501,-115.0,0.12916387643053895,0.049911691230058335
4502,-114.80000000000001,1089.0107352917003,0.049911691230058335
4503,-115.75,596.0126578990821,0.049911691230058335
4504,-117.75,0.6831397414644016,0.049911691230058335
4505,-118.75,2.6501162825716165,0.049911691230058335
4506,-121.85000000000001,87.84199700696263,0.049911691230058335
4507,-124.0,0.515968256011547,0.049911691230058335
4508,-125.15,0.370786406325351,0.049911691230058335
4509,-126.30000000000001,6.550953897567524,0.049911691230058335
4510,-127.45,585.8327669767859,0.049911691230058335
4511,-128.60000000000002,0.6249014185740407,0.049911691230058335
4512,-129.75,73.98439671686901,0.049911691230058335
4513,-130.9,1.54311702938503,0.049911691230058335
4514,-132.05,3.8668324178943294,0.049911691230058335
4515,-133.2,963.6825557677294,0.049911691230058335
4516,-135.4,8.88873342655279,0.049911691230058335
4517,-136.60000000000002,7.548430903061671,0.049911691230058335
4518,-137.8,1.6524543909072236,0.049911691230058335
4519,-162.3,1348.7655365829708,0.049911691230058335
4520,-163.70000000000002,28.25875641734153,0.049911691230058335
4521,-165.1,188.2941013467571,0.049911691230058335
4522,-170.35,2656.614157962511,0.049911691230058335
4523,-183.10000000000002,27.653801204491174,0.049911691230058335
4524,-185.3,17.93915704198298,0.049911691230058335
4525,-186.45000000000002,3268.001666516444,0.049911691230058335
4526,-187.70000000000002,0.22864565362397116,0.049911691230058335
4527,-191.0,111.44351832650136,0.049911691230058335
4528,-193.35000000000002,3417.972829117818,0.049911691230058335
4529,-195.75,105.73613229140756,0.049911691230058335
4530,-196.05,0.23424766983953305,0.049911691230058335
4531,-198.45000000000002,69.37910723367895,0.049911691230058335
4532,-199.85000000000002,0.19584866290097125,0.049911691230058335
4533,-201.25,87786.15533945402,0.049911691230058335
4534,-202.65,10.148427762446772,0.049911691230058335
4535,-204.05,411.86306172208424,0.049911691230058335
4536,-205.45000000000002,8.472946902464173,0.049911691230058335
4537,-206.85000000000002,44.47647163298643,0.049911691230058335
4538,-209.3,32174.59213812941,0.049911691230058335
4539,-211.8,10.137885710264083,0.049911691230058335
4540,-212.15,90.75505888410235,0.049911691230058335
4541,-215.70000000000002,77.27143568395516,0.049911691230058335
4542,-217.25,36.493453547310764,0.049911691230058335
4543,-218.8,0.7402608077123247,0.049911691230058335
4544,-220.35000000000002,9.605767064855392,0.049911691230058335
4545,-221.9,26.941889785169195,0.049911691230058335
4546,-224.5,1224.9151713162175,0.049911691230058335
4547,-226.10000000000002,388.7883588482921,0.049911691230058335
4548,-228.75,2.291039075706749,0.049911691230058335
4549,-230.4,35.882947202874334,0.049911691230058335
4550,-258.6,8.719200835952051,0.049911691230058335
4551,-260.3,1176.9215443349417,0.049911691230058335
4552,-262.0,61.801076365577046,0.049911691230058335
4553,-263.70000000000005,29637.119787877054,0.049911691230058335
4554,-265.4,91.1564129641356,0.049911691230058335
4555,-267.1,12.5604061963586,0.049911691230058335
4556,-268.8,19262.465297625342,0.049911691230058335
4557,-270.5,900.4454314501727,0.049911691230058335
4558,-272.20000000000005,717.8515530076534,0.049911691230058335
4559,-273.9,585.9634963112189,0.049911691230058335
4560,-275.6,17.73775423036568,0.049911691230058335
4561,-277.3,87.77607427626026,0.049911691230058335
4562,-279.0,197.4097595231624,0.049911691230058335
4563,-280.70000000000005,11.213645105524733,0.049911691230058335
4564,-282.4,15.269222571349928,0.049911691230058335
4565,-284.1,16729.00777546871,0.049911691230058335
4566,-285.8,152.75260454671843,0.049911691230058335
4567,-287.5,1628.8934096492555,0.049911691230058335
4568,-289.2,15.479360940897218,0.049911691230058335
4569,-290.90000000000003,22.17555323456605,0.049911691230058335
4570,-292.6,43.23937431569993,0.049911691230058335
4571,-294.3,263.63672073340695,0.049911691230058335
4572,-296.0,48.066158112558696,0.049911691230058335
4573,-297.7,67.33077577272775,0.049911691230058335
4574,-299.40000000000003,99.62696517070026,0.049911691230058335
4575,-301.1,25.493454253824893,0.049911691230058335
4576,-302.8,35.90009240588188,0.049911691230058335
4577,-330.0,939.498866274399,0.049911691230058335
4578,-331.7,96.26562480549507,0.049911691230058335
4579,-333.40000000000003,428.60001469077287,0.049911691230058335
4580,-335.1,11.538277931482966,0.049911691230058335
4581,-336.8,1.994786768897029,0.049911691230058335
4582,-338.5,5.045549387025858,0.049911691230058335
4583,-340.20000000000005,2.08659875427702,0.049911691230058335
4584,-326.05,3608.0558880094127,0.049911691230058335
4585,-311.95,11.102292623651465,0.049911691230058335
4586,-297.8,411.24316348113166,0.049911691230058335
4587,-125.30000000000001,3046.8583730966952,0.049911691230058335
4588,-120.95,145.83157999507193,0.049911691230058335
4589,-116.65,4938.7931110501295,0.049911691230058335
4590,-117.7,2635.5025375084406,0.049911691230058335
4591,-119.80000000000001,1318.4718821755898,0.049911691230058335
4592,-113.2,0.018968330512507237,0.049911691230058335
4593,-115.30000000000001,4604.80327781005,0.049911691230058335
4594,-118.5,1175.4126235623075,0.049911691230058335
4595,-119.7,1280.050285493052,0.049911691230058335
4596,-120.45,2.82433776632206,0.049911691230058335
4597,-132.0,33.84799573958955,0.049911691230058335
4598,-110.0,1758.0692685408392,0.049911691230058335
4599,-111.0,2.5600837104489074,0.049911691230058335
4600,-111.0,4328.087221762671,0.049911691230058335
4601,-111.0,2098.52156960548,0.049911691230058335
4602,-143.10000000000002,1381.9171497069283,0.049911691230058335
4603,-144.4,945.6332060004752,0.049911691230058335
4604,-146.75,0.9490207862354509,0.049911691230058335
4605,-150.2,51.43365839960461,0.049911691230058335
4606,-152.7,202.1193074241778,0.049911691230058335
4607,-155.25,91.7728701977328,0.049911691230058335
4608,-168.75,37117.135815357135,0.049911691230058335
4609,-165.45000000000002,566.0581336496398,0.049911691230058335
4610,-163.95000000000002,3.127314278591257,0.049911691230058335
4611,-165.05,3636.766051296705,0.049911691230058335
4612,-166.15,294.6038290888828,0.049911691230058335
4613,-167.25,4642.084341633723,0.049911691230058335
4614,-168.35,1256.0568741363059,0.049911691230058335
4615,-169.45000000000002,362.75934294900026,0.049911691230058335
4616,-166.0,8275.93703293978,0.049911691230058335
4617,-167.0,798.6189973883315,0.049911691230058335
4618,-170.1,241.11952041887707,0.049911691230058335
4619,-171.20000000000002,1097.0114822323085,0.049911691230058335
4620,-172.20000000000002,895.1681866704603,0.049911691230058335
4621,-174.35,796.9604092368245,0.049911691230058335
4622,-176.55,289.50143801908416,0.049911691230058335
4623,-176.65,727.9326617847764,0.049911691230058335
4624,-179.9,204.4923245142927,0.049911691230058335
4625,-180.05,1560.1331905215084,0.049911691230058335
4626,-182.3,229.52345776335096,0.049911691230058335
4627,-189.55,125.3472071773067,0.049911691230058335
4628,-191.85000000000002,130.94424274855373,0.049911691230058335
4629,-194.20000000000002,154.08122962878588,0.049911691230058335
4630,-209.60000000000002,6.7411702128365505,0.049911691230058335
4631,-245.60000000000002,3492.353150157419,0.049911691230058335
4632,-247.10000000000002,264.4968359827253,0.049911691230058335
4633,-248.60000000000002,410.25444349653844,0.049911691230058335
4634,-250.10000000000002,167.90026577269418,0.049911691230058335
4635,-251.60000000000002,67.76252329017734,0.049911691230058335
4636,-253.10000000000002,92.668968507719,0.049911691230058335
4637,-254.60000000000002,91.8271908968585,0.049911691230058335
4638,-257.15,15.586257529182149,0.049911691230058335
4639,-258.70000000000005,7.275455941536052,0.049911691230058335
4640,-259.25,0.15207671931557343,0.049911691230058335
4641,-259.8,169.55349229417578,0.049911691230058335
4642,-262.4,300.74038713291577,0.049911691230058335
4643,-180.05,4.2925951095857116,0.049911691230058335
4644,-208.25,1968.2468018949844,0.049911691230058335
4645,-209.85000000000002,4060.6857198637545,0.049911691230058335
4646,-211.45000000000002,429.0640505707074,0.049911691230058335
4647,-214.10000000000002,99.65432233769752,0.049911691230058335
4648,-215.75,13.787346751118093,0.049911691230058335
4649,-217.4,1767.8507528085006,0.049911691230058335
4650,-219.05,70.06531528240046,0.049911691230058335
4651,-220.70000000000002,164.37678015266317,0.049911691230058335
4652,-222.35000000000002,8.892818030182042,0.049911691230058335
4653,-224.0,43.58832360828158,0.049911691230058335
4654,-225.65,32.26606222348967,0.049911691230058335
4655,-227.3,58.219523060058044,0.049911691230058335
4656,-228.95000000000002,61.87108277504188,0.049911691230058335
4657,-230.60000000000002,3023.260346034843,0.049911691230058335
4658,-233.3,1036.539505441887,0.049911691230058335
4659,-235.0,12451.460277739807,0.049911691230058335
4660,-236.70000000000002,4071.6491657445117,0.049911691230058335
4661,-254.20000000000002,4312.776944831565,0.049911691230058335
4662,-269.65,1213.1995363866188,0.049911691230058335
4663,-273.05,1776.6854336084584,0.049911691230058335
4664,-274.45000000000005,27.780107475231944,0.049911691230058335
4665,-277.95000000000005,174.23885941706453,0.049911691230058335
4666,-279.45,6308.630760137468,0.049911691230058335
4667,-283.05,1595.3802921331699,0.049911691230058335
4668,-285.7,742.3531550315265,0.049911691230058335
4669,-287.35,562.9015742419806,0.049911691230058335
4670,-290.05,46.26090584430767,0.049911691230058335
4671,-291.75,54.73305894915029,0.049911691230058335
4672,-293.45,56649.9153110624,0.049911691230058335
4673,-295.15000000000003,54.11617298519436,0.049911691230058335
4674,-296.85,3.9246405023747997,0.049911691230058335
4675,-298.55,2585.844839979127,0.049911691230058335
4676,-300.25,96.83190734525976,0.049911691230058335
4677,-286.15000000000003,702.0143611867991,0.049911691230058335
4678,-272.05,233.87265358109607,0.049911691230058335
4679,-257.9,58.97786408652087,0.049911691230058335
4680,-243.70000000000002,201268.15644954648,0.049911691230058335
4681,-103.75,1062.2825256227961,0.049911691230058335
4682,-103.25,2039.2594144338946,0.049911691230058335
4683,-100.60000000000001,949.2335444649616,0.049911691230058335
4684,-101.55000000000001,2625.9625844362686,0.049911691230058335
4685,-103.65,155.29546317524205,0.049911691230058335
4686,-105.80000000000001,158.61403353899732,0.049911691230058335
4687,-108.0,220.21209592133005,0.049911691230058335
4688,-110.25,637.150508699744,0.049911691230058335
4689,-133.7,521.9316473224712,0.049911691230058335
4690,-135.0,326.7613281302547,0.049911691230058335
4691,-136.3,1823.0649146478354,0.049911691230058335
4692,-134.65,61.43257222806369,0.049911691230058335
4693,-70.95,10.327677814362687,0.049911691230058335
4694,-72.7,190.7223772089328,0.049911691230058335
4695,-72.4,61485.70368686959,0.049911691230058335
4696,-106.80000000000001,141.66670787390922,0.049911691230058335
4697,-108.35000000000001,20371.74065349906,0.049911691230058335
4698,-109.9,5269.488231150815,0.049911691230058335
4699,-111.45,1952.348149985963,0.049911691230058335
4700,-113.0,2737.458129748574,0.049911691230058335
4701,-115.60000000000001,3357.670871939782,0.049911691230058335
4702,-117.2,44.31037032266048,0.049911691230058335
4703,-118.80000000000001,1757.3004980156682,0.049911691230058335
4704,-120.4,2144.344821381951,0.049911691230058335
4705,-122.0,436.8170980168036,0.049911691230058335
4706,-123.60000000000001,1518.0289301269302,0.049911691230058335
4707,-125.2,78.3565330433812,0.049911691230058335
4708,-126.80000000000001,737.7890485323205,0.049911691230058335
4709,-128.4,75.7680866864157,0.049911691230058335
4710,-130.0,1229.189109929648,0.049911691230058335
4711,-153.35,97.50589288987976,0.049911691230058335
4712,-144.10000000000002,38.40555894313002,0.049911691230058335
4713,-145.15,44.18693568092567,0.049911691230058335
4714,-146.2,93.87308108551588,0.049911691230058335
4715,-147.25,4924.6466062046,0.049911691230058335
4716,-149.35,408.41907608096164,0.049911691230058335
4717,-151.5,126.54156119341218,0.049911691230058335
4718,-154.75,36.26397003081834,0.049911691230058335
4719,-156.0,0.054996625435649094,0.049911691230058335
4720,-157.25,1008.5588404052892,0.049911691230058335
4721,-158.5,24.68434196135786,0.049911691230058335
4722,-160.8,429.49425450497074,0.049911691230058335
4723,-178.55,281.5190554797864,0.049911691230058335
4724,-169.55,2237.3381640908283,0.049911691230058335
4725,-195.8,47.527384333181544,0.049911691230058335
4726,-198.25,1493.9017576007027,0.049911691230058335
4727,-199.70000000000002,196.50548047056873,0.049911691230058335
4728,-200.0,3811.4224173116927,0.049911691230058335
4729,-203.5,1461.9908273996875,0.049911691230058335
4730,-206.05,467.4755667332744,0.049911691230058335
4731,-207.60000000000002,3660.5555174422,0.049911691230058335
4732,-209.15,16.005015056996726,0.049911691230058335
4733,-210.70000000000002,29100.131925658316,0.049911691230058335
4734,-209.45000000000002,1312.5098392584996,0.049911691230058335
4735,-210.9,487.8801831821402,0.049911691230058335
4736,-211.35000000000002,4311.201766916454,0.049911691230058335
4737,-212.8,3331.2534379955023,0.049911691230058335
4738,-216.35000000000002,27683.277791653454,0.049911691230058335
4739,-134.7,1259.7333428676347,0.049911691230058335
4740,-155.9,761.9769565782326,0.049911691230058335
4741,-157.25,9265.233691026173,0.049911691230058335
4742,-159.65,1190.680630274615,0.049911691230058335
4743,-162.1,171.43422809351068,0.049911691230058335
4744,-163.55,3079.51403828615,0.049911691230058335
4745,-166.05,2897.0860176515944,0.049911691230058335
4746,-169.65,98.8448409462435,0.049911691230058335
4747,-187.35000000000002,1924.7743386101647,0.049911691230058335
4748,-212.05,6245.973020301299,0.049911691230058335
4749,-214.4,4491.785736293869,0.049911691230058335
4750,-216.8,209.5884125413006,0.049911691230058335
4751,-219.20000000000002,709.2642310465178,0.049911691230058335
4752,-219.5,66890.39583824632,0.049911691230058335
4753,-245.60000000000002,442.62693376765674,0.049911691230058335
4754,-245.10000000000002,475.1948623712706,0.049911691230058335
4755,-246.45000000000002,1503.5623460435145,0.049911691230058335
4756,-244.85000000000002,1024.3566542071349,0.049911691230058335
4757,-247.15,416.0858104779327,0.049911691230058335
4758,-271.85,2037.4840369422973,0.049911691230058335
4759,-239.10000000000002,522.5407600459257,0.049911691230058335
4760,-73.45,1061.4950033233908,0.049911691230058335
4761,-57.2,6259.52394415659,0.049911691230058335
4762,-41.900000000000006,351.8173401822314,0.049911691230058335
4763,-29.900000000000002,32.966381242663374,0.049911691230058335
4764,-34.3,157.98154272691863,0.049911691230058335
4765,-35.400000000000006,265.24967998820466,0.049911691230058335
4766,-36.5,186.91769331284468,0.049911691230058335
4767,-36.900000000000006,1506.7785662596457,0.049911691230058335
4768,-39.05,329.6665420217241,0.049911691230058335
4769,-38.5,1730.7008442833003,0.049911691230058335
4770,-41.05,199589.89035864823,0.049911691230058335
4771,-45.400000000000006,3507.295091034356,0.049911691230058335
4772,-46.1,1046.8146542168288,0.049911691230058335
4773,-81.4,346.1656728615601,0.049911691230058335
4774,-111.80000000000001,1278.9441602902066,0.049911691230058335
4775,-98.15,558.9450190440912,0.049911691230058335
4776,-100.25,1326.4247675197257,0.049911691230058335
4777,-102.4,15564.008508899457,0.049911691230058335
4778,-106.65,231.5777485683111,0.049911691230058335
4779,-109.95,283.9234488743548,0.049911691230058335
4780,-112.30000000000001,565.1994737410164,0.049911691230058335
4781,-115.75,270.9813836305161,0.049911691230058335
4782,-121.35000000000001,2541.7794189427623,0.049911691230058335
4783,-123.95,1584.489461101909,0.049911691230058335
4784,-126.60000000000001,814.121635321404,0.049911691230058335
4785,-128.25,592.6119677390379,0.049911691230058335
4786,-147.3,942.261180125337,0.049911691230058335
4787,-146.60000000000002,98.0946869337422,0.049911691230058335
4788,-145.9,812.5542324348644,0.049911691230058335
4789,-147.3,2444.30369947085,0.049911691230058335
4790,-171.9,3367.7061444462643,0.049911691230058335
4791,-172.25,449.23047320370983,0.049911691230058335
4792,-173.60000000000002,373.1577994037996,0.049911691230058335
4793,-184.35000000000002,3249.730689401912,0.049911691230058335
4794,-211.45000000000002,1848.7865732589087,0.049911691230058335
4795,-212.8,2228.321761088441,0.049911691230058335
4796,-214.15,14757.082099186353,0.049911691230058335
4797,-238.8,157.84868625348463,0.049911691230058335
4798,-240.15,4153.365186978562,0.049911691230058335
4799,-241.5,407.9565714043274,0.049911691230058335
4800,-242.85000000000002,3.0886014258721843,0.049911691230058335
4801,-269.5,2039.8044497142341,0.049911691230058335
4802,-270.85,2909.1380504888502,0.049911691230058335
4803,-272.20000000000005,2917.978549364576,0.049911691230058335
4804,-296.85,8732.768443880312,0.049911691230058335
4805,-298.2,2523.264410491436,0.049911691230058335
4806,-299.55,672.5950525726084,0.049911691230058335
4807,-325.2,254.6086608155947,0.049911691230058335
4808,-326.55,3337.5754892570867,0.049911691230058335
4809,-327.90000000000003,186.52185035640468,0.049911691230058335
4810,-329.25,2981.1109462542536,0.049911691230058335
4811,-330.6,881.3380179165088,0.049911691230058335
4812,-331.95000000000005,5801.96496909403,0.049911691230058335
4813,-334.35,2383.8411137647163,0.049911691230058335
4814,-335.75,189.14824807411787,0.049911691230058335
4815,-338.15000000000003,14363.497809647084,0.049911691230058335
4816,-340.55,110.76726783093181,0.049911691230058335
4817,-341.95000000000005,13363.6180964784,0.049911691230058335
4818,-343.35,241.7454455640691,0.049911691230058335
4819,-307.40000000000003,1351.6302908858706,0.049911691230058335
4820,-282.35,3185.2563072388402,0.049911691230058335
4821,-103.35000000000001,36.24578498050687,0.049911691230058335
4822,-137.9,1856.2652268422753,0.049911691230058335
4823,-139.2,220.51901675573754,0.049911691230058335
4824,-140.5,774.5054940576665,0.049911691230058335
4825,-141.8,4708.76773890444,0.049911691230058335
4826,-167.5,9872.946734739999,0.049911691230058335
4827,-191.20000000000002,121.56409515117412,0.049911691230058335
4828,-192.5,10322.108121623896,0.049911691230058335
4829,-78.65,3279.0488389539314,0.049911691230058335
4830,-81.65,769.1218121411475,0.049911691230058335
4831,-86.75,50839.90800124589,0.049911691230058335
4832,-110.35000000000001,8373.501139012682,0.049911691230058335
4833,-111.60000000000001,516.0748066774759,0.049911691230058335
4834,-112.85000000000001,98740.74211471036,0.049911691230058335
4835,-115.15,1842.0114477575169,0.049911691230058335
4836,-116.45,1287.7286568354937,0.049911691230058335
4837,-114.65,1645.6141759931338,0.049911691230058335
4838,-117.95,312.2371300179102,0.049911691230058335
4839,-119.2,7308.348859590233,0.049911691230058335
4840,-122.60000000000001,103.14849259970288,0.049911691230058335
4841,-124.0,6612.156598814823,0.049911691230058335
4842,-125.4,3314.421140088445,0.049911691230058335
4843,-126.80000000000001,6445.812116485602,0.049911691230058335
4844,-128.2,11125.39034003381,0.049911691230058335
4845,-129.60000000000002,33.589994493930135,0.049911691230058335
4846,-128.85000000000002,5845.85365877585,0.049911691230058335
4847,-130.2,4232.4558870942565,0.049911691230058335
4848,-132.60000000000002,4497.671993374446,0.049911691230058335
4849,-134.0,27627.46106841608,0.049911691230058335
4850,-155.6,6035.827194256934,0.049911691230058335
4851,-156.9,3736.6545441149647,0.049911691230058335
4852,-158.20000000000002,184962.14721591846,0.049911691230058335
4853,-184.15,451.7547925183577,0.049911691230058335
4854,-185.5,887.3218718948402,0.049911691230058335
4855,-186.85000000000002,4056.0793148207767,0.049911691230058335
4856,-188.20000000000002,2807.102436668549,0.049911691230058335
4857,-189.55,166.775157099054,0.049911691230058335
4858,-190.9,4856.048081900019,0.049911691230058335
4859,-216.55,3712.6775818390183,0.049911691230058335
4860,-217.9,573.4258659239476,0.049911691230058335
4861,-219.25,4476.803422053254,0.049911691230058335
4862,-220.60000000000002,1925.803114712306,0.049911691230058335
4863,-221.95000000000002,1522.0710290629986,0.049911691230058335
4864,-223.3,1911.6870040920685,0.049911691230058335
4865,-248.95000000000002,1686.7291153197903,0.049911691230058335
4866,-273.6,1543.3244130254934,0.049911691230058335
4867,-300.25,3384.164777090251,0.049911691230058335
4868,-304.65000000000003,4263.7690948917225,0.049911691230058335
4869,-329.25,24.63226633890372,0.049911691230058335
4870,-314.95,1192.769219754613,0.049911691230058335
4871,-300.7,3952.0198784418562,0.049911691230058335
4872,-286.40000000000003,1315.616991746112,0.049911691230058335
4873,-287.6,657.3715932950217,0.049911691230058335
4874,-272.2,39250.74001404054,0.049911691230058335
4875,-88.8,6842.970340871763,0.049911691230058335
4876,-90.95,43032.20444370462,0.049911691230058335
4877,-43.55,1777.3939102875738,0.049911691230058335
4878,-44.7,3030.157536587025,0.049911691230058335
4879,-46.900000000000006,1804.7467085108365,0.049911691230058335
4880,-48.1,37.762651942417506,0.049911691230058335
4881,-44.0,3891.714468240245,0.049911691230058335
4882,-44.25,692.421937672183,0.049911691230058335
4883,-44.150000000000006,545.7251192852373,0.049911691230058335
4884,-45.1,31502.142905388202,0.049911691230058335
4885,-47.1,4125.740880308262,0.049911691230058335
4886,-49.0,761.3618230991697,0.049911691230058335
4887,-48.9,1666.1985527960305,0.049911691230058335
4888,-51.0,1806.7618915833737,0.049911691230058335
4889,-51.1,220.4251888977742,0.049911691230058335
4890,-52.2,1025.4741938779084,0.049911691230058335
4891,-52.300000000000004,711.4959979067098,0.049911691230058335
4892,-53.400000000000006,329.19720979144495,0.049911691230058335
4893,-53.5,17433.793145759708,0.049911691230058335
4894,-49.85,1459.2601770695182,0.049911691230058335
4895,-49.800000000000004,265.1395290917535,0.049911691230058335
4896,-51.800000000000004,371.7990077381528,0.049911691230058335
4897,-52.800000000000004,512.4852788660119,0.049911691230058335
4898,-54.85,666.2292686651417,0.049911691230058335
4899,-55.900000000000006,694.8829928866526,0.049911691230058335
4900,-59.0,25.562516524971215,0.049911691230058335
4901,-62.150000000000006,8821.373663074026,0.049911691230058335
4902,-63.300000000000004,961.3457914103228,0.049911691230058335
4903,-66.5,2526.8544820180277,0.049911691230058335
4904,-70.05000000000001,6.332858052151096,0.049911691230058335
4905,-72.1,3254.653064704051,0.049911691230058335
4906,-73.15,216.64595464297008,0.049911691230058335
4907,-96.15,6609.802187072259,0.049911691230058335
4908,-125.10000000000001,3124.4620049137757,0.049911691230058335
4909,-122.5,3500.6460207936343,0.049911691230058335
4910,-122.85000000000001,715.3650004052106,0.049911691230058335
4911,-141.2,5092.747494210884,0.049911691230058335
4912,-141.5,906.8259450994592,0.049911691230058335
4913,-142.8,274.44832615644555,0.049911691230058335
4914,-145.15,3709.949165747894,0.049911691230058335
4915,-146.5,124.94549515580002,0.049911691230058335
4916,-147.85,14075.282099090917,0.049911691230058335
4917,-149.20000000000002,1400.2918960676216,0.049911691230058335
4918,-150.55,3399.8804950093217,0.049911691230058335
4919,-165.25,5326.010504052771,0.049911691230058335
4920,-158.8,79603.29461655862,0.049911691230058335
4921,-156.1,11425.936730560348,0.049911691230058335
4922,-158.35,3679.0214510729456,0.049911691230058335
4923,-159.6,1916.3009369185716,0.049911691230058335
4924,-160.85,799.1737732149122,0.049911691230058335
4925,-162.1,158.23764023644344,0.049911691230058335
4926,-164.4,80788.08891791191,0.049911691230058335
4927,-166.75,1663.5464978910895,0.049911691230058335
4928,-165.65,1619.581846909803,0.049911691230058335
4929,-161.45000000000002,2551.493765875406,0.049911691230058335
4930,-159.3,118.30287435410355,0.049911691230058335
4931,-161.65,16218.412403577691,0.049911691230058335
4932,-166.15,546.431284447785,0.049911691230058335
4933,-164.1,511.07314448128955,0.049911691230058335
4934,-161.0,2306.672105673132,0.049911691230058335
4935,-164.55,2041.8520995913989,0.049911691230058335
4936,-166.1,2479.5426221463304,0.049911691230058335
4937,-168.70000000000002,3539.5013437390962,0.049911691230058335
4938,-170.3,758.5546858618254,0.049911691230058335
4939,-171.9,138.53676133932822,0.049911691230058335
4940,-173.5,5571.74127432879,0.049911691230058335
4941,-175.1,90500.94951518049,0.049911691230058335
4942,-176.70000000000002,511.1668158875176,0.049911691230058335
4943,-178.3,129392.57452781113,0.049911691230058335
4944,-179.9,3737.8224725815508,0.049911691230058335
4945,-181.5,3637.5795296002852,0.049911691230058335
4946,-183.10000000000002,170.82453442532096,0.049911691230058335
4947,-184.70000000000002,5377.2450803400825,0.049911691230058335
4948,-210.3,538.7548500217141,0.049911691230058335
4949,-211.9,998.7502684081701,0.049911691230058335
4950,-213.5,3002.386361295081,0.049911691230058335
4951,-215.10000000000002,3876.9669581359576,0.049911691230058335
4952,-216.70000000000002,889.308971649345,0.049911691230058335
4953,-196.4,3670.123379035729,0.049911691230058335
4954,-203.05,100.14956811896263,0.049911691230058335
4955,-206.3,4219.77580616675,0.049911691230058335
4956,-207.45000000000002,3173.7275640761427,0.049911691230058335
4957,-209.70000000000002,167434.52010430532,0.049911691230058335
4958,-236.85000000000002,7207.713735572215,0.049911691230058335
4959,-236.5,9406.958273365137,0.049911691230058335
4960,-73.0,3730.6025700118626,0.049911691230058335
4961,-71.7,3895.652270523359,0.049911691230058335
4962,-73.0,4574.49464574681,0.049911691230058335
4963,-74.30000000000001,448.1871177378471,0.049911691230058335
4964,-75.6,32.29473910462366,0.049911691230058335
4965,-76.9,7032.381238578546,0.049911691230058335
4966,-102.60000000000001,3515.064127136071,0.049911691230058335
4967,-104.9,6067.144369537548,0.049911691230058335
4968,-107.25,122.88894572041545,0.049911691230058335
4969,-107.60000000000001,77.96610791213152,0.049911691230058335
4970,-108.95,423378.00582840457,0.049911691230058335
4971,-127.0,3435.400022146362,0.049911691230058335
4972,-81.1,1136.8579855615774,0.049911691230058335
4973,-83.4,4331.236309820587,0.049911691230058335
4974,-85.75,9254.169422540315,0.049911691230058335
4975,-86.0,10833.802054277481,0.049911691230058335
4976,-89.4,140.8184104409964,0.049911691230058335
4977,-90.8,23008.890663973467,0.049911691230058335
4978,-93.25,11109.225698231594,0.049911691230058335
4979,-94.7,1503.6871786998397,0.049911691230058335
4980,-95.15,1081.8585845949533,0.049911691230058335
4981,-95.60000000000001,94566.46443459517,0.049911691230058335
4982,-97.05,1852.089824908771,0.049911691230058335
4983,-98.5,1926.2639401414513,0.049911691230058335
4984,-94.05,37952.12860388086,0.049911691230058335
4985,-89.55,1772.013970431949,0.049911691230058335
4986,-90.9,446.01747932649505,0.049911691230058335
4987,-86.3,1231.7107115515,0.049911691230058335
4988,-81.65,683.8468281793002,0.049911691230058335
4989,-77.05000000000001,6495.072969985072,0.049911691230058335
4990,-31.400000000000002,254.9361558596397,0.049911691230058335
4991,-42.150000000000006,844.7587174525542,0.049911691230058335
4992,-40.25,358.7836415617883,0.049911691230058335
4993,-42.400000000000006,128.31238020479805,0.049911691230058335
4994,-44.6,3540.1606452142255,0.049911691230058335
4995,-40.35,1183.8770066804461,0.049911691230058335
4996,-36.05,3440.9066896282175,0.049911691230058335
4997,-34.75,6380.562792920302,0.049911691230058335
4998,-36.55,9099.444034505734,0.049911691230058335
4999,-40.650000000000006,281.674291562943,0.049911691230058335
5000,-44.85,1857.9349960951154,0.049911691230058335
5001,-48.1,129054.37250060977,0.049911691230058335
5002,-49.35,5496.8064742112365,0.049911691230058335
5003,-50.6,385.79299686594186,0.049911691230058335
5004,-51.85,308.5972417607336,0.049911691230058335
5005,-50.25,7936.9843635779325,0.049911691230058335
5006,-51.400000000000006,5686.96459164113,0.049911691230058335
5007,-52.55,7193.761979756086,0.049911691230058335
5008,-53.75,5553.588891661284,0.049911691230058335
5009,-55.0,2271.9409806531007,0.049911691230058335
5010,-55.25,5413.394101279213,0.049911691230058335
5011,-55.5,1848.239046086395,0.049911691230058335
5012,-56.75,1432.7541710312569,0.049911691230058335
5013,-57.0,87815.56715445692,0.049911691230058335
5014,-65.85,1904.2826591878145,0.049911691230058335
5015,-67.15,6573.188647288844,0.049911691230058335
5016,-68.45,1470.6312054632144,0.049911691230058335
5017,-69.75,1071.8176739209339,0.049911691230058335
5018,-71.05000000000001,2754.564706684865,0.049911691230058335
5019,-72.35,760.05196239625,0.049911691230058335
5020,-73.65,1734.7228772163708,0.049911691230058335
5021,-74.95,3889.875139698146,0.049911691230058335
5022,-77.30000000000001,2189.495344509165,0.049911691230058335
5023,-78.65,1184.9565020581254,0.049911691230058335
5024,-80.0,1772.7618285730712,0.049911691230058335
5025,-81.35,257754.4215191555,0.049911691230058335
5026,-82.7,4871.574969934476,0.049911691230058335
5027,-113.35000000000001,1641.9347696423126,0.049911691230058335
5028,-113.7,3148.793273114664,0.049911691230058335
5029,-114.05000000000001,2511.3394281494843,0.049911691230058335
5030,-134.45,3079.540587523274,0.049911691230058335
5031,-134.75,7092.777724940297,0.049911691230058335
5032,-136.05,289.76421405553265,0.049911691230058335
5033,-137.35000000000002,3476.4654757920252,0.049911691230058335
5034,-138.65,2493.1296498299707,0.049911691230058335
5035,-140.95,2108.6446268439213,0.049911691230058335
5036,-141.25,2431.303150210817,0.049911691230058335
5037,-142.55,949.3204934489222,0.049911691230058335
5038,-143.85000000000002,2410.5332409718612,0.049911691230058335
5039,-145.15,3202.5223043175356,0.049911691230058335
5040,-146.45,143.7149731322861,0.049911691230058335
5041,-147.75,2834.708872838968,0.049911691230058335
5042,-149.05,473.6669545345285,0.049911691230058335
5043,-150.35,2032.0023275552303,0.049911691230058335
5044,-151.65,1177.8030223285505,0.049911691230058335
5045,-152.95000000000002,3124.8797704148465,0.049911691230058335
5046,-154.25,10180.70014252154,0.049911691230058335
5047,-155.55,185508.00237302974,0.049911691230058335
5048,-177.95000000000002,3077.3017708647703,0.049911691230058335
5049,-178.3,16194.333662507379,0.049911691230058335
5050,-202.25,2113.8896249422087,0.049911691230058335
5051,-204.55,1896.9288596081365,0.049911691230058335
5052,-206.85000000000002,2108.1540031855425,0.049911691230058335
5053,-209.15,1270.2130616620657,0.049911691230058335
5054,-211.45000000000002,1862.3886735749966,0.049911691230058335
5055,-212.75,163.6978841347809,0.049911691230058335
5056,-214.05,39199.44875294703,0.049911691230058335
5057,-215.35000000000002,96532.54303823759,0.049911691230058335
5058,-243.45000000000002,769.3143069537607,0.049911691230058335
5059,-244.85000000000002,980.8662746258879,0.049911691230058335
5060,-246.25,2015.9736263621985,0.049911691230058335
5061,-247.65,2008.3091671617813,0.049911691230058335
5062,-249.05,795.107759458554,0.049911691230058335
5063,-249.4,2496.4156664254206,0.049911691230058335
5064,-251.85000000000002,5805.204385226827,0.049911691230058335
5065,-253.25,3746.003676255828,0.049911691230058335
5066,-275.25,7193.916031109124,0.049911691230058335
5067,-302.3,1872.644269229758,0.049911691230058335
5068,-303.7,1107.384800371803,0.049911691230058335
5069,-305.1,4225.73700170616,0.049911691230058335
5070,-306.5,3961.2839259085713,0.049911691230058335
5071,-328.65000000000003,4093.270080155505,0.049911691230058335
5072,-330.0,10146.397652049589,0.049911691230058335
5073,-344.15000000000003,7322.854399690899,0.049911691230058335
5074,-283.05,12668.038157374081,0.049911691230058335
5075,-89.65,2252.154584136266,0.049911691230058335
5076,-62.25,166.98653519324944,0.049911691230058335
5077,-65.9,10470.92144210718,0.049911691230058335
5078,-73.45,128.858647659109,0.049911691230058335
5079,-84.95,948.7771633904717,0.049911691230058335
5080,-84.15,1394.5709558206397,0.049911691230058335
5081,-84.35000000000001,5427.288196387379,0.049911691230058335
5082,-82.45,3566.08153028655,0.049911691230058335
5083,-80.60000000000001,1152.114801270479,0.049911691230058335
5084,-82.8,1697.6634349323438,0.049911691230058335
5085,-83.95,8835.763920295125,0.049911691230058335
5086,-87.2,5625.914740985955,0.049911691230058335
5087,-90.55,5394.904222127176,0.049911691230058335
5088,-93.95,8571.442614807516,0.049911691230058335
5089,-97.4,6937.427879713292,0.049911691230058335
5090,-99.8,2364.0477033496463,0.049911691230058335
5091,-102.2,152932.23913937027,0.049911691230058335
5092,-116.60000000000001,8698.92885312601,0.049911691230058335
5093,-118.05000000000001,3211.058575384449,0.049911691230058335
5094,-119.5,1917.3001752652194,0.049911691230058335
5095,-114.2,2593.2512097426957,0.049911691230058335
5096,-115.60000000000001,10284.62226424191,0.049911691230058335
5097,-117.0,36408.95840661308,0.049911691230058335
5098,-136.0,15492.069783390873,0.049911691230058335
5099,-136.4,7648.642438898385,0.049911691230058335
5100,-138.95,3388.8516478628467,0.049911691230058335
5101,-140.5,4022.627630578051,0.049911691230058335
5102,-157.15,4316.102866341316,0.049911691230058335
5103,-153.65,1407.7709348691442,0.049911691230058335
5104,-156.20000000000002,875.3899299006753,0.049911691230058335
5105,-157.3,4339.318858072327,0.049911691230058335
5106,-157.75,350.45003623146295,0.049911691230058335
5107,-155.25,55.81798881800751,0.049911691230058335
5108,-157.75,1873.3057212389203,0.049911691230058335
5109,-159.25,3116.4102284183027,0.049911691230058335
5110,-160.75,3728.3195797160215,0.049911691230058335
5111,-161.20000000000002,7139.524899974475,0.049911691230058335
5112,-159.45000000000002,3294.0452953707613,0.049911691230058335
5113,-150.8,110413.6897958637,0.049911691230058335
5114,-152.65,10764.081332387077,0.049911691230058335
5115,-156.0,150.14443358772246,0.049911691230058335
5116,-159.45000000000002,2548.7545388473095,0.049911691230058335
5117,-161.95000000000002,4553.900132500759,0.049911691230058335
5118,-174.5,12687.405446835135,0.049911691230058335
5119,-188.20000000000002,10955.443922386552,0.049911691230058335
5120,-220.25,288.54052859509443,0.049911691230058335
5121,-221.8,325.87216168114657,0.049911691230058335
5122,-223.35000000000002,90367.35043306538,0.049911691230058335
5123,-253.8,1448.7497099627776,0.049911691230058335
5124,-255.35000000000002,1649.3218174275567,0.049911691230058335
5125,-256.9,741.499422121508,0.049911691230058335
5126,-258.45000000000005,3531.396978247261,0.049911691230058335
5127,-260.0,1591.312794168949,0.049911691230058335
5128,-261.55,1560.633871528331,0.049911691230058335
5129,-263.1,1559.1645383299588,0.049911691230058335
5130,-264.65,7646.790465486807,0.049911691230058335
5131,-266.20000000000005,17997.92534869007,0.049911691230058335
5132,-167.25,46407.35654885668,0.049911691230058335
5133,-117.2,1557.6205305683216,0.049911691230058335
5134,-147.35000000000002,1667.6647733109858,0.049911691230058335
5135,-148.9,610.2848278630809,0.049911691230058335
5136,-150.45,7884.544781925018,0.049911691230058335
5137,-177.20000000000002,612.3048112428437,0.049911691230058335
5138,-178.75,6623.465703447466,0.049911691230058335
5139,-181.3,1375.1292372316739,0.049911691230058335
5140,-210.75,40682.52219037207,0.049911691230058335
5141,-212.3,2597.1513706366295,0.049911691230058335
5142,-213.85000000000002,3420.015364248824,0.049911691230058335
5143,-215.4,13546.034678015765,0.049911691230058335
5144,-216.95000000000002,1034.8667912901,0.049911691230058335
5145,-218.5,427.3511884958966,0.049911691230058335
5146,-220.05,470.39748821952867,0.049911691230058335
5147,-221.60000000000002,35896.17617531377,0.049911691230058335
5148,-223.15,2639.342965476599,0.049911691230058335
5149,-255.25,2143.133553672272,0.049911691230058335
5150,-256.8,3475.2641956723764,0.049911691230058335
5151,-258.35,3083.980562619081,0.049911691230058335
5152,-285.5,9399.073099506457,0.049911691230058335
5153,-295.2,325618.7403207906,0.049911691230058335
5154,-296.65000000000003,3865.9690643527574,0.049911691230058335
5155,-299.15000000000003,8228.66560611183,0.049911691230058335
5156,-300.65000000000003,5231.097225282173,0.049911691230058335
5157,-301.0,4009.1623685576824,0.049911691230058335
5158,-302.45,2754.494324262348,0.049911691230058335
5159,-303.90000000000003,3488.798989435741,0.049911691230058335
5160,-305.35,3256.2536669908995,0.049911691230058335
5161,-133.4,9290.013439997261,0.049911691230058335
5162,-133.8,1782.7815670687914,0.049911691230058335
5163,-151.05,70987.22786988073,0.049911691230058335
5164,-148.3,20117.63530340024,0.049911691230058335
5165,-149.65,2828.12781052458,0.049911691230058335
5166,-148.8,74524.66409605803,0.049911691230058335
5167,-149.25,2374.264132846327,0.049911691230058335
5168,-158.75,6516.49323687865,0.049911691230058335
5169,-159.6,94566.97630760763,0.049911691230058335
5170,-178.0,4029.503534444615,0.049911691230058335
5171,-176.35000000000002,60435.35781272185,0.049911691230058335
5172,-177.70000000000002,4183.434098441605,0.049911691230058335
5173,-182.15,6161.222995968194,0.049911691230058335
5174,-182.60000000000002,1583.39146921059,0.049911691230058335
5175,-185.05,3090.8439678801988,0.049911691230058335
5176,-186.5,1962.6868750298377,0.049911691230058335
5177,-187.95000000000002,5451.908255257085,0.049911691230058335
5178,-215.55,3214.983814850837,0.049911691230058335
5179,-246.0,3350.309968361038,0.049911691230058335
5180,-247.55,426.09498021290347,0.049911691230058335
5181,-169.8,141685.13196296076,0.049911691230058335
5182,-150.70000000000002,2790.0863404220145,0.049911691230058335
5183,-76.30000000000001,38335.01747551677,0.049911691230058335
5184,-113.75,1227.2476161435677,0.049911691230058335
5185,-115.4,1865.965522852522,0.049911691230058335
5186,-117.05000000000001,2892.209108427794,0.049911691230058335
5187,-118.7,5905.741414337203,0.049911691230058335
5188,-120.35000000000001,36931.46096992131,0.049911691230058335
5189,-122.0,11700.629948487876,0.049911691230058335
5190,-123.65,643.6769650382412,0.049911691230058335
5191,-126.30000000000001,808.6423267384453,0.049911691230058335
5192,-127.95,95037.38212908604,0.049911691230058335
5193,-161.3,2703.8758317319052,0.049911691230058335
5194,-161.95000000000002,6762.200534699672,0.049911691230058335
5195,-163.6,101948.2160502658,0.049911691230058335
5196,-193.95000000000002,7524.50527352642,0.049911691230058335
5197,-196.60000000000002,40189.18210369661,0.049911691230058335
5198,-199.25,1749.7783246463023,0.049911691230058335
5199,-200.9,3537.2668832530503,0.049911691230058335
5200,-202.55,17185.292722343976,0.049911691230058335
5201,-204.20000000000002,23595.65279588948,0.049911691230058335
5202,-205.85000000000002,2595.1274421615362,0.049911691230058335
5203,-207.5,13993.859073778569,0.049911691230058335
5204,-209.15,3029.310237947248,0.049911691230058335
5205,-209.8,3091.1988483400037,0.049911691230058335
5206,-211.45000000000002,982.9676798598409,0.049911691230058335
5207,-243.8,26358.091982364487,0.049911691230058335
5208,-280.15,1001.3738760338035,0.049911691230058335
5209,-281.8,1259.0825019978765,0.049911691230058335
5210,-282.45000000000005,1707.5700284414772,0.049911691230058335
5211,-285.1,307.4590057896892,0.049911691230058335
5212,-285.75,2864.2658260849726,0.049911691230058335
5213,-286.40000000000003,42076.14714800102,0.049911691230058335
5214,-314.75,3939.8543230547043,0.049911691230058335
5215,-316.40000000000003,882.0206389486092,0.049911691230058335
5216,-317.05,3444.1802810261456,0.049911691230058335
5217,-318.7,3469.585163120415,0.049911691230058335
5218,-320.35,243.15288042629436,0.049911691230058335
5219,-322.0,5940.735864064427,0.049911691230058335
5220,-323.65000000000003,80315.82953887981,0.049911691230058335
5221,-325.3,922.0002806739138,0.049911691230058335
5222,-326.95,4130.520228511832,0.049911691230058335
5223,-328.6,4471.612495723703,0.049911691230058335
5224,-330.25,64551.57426501151,0.049911691230058335
5225,-331.90000000000003,1798.7776505472207,0.049911691230058335
5226,-333.55,5214.029081111063,0.049911691230058335
5227,-335.20000000000005,3955.1215661037186,0.049911691230058335
5228,-336.85,2642.855941841199,0.049911691230058335
5229,-338.5,61427.744076216004,0.049911691230058335
5230,-354.40000000000003,2478.641001588365,0.049911691230058335
5231,-356.0,3428.599950645599,0.049911691230058335
5232,-357.6,2077.5151483251466,0.049911691230058335
5233,-359.20000000000005,1927.6352854427491,0.049911691230058335
5234,-360.8,5152.020810534693,0.049911691230058335
5235,-362.40000000000003,2673.7926475758036,0.049911691230058335
5236,-364.0,1658.8655667441399,0.049911691230058335
5237,-365.6,930.562192221892,0.049911691230058335
5238,-367.20000000000005,69859.62687800078,0.049911691230058335
5239,-367.05,2704.4444809550628,0.049911691230058335
5240,-352.55,4730.073791044649,0.049911691230058335
5241,-289.85,1821.4443578517948,0.049911691230058335
5242,-291.3,532.2739261028822,0.049911691230058335
5243,-293.8,475.6445500074674,0.049911691230058335
5244,-280.85,6529.130867853963,0.049911691230058335
5245,-251.25,1872.3127241015695,0.049911691230058335
5246,-252.65,3676.3502016154907,0.049911691230058335
5247,-254.05,143303.55991990998,0.049911691230058335
5248,-288.1,22071.112053851175,0.049911691230058335
5249,-319.45,27446.289420121677,0.049911691230058335
5250,-320.1,2025.0734957805544,0.049911691230058335
5251,-321.75,1313.9775782734796,0.049911691230058335
5252,-323.40000000000003,3025.6184766133883,0.049911691230058335
5253,-324.05,689.4703506091828,0.049911691230058335
5254,-325.7,2208.423769804431,0.049911691230058335
5255,-326.35,19964.41276033226,0.049911691230058335
5256,-328.0,4070.7763898142402,0.049911691230058335
5257,-328.65000000000003,704.573455943965,0.049911691230058335
5258,-201.4,11773.844900765253,0.049911691230058335
5259,-188.10000000000002,8210.898709473753,0.049911691230058335
5260,-173.65,24738.28006857232,0.049911691230058335
5261,-53.6,5453.796555223611,0.049911691230058335
5262,-53.900000000000006,3890.4938597823466,0.049911691230058335
5263,-55.2,5026.418393427652,0.049911691230058335
5264,-56.5,163207.75679765805,0.049911691230058335
5265,-64.2,2629.845590678611,0.049911691230058335
5266,-65.15,5555.86065946762,0.049911691230058335
5267,-66.15,3570.6379310727243,0.049911691230058335
5268,-67.5,7995.819363278239,0.049911691230058335
5269,-68.7,61497.5332073349,0.049911691230058335
5270,-66.75,1773.224758960867,0.049911691230058335
5271,-69.05000000000001,28601.070602016385,0.049911691230058335
5272,-69.25,2260.5237416645286,0.049911691230058335
5273,-71.55000000000001,1057.515443133827,0.049911691230058335
5274,-74.95,46799.8684473695,0.049911691230058335
5275,-68.80000000000001,1258.743924994109,0.049911691230058335
5276,-65.6,29120.279760722515,0.049911691230058335
5277,-64.05000000000001,23522.706918523858,0.049911691230058335
5278,-86.4,1828.9569004381465,0.049911691230058335
5279,-89.7,16533.194632421153,0.049911691230058335
5280,-91.10000000000001,2114.2532108849077,0.049911691230058335
5281,-93.30000000000001,57494.63157213853,0.049911691230058335
5282,-111.80000000000001,5063.6488204255875,0.049911691230058335
5283,-113.15,5087.863271668259,0.049911691230058335
5284,-114.5,22850.492886338936,0.049911691230058335
5285,-116.85000000000001,3722.965560396223,0.049911691230058335
5286,-118.2,21233.45523221285,0.049911691230058335
5287,-120.55000000000001,3225.269277750005,0.049911691230058335
5288,-121.9,2840.0590612527494,0.049911691230058335
5289,-124.25,24161.931110509806,0.049911691230058335
5290,-125.60000000000001,14674.330869512545,0.049911691230058335
5291,-152.25,3219.0157631673064,0.049911691230058335
5292,-151.6,4838.945050984086,0.049911691230058335
5293,-152.95000000000002,15313.090452043376,0.049911691230058335
5294,-164.8,4074.55557229626,0.049911691230058335
5295,-167.20000000000002,2093.7296936390503,0.049911691230058335
5296,-168.6,5856.903807160637,0.049911691230058335
5297,-170.0,5147.681759185638,0.049911691230058335
5298,-172.45000000000002,2592.118761191352,0.049911691230058335
5299,-200.0,5013.783130011181,0.049911691230058335
5300,-201.45000000000002,6030.374488671272,0.049911691230058335
5301,-202.9,8284.09604622155,0.049911691230058335
5302,-231.5,35523.77842287331,0.049911691230058335
5303,-234.0,2546.159344173492,0.049911691230058335
5304,-235.55,1168.3780452963629,0.049911691230058335
5305,-237.10000000000002,2156.0401458258457,0.049911691230058335
5306,-266.55,17807.765680698587,0.049911691230058335
5307,-296.0,1840.242592730583,0.049911691230058335
5308,-297.55,922.8880758711603,0.049911691230058335
5309,-299.1,73415.62159592839,0.049911691230058335
5310,-328.55,9487.486617984297,0.049911691230058335
5311,-330.1,23393.759229877098,0.049911691230058335
5312,-331.65000000000003,3582.588114455182,0.049911691230058335
5313,-361.1,47886.712885584,0.049911691230058335
5314,-195.15,2942.5365997404006,0.049911691230058335
5315,-49.2,2421.8202627257124,0.049911691230058335
5316,-33.6,2869.7831309924586,0.049911691230058335
5317,-38.25,12007.110418993456,0.049911691230058335
5318,-57.400000000000006,17684.978264983605,0.049911691230058335
5319,-58.6,2545.1556591785775,0.049911691230058335
5320,-75.9,719.7925103508423,0.049911691230058335
5321,-79.2,967.7827625606174,0.049911691230058335
5322,-107.55000000000001,5652.630014750299,0.049911691230058335
5323,-110.15,656.1718232763196,0.049911691230058335
5324,-110.75,7040.378571805144,0.049911691230058335
5325,-109.35000000000001,158294.98272580712,0.049911691230058335
5326,-109.95,1709.742686211011,0.049911691230058335
5327,-110.55000000000001,53616.12556688206,0.049911691230058335
5328,-110.15,5491.635369186071,0.049911691230058335
5329,-107.80000000000001,4101.662706874529,0.049911691230058335
5330,-110.4,2529.830719487625,0.049911691230058335
5331,-112.0,5823.186376728689,0.049911691230058335
5332,-113.60000000000001,2951.174833265716,0.049911691230058335
5333,-115.2,4307.555513042116,0.049911691230058335
5334,-116.80000000000001,3869.387431897484,0.049911691230058335
5335,-118.4,47616.81888085698,0.049911691230058335
5336,-141.8,1876.6540863835405,0.049911691230058335
5337,-143.4,22530.008767479478,0.049911691230058335
5338,-172.8,139214.75691447023,0.049911691230058335
5339,-198.65,2387.139968680898,0.049911691230058335
5340,-200.20000000000002,5884.487675933963,0.049911691230058335
5341,-201.75,77810.16188710781,0.049911691230058335
5342,-233.20000000000002,6694.844385117718,0.049911691230058335
5343,-234.75,175517.15638820085,0.049911691230058335
5344,-236.3,6301.6175272680675,0.049911691230058335
5345,-237.85000000000002,3850.369083257341,0.049911691230058335
5346,-230.9,4803.795561963399,0.049911691230058335
5347,-232.25,6779.0683277543285,0.049911691230058335
5348,-233.5,2983.4971805701443,0.049911691230058335
5349,-235.9,3476.418494644788,0.049911691230058335
5350,-237.25,3338.816063008265,0.049911691230058335
5351,-239.65,4160.143413460315,0.049911691230058335
5352,-242.10000000000002,4714.367713441741,0.049911691230058335
5353,-243.55,130675.321553437,0.049911691230058335
5354,-275.6,7156.807578400485,0.049911691230058335
5355,-277.2,2904.170454222951,0.049911691230058335
5356,-278.8,4458.463313849212,0.049911691230058335
5357,-309.2,18606.752556690066,0.049911691230058335
5358,-339.6,8982.690697630933,0.049911691230058335
5359,-341.20000000000005,4269.252422729833,0.049911691230058335
5360,-342.8,3015.2394136591374,0.049911691230058335
5361,-344.40000000000003,11274.190316293316,0.049911691230058335
5362,-346.0,2230.8033972305884,0.049911691230058335
5363,-203.35000000000002,13043.296900621168,0.049911691230058335
5364,-123.5,8773.045300390604,0.049911691230058335
5365,-125.10000000000001,46170.1388268462,0.049911691230058335
5366,-126.7,195684.98193017955,0.049911691230058335
5367,-71.5,5842.404386665472,0.049911691230058335
5368,-72.9,5626.577550247879,0.049911691230058335
5369,-74.35,7293.7614232529595,0.049911691230058335
5370,-75.80000000000001,3496.8912227370383,0.049911691230058335
5371,-90.10000000000001,5332.29981494055,0.049911691230058335
5372,-92.65,423.24605632445673,0.049911691230058335
5373,-78.85000000000001,7839.58930669825,0.049911691230058335
5374,-78.45,867.1329288246397,0.049911691230058335
5375,-106.7,154052.6303146018,0.049911691230058335
5376,-110.55000000000001,70218.05291198961,0.049911691230058335
5377,-111.9,1897.737720489633,0.049911691230058335
5378,-113.25,359.34741332647536,0.049911691230058335
5379,-115.65,3211.856164792065,0.049911691230058335
5380,-117.05000000000001,11037.618125138333,0.049911691230058335
5381,-118.45,13574.531776265716,0.049911691230058335
5382,-119.85000000000001,2854.0693711482736,0.049911691230058335
5383,-121.25,27784.878483055956,0.049911691230058335
5384,-152.25,2955.848221923872,0.049911691230058335
5385,-153.8,3561.5223117509413,0.049911691230058335
5386,-155.35,2591.14891739937,0.049911691230058335
5387,-156.9,6107.538853381869,0.049911691230058335
5388,-158.45000000000002,10712.684163894284,0.049911691230058335
5389,-175.60000000000002,15294.186553150903,0.049911691230058335
5390,-176.9,33710.082523897814,0.049911691230058335
5391,-177.15,6309.51970913549,0.049911691230058335
5392,-179.5,7180.864264109692,0.049911691230058335
5393,-211.15,10920.153167788254,0.049911691230058335
5394,-242.60000000000002,12427.519256796095,0.049911691230058335
5395,-244.15,19681.332146652945,0.049911691230058335
5396,-273.8,192515.47520216726,0.049911691230058335
5397,-305.15000000000003,43005.81339340759,0.049911691230058335
5398,-307.85,158109.5933824949,0.049911691230058335
5399,-309.55,4341.361555501149,0.049911691230058335
5400,-311.25,1224.9908560455515,0.049911691230058335
5401,-312.95,4659.259835774174,0.049911691230058335
5402,-314.65000000000003,4474.702823341431,0.049911691230058335
5403,-316.35,8694.988779684267,0.049911691230058335
5404,-349.65000000000003,1617.5090217049437,0.049911691230058335
5405,-350.35,9883.996282536522,0.049911691230058335
5406,-351.0,56326.647924330566,0.049911691230058335
5407,-149.95000000000002,2998.417914246471,0.049911691230058335
5408,-152.0,137952.5455937247,0.049911691230058335
5409,-153.05,5910.612325233429,0.049911691230058335
5410,-156.20000000000002,44048.350037811906,0.049911691230058335
5411,-158.4,6089.35166675787,0.049911691230058335
5412,-159.55,14486.42009233094,0.049911691230058335
5413,-161.8,2196.6250639906793,0.049911691230058335
5414,-165.1,4989.406630638405,0.049911691230058335
5415,-167.4,40496.49234203282,0.049911691230058335
5416,-168.65,32480.72417779907,0.049911691230058335
5417,-171.0,83385.55234405835,0.049911691230058335
5418,-172.35,4035.3044406734207,0.049911691230058335
5419,-174.8,3747.4476106412694,0.049911691230058335
5420,-175.15,4388.090886586404,0.049911691230058335
5421,-177.60000000000002,19417.399072174157,0.049911691230058335
5422,-179.05,3893.212379188304,0.049911691230058335
5423,-137.4,7138.028127461261,0.049911691230058335
5424,-80.75,6887.401269174423,0.049911691230058335
5425,-81.95,129170.94253038573,0.049911691230058335
5426,-83.15,12054.63710718538,0.049911691230058335
5427,-85.4,8670.672403356868,0.049911691230058335
5428,-86.65,5929.624301809037,0.049911691230058335
5429,-87.9,12229.927281999415,0.049911691230058335
5430,-87.7,4480.061957471599,0.049911691230058335
5431,-87.65,9320.34686474759,0.049911691230058335
5432,-104.85000000000001,2141.7775461483534,0.049911691230058335
5433,-106.25,5829.54019709466,0.049911691230058335
5434,-107.65,6899.906767162892,0.049911691230058335
5435,-109.05000000000001,6527.553069172977,0.049911691230058335
5436,-134.65,8684.614535647059,0.049911691230058335
5437,-156.0,2457.136573147807,0.049911691230058335
5438,-157.65,5396.715389239038,0.049911691230058335
5439,-159.3,241.57624151776326,0.049911691230058335
5440,-162.0,198310.89225570383,0.049911691230058335
5441,-163.70000000000002,15639.53713878075,0.049911691230058335
5442,-165.4,5991.066708875238,0.049911691230058335
5443,-167.1,5925.65045946843,0.049911691230058335
5444,-168.8,5941.570631476401,0.049911691230058335
5445,-170.5,175674.427600339,0.049911691230058335
5446,-189.0,14742.614270606144,0.049911691230058335
5447,-190.60000000000002,3737.9791751218577,0.049911691230058335
5448,-192.20000000000002,4085.820374357064,0.049911691230058335
5449,-217.60000000000002,5881.844769138721,0.049911691230058335
5450,-219.20000000000002,5701.70539971039,0.049911691230058335
5451,-249.60000000000002,23508.831912594997,0.049911691230058335
5452,-251.20000000000002,71640.58950776662,0.049911691230058335
5453,-283.90000000000003,5560.636766774664,0.049911691230058335
5454,-285.55,3617.417693303915,0.049911691230058335
5455,-287.2,12684.53560663253,0.049911691230058335
5456,-288.85,51782.62051128187,0.049911691230058335
5457,-290.5,11165.29314322937,0.049911691230058335
5458,-292.15000000000003,6805.615449063938,0.049911691230058335
5459,-293.8,9315.865485844735,0.049911691230058335
5460,-295.45,7479.739369283592,0.049911691230058335
5461,-297.1,77885.15462344867,0.049911691230058335
5462,-298.75,7462.725178735451,0.049911691230058335
5463,-300.40000000000003,5971.287323833982,0.049911691230058335
5464,-302.05,65229.78462369848,0.049911691230058335
5465,-333.40000000000003,2655.5349323905957,0.049911691230058335
5466,-335.05,2917.5280593432544,0.049911691230058335
5467,-336.70000000000005,2133.3883293983545,0.049911691230058335
5468,-338.35,243532.46071315027,0.049911691230058335
5469,-369.70000000000005,26280.504816094006,0.049911691230058335
5470,-372.35,28781.249490490532,0.049911691230058335
5471,-376.0,1940.50483846743,0.049911691230058335
5472,-376.65000000000003,4674.592231481292,0.049911691230058335
5473,-378.3,5036.966884155077,0.049911691230058335
5474,-404.65000000000003,6013.071308120193,0.049911691230058335
5475,-407.3,4095.4824736364753,0.049911691230058335
5476,-408.95000000000005,4620.606143194813,0.049911691230058335
5477,-410.6,7633.043529250783,0.049911691230058335
5478,-412.25,7667.120367076261,0.049911691230058335
5479,-413.90000000000003,7865.741949845018,0.049911691230058335
5480,-415.55,66122.74846829326,0.049911691230058335
5481,-417.20000000000005,9162.255088440868,0.049911691230058335
5482,-232.0,1582.7975303325002,0.049911691230058335
5483,-115.35000000000001,89770.25464567635,0.049911691230058335
5484,-116.5,9012.728492852715,0.049911691230058335
5485,-117.75,3004.9290911923235,0.049911691230058335
5486,-104.0,35391.421762088205,0.049911691230058335
5487,-60.95,17236.673941445628,0.049911691230058335
5488,-62.35,4845.797563722263,0.049911691230058335
5489,-63.75,5864.909030001536,0.049911691230058335
5490,-65.15,7194.393699678185,0.049911691230058335
5491,-66.55000000000001,80919.58228251479,0.049911691230058335
5492,-94.15,1619.925558953606,0.049911691230058335
5493,-97.55000000000001,5031.430412523136,0.049911691230058335
5494,-99.95,55420.63689035439,0.049911691230058335
5495,-103.35000000000001,5174.601220898538,0.049911691230058335
5496,-138.10000000000002,38598.360801174385,0.049911691230058335
5497,-139.75,4467.664656903875,0.049911691230058335
5498,-141.4,1064.7433506388443,0.049911691230058335
5499,-142.05,3456.661011974591,0.049911691230058335
5500,-143.7,61268.48478308781,0.049911691230058335
5501,-156.55,9254.42862496604,0.049911691230058335
5502,-158.1,2628.2408986757237,0.049911691230058335
5503,-159.65,5523.80205798739,0.049911691230058335
5504,-161.20000000000002,36005.15508782404,0.049911691230058335
5505,-162.75,9444.361037122068,0.049911691230058335
5506,-164.3,4649.477589371991,0.049911691230058335
5507,-165.85,9771.031046353532,0.049911691230058335
5508,-167.4,4341.470835956243,0.049911691230058335
5509,-168.95000000000002,92265.13517022165,0.049911691230058335
5510,-170.5,5257.41428453645,0.049911691230058335
5511,-172.05,7378.900697772336,0.049911691230058335
5512,-173.60000000000002,1918.5828378570066,0.049911691230058335
5513,-172.65,11412.026613743375,0.049911691230058335
5514,-170.70000000000002,8542.01993157529,0.049911691230058335
5515,-169.75,5929.99894261707,0.049911691230058335
5516,-168.85,98373.34153526853,0.049911691230058335
5517,-184.10000000000002,25173.223521396816,0.049911691230058335
5518,-186.5,15152.504557509366,0.049911691230058335
5519,-187.8,5054.433039868194,0.049911691230058335
5520,-190.15,17183.003242670187,0.049911691230058335
5521,-193.55,3439.1650892018706,0.049911691230058335
5522,-197.0,3249.0083348204907,0.049911691230058335
5523,-197.35000000000002,87667.94655143282,0.049911691230058335
5524,-228.0,47382.243088591036,0.049911691230058335
5525,-229.55,14161.624018635262,0.049911691230058335
5526,-261.0,3541.574248760925,0.049911691230058335
5527,-262.55,159084.14591836336,0.049911691230058335
5528,-265.15,4910.091136725547,0.049911691230058335
5529,-266.75,3139.3092692843747,0.049911691230058335
5530,-268.35,3616.6443111097024,0.049911691230058335
5531,-269.95000000000005,4994.381429699561,0.049911691230058335
5532,-272.55,6521.767952892823,0.049911691230058335
5533,-274.15,4489.038103775536,0.049911691230058335
5534,-299.3,10162.427776674529,0.049911691230058335
5535,-328.75,9848.293636269054,0.049911691230058335
5536,-330.3,5756.284112062873,0.049911691230058335
5537,-331.85,87796.68391986981,0.049911691230058335
5538,-318.40000000000003,124414.17502887831,0.049911691230058335
5539,-192.65,2026.9362597662912,0.049911691230058335
5540,-228.85000000000002,3355.1712844749272,0.049911691230058335
5541,-230.45000000000002,4844.679950366453,0.049911691230058335
5542,-232.05,8985.401754066552,0.049911691230058335
5543,-233.65,35299.113057353126,0.049911691230058335
5544,-235.25,3638.5151315389385,0.049911691230058335
5545,-236.85000000000002,7878.7602928571105,0.049911691230058335
5546,-238.45000000000002,24967.01858023954,0.049911691230058335
5547,-240.05,11046.863613103713,0.049911691230058335
5548,-241.65,7194.378603208189,0.049911691230058335
5549,-243.25,12576.114453973303,0.049911691230058335
5550,-236.3,5421.671358173247,0.049911691230058335
5551,-229.3,8588.511040269233,0.049911691230058335
5552,-222.25,201931.13299663799,0.049911691230058335
5553,-215.20000000000002,17477.708311972558,0.049911691230058335
5554,-208.10000000000002,10067.580751003507,0.049911691230058335
5555,-209.45000000000002,4577.618801577184,0.049911691230058335
5556,-212.85000000000002,3979.0486905852435,0.049911691230058335
5557,-215.20000000000002,2996.0779263619843,0.049911691230058335
5558,-216.55,95305.95145570561,0.049911691230058335
5559,-219.0,3422.7477970385353,0.049911691230058335
5560,-221.5,4219.406174896894,0.049911691230058335
5561,-224.05,1291.6468509570082,0.049911691230058335
5562,-226.65,5778.373547503497,0.049911691230058335
5563,-229.3,2524.7113786302543,0.049911691230058335
5564,-230.95000000000002,23604.71165173698,0.049911691230058335
5565,-232.60000000000002,2354.2023585121538,0.049911691230058335
5566,-234.25,5247.261202252845,0.049911691230058335
5567,-110.35000000000001,6468.010149849106,0.049911691230058335
5568,-111.7,13660.552464667973,0.049911691230058335
5569,-129.9,190602.0582576141,0.049911691230058335
5570,-104.5,17825.381514050012,0.049911691230058335
5571,-106.0,71730.48261483487,0.049911691230058335
5572,-107.2,7611.573586401426,0.049911691230058335
5573,-109.75,8571.887955197846,0.049911691230058335
5574,-113.35000000000001,8975.747734771689,0.049911691230058335
5575,-136.9,8200.85554111745,0.049911691230058335
5576,-139.45,4251.41401034929,0.049911691230058335
5577,-142.05,5627.245876475859,0.049911691230058335
5578,-150.05,18383.599920477915,0.049911691230058335
5579,-178.20000000000002,8844.007881952526,0.049911691230058335
5580,-179.8,4352.962881104002,0.049911691230058335
5581,-181.4,116876.23767915083,0.049911691230058335
5582,-213.65,10047.668673023734,0.049911691230058335
5583,-215.3,33979.162897147224,0.049911691230058335
5584,-248.4,6546.090382575725,0.049911691230058335
5585,-280.7,2425.457443913725,0.049911691230058335
5586,-282.40000000000003,8127.72769547616,0.049911691230058335
5587,-284.1,54142.15448149112,0.049911691230058335
5588,-317.40000000000003,2299.345521259478,0.049911691230058335
5589,-349.70000000000005,7666.189986804631,0.049911691230058335
5590,-317.15000000000003,9644.096868993984,0.049911691230058335
5591,-314.0,314834.4787483657,0.049911691230058335
5592,-307.85,12095.566421488978,0.049911691230058335
5593,-303.15000000000003,9247.231752042306,0.049911691230058335
5594,-306.8,14633.381290983138,0.049911691230058335
5595,-308.05,3517.439786699655,0.049911691230058335
5596,-307.95,12182.475534107483,0.049911691230058335
5597,-310.6,150754.20624836336,0.049911691230058335
5598,-98.60000000000001,4650.617892621842,0.049911691230058335
5599,-100.95,58409.60457343797,0.049911691230058335
5600,-103.35000000000001,6447.743794554817,0.049911691230058335
5601,-104.45,54490.30303962954,0.049911691230058335
5602,-107.95,3399.1684539002135,0.049911691230058335
5603,-106.9,46218.83047683868,0.049911691230058335
5604,-109.4,13532.91682969348,0.049911691230058335
5605,-113.0,159553.78324865954,0.049911691230058335
5606,-64.85,52203.79231255215,0.049911691230058335
5607,-99.85000000000001,7872.918873424146,0.049911691230058335
5608,-101.5,3777.551638027676,0.049911691230058335
5609,-103.15,5364.03806010719,0.049911691230058335
5610,-104.80000000000001,1111.3593916061818,0.049911691230058335
5611,-106.45,4682.60516265755,0.049911691230058335
5612,-108.10000000000001,6740.772738435917,0.049911691230058335
5613,-109.75,6354.215527656452,0.049911691230058335
5614,-130.8,85344.97018639444,0.049911691230058335
5615,-94.5,159775.5134557238,0.049911691230058335
5616,-123.10000000000001,100005.36736351572,0.049911691230058335
5617,-148.15,3299.748092726584,0.049911691230058335
5618,-148.75,7604.904020234119,0.049911691230058335
5619,-136.95,9069.440312845905,0.049911691230058335
5620,-139.5,56644.19165379966,0.049911691230058335
5621,-140.05,4581.990651122409,0.049911691230058335
5622,-142.60000000000002,10426.255239956907,0.049911691230058335
5623,-144.15,8468.22081899831,0.049911691230058335
5624,-144.7,11073.731430899461,0.049911691230058335
5625,-146.25,6964.201889048294,0.049911691230058335
5626,-147.8,180438.29221502342,0.049911691230058335
5627,-176.95000000000002,3368.40580754628,0.049911691230058335
5628,-178.55,6245.70381504104,0.049911691230058335
5629,-208.95000000000002,26953.9175155981,0.049911691230058335
5630,-210.55,18267.674921808757,0.049911691230058335
5631,-212.15,502195.04149388435,0.049911691230058335
5632,-242.55,44420.21332489229,0.049911691230058335
5633,-244.15,5362.994394054651,0.049911691230058335
5634,-245.75,23487.082636695206,0.049911691230058335
5635,-276.15,4673.356063892723,0.049911691230058335
5636,-277.75,8205.825690192958,0.049911691230058335
5637,-279.35,6007.112026358987,0.049911691230058335
5638,-308.75,15414.970042607692,0.049911691230058335
5639,-310.35,5792.107249139615,0.049911691230058335
5640,-310.95,85530.76859677346,0.049911691230058335
5641,-341.35,4877.624064778536,0.049911691230058335
5642,-357.95000000000005,51786.88126702863,0.049911691230058335
5643,-345.75,5861.358213397682,0.049911691230058335
5644,-347.25,11838.697527111442,0.049911691230058335
5645,-348.75,4450.442369119624,0.049911691230058335
5646,-350.25,6447.298226731595,0.049911691230058335
5647,-352.8,7687.895699057299,0.049911691230058335
5648,-338.3,25482.900842462994,0.049911691230058335
5649,-166.8,15979.226554673209,0.049911691230058335
5650,-152.20000000000002,27322.30000276168,0.049911691230058335
5651,-153.35,147175.14616057696,0.049911691230058335
5652,-173.15,8357.414048341336,0.049911691230058335
5653,-186.5,11900.988803963553,0.049911691230058335
5654,-188.95000000000002,90859.75089815035,0.049911691230058335
5655,-213.65,6320.019628981224,0.049911691230058335
5656,-246.10000000000002,40855.45021678653,0.049911691230058335
5657,-248.65,10791.503283132255,0.049911691230058335
5658,-251.20000000000002,3870.217718249776,0.049911691230058335
5659,-253.75,1680.2402611040898,0.049911691230058335
5660,-255.3,11501.91128202939,0.049911691230058335
5661,-208.75,4471.39819732423,0.049911691230058335
5662,-86.25,6847.1192645654955,0.049911691230058335
5663,-97.2,370056.67115342576,0.049911691230058335
5664,-121.2,22643.965474532717,0.049911691230058335
5665,-122.7,50369.18520283385,0.049911691230058335
5666,-124.2,6613.826727042193,0.049911691230058335
5667,-125.7,3707.6419100839485,0.049911691230058335
5668,-127.2,6228.0333733011685,0.049911691230058335
5669,-128.7,43546.967189568095,0.049911691230058335
5670,-130.2,8874.45128558691,0.049911691230058335
5671,-158.55,5450.735224248556,0.049911691230058335
5672,-188.0,99880.55217440869,0.049911691230058335
5673,-189.55,3821.887308010726,0.049911691230058335
5674,-219.0,9356.858174717472,0.049911691230058335
5675,-220.55,3361.9815840507317,0.049911691230058335
5676,-222.10000000000002,2609.4313548210353,0.049911691230058335
5677,-251.55,5910.872180666724,0.049911691230058335
5678,-281.0,141441.15814734824,0.049911691230058335
5679,-282.55,4257.628164817805,0.049911691230058335
5680,-284.1,7113.797663326147,0.049911691230058335
5681,-285.65000000000003,45383.180428215644,0.049911691230058335
5682,-287.2,42145.00034348842,0.049911691230058335
5683,-262.45000000000005,13170.508133043331,0.049911691230058335
5684,-264.0,37566.654541382515,0.049911691230058335
5685,-264.25,59289.871083643215,0.049911691230058335
5686,-250.4,33056.76482384672,0.049911691230058335
5687,-238.05,32743.915402855273,0.049911691230058335
5688,-267.45000000000005,85569.03287958767,0.049911691230058335
5689,-247.70000000000002,5852.18339811347,0.049911691230058335
5690,-249.35000000000002,5081.319352283055,0.049911691230058335
5691,-251.0,5982.77681963917,0.049911691230058335
5692,-252.65,9708.007797074431,0.049911691230058335
5693,-254.3,5455.1576071319905,0.049911691230058335
5694,-255.95000000000002,146031.47087054577,0.049911691230058335
5695,-257.6,6147.925752158873,0.049911691230058335
5696,-259.25,126152.69469902242,0.049911691230058335
5697,-260.9,17682.680195163222,0.049911691230058335
5698,-262.55,7707.278547113855,0.049911691230058335
5699,-264.20000000000005,2948.12879871465,0.049911691230058335
5700,-265.85,158156.5102650402,0.049911691230058335
5701,-297.2,5069.646446463768,0.049911691230058335
5702,-328.55,63798.2626399382,0.049911691230058335
5703,-330.20000000000005,167075.77000376768,0.049911691230058335
5704,-331.85,9266.204073583009,0.049911691230058335
5705,-333.5,52325.24084535206,0.049911691230058335
5706,-369.85,40893.076044087284,0.049911691230058335
5707,-355.45000000000005,12282.077958474812,0.049911691230058335
5708,-340.0,3719.758503036457,0.049911691230058335
5709,-326.6,8319.876892513901,0.049911691230058335
5710,-312.15000000000003,6233.592476021295,0.049911691230058335
5711,-179.85000000000002,36940.19990745785,0.049911691230058335
5712,-214.9,5050.060823306296,0.049911691230058335
5713,-216.55,100990.54753467807,0.049911691230058335
5714,-218.20000000000002,74719.93292920454,0.049911691230058335
5715,-219.85000000000002,3476.8776134607033,0.049911691230058335
5716,-221.5,2159.992766755473,0.049911691230058335
5717,-223.15,7456.708212990463,0.049911691230058335
5718,-224.8,37247.66015663056,0.049911691230058335
5719,-226.45000000000002,87552.5577098111,0.049911691230058335
5720,-228.10000000000002,31209.537619627696,0.049911691230058335
5721,-213.70000000000002,4709.473782995075,0.049911691230058335
5722,-210.9,14426.66401047723,0.049911691230058335
5723,-210.15,84349.3880620556,0.049911691230058335
5724,-223.4,43124.919063866546,0.049911691230058335
5725,-250.8,42130.603564359415,0.049911691230058335
5726,-288.65000000000003,8125.87793355035,0.049911691230058335
5727,-320.0,9198.199930592413,0.049911691230058335
5728,-321.65000000000003,5949.06767205926,0.049911691230058335
5729,-323.3,9396.702410812548,0.049911691230058335
5730,-324.95,15285.757797168175,0.049911691230058335
5731,-355.3,117496.02725511488,0.049911691230058335
5732,-386.65000000000003,38602.4214059803,0.049911691230058335
5733,-388.3,12619.055442021709,0.049911691230058335
5734,-309.5,10123.00403796447,0.049911691230058335
5735,-310.0,11327.652354483584,0.049911691230058335
5736,-312.6,6265.802557560472,0.049911691230058335
5737,-335.70000000000005,422730.7158257005,0.049911691230058335
5738,-344.65000000000003,3358.6148197392467,0.049911691230058335
5739,-345.0,9944.551751531457,0.049911691230058335
5740,-345.35,7472.673460048825,0.049911691230058335
5741,-344.70000000000005,22150.51379158323,0.049911691230058335
5742,-374.45000000000005,31795.225134494696,0.049911691230058335
5743,-284.05,31261.043137748544,0.049911691230058335
5744,-271.65000000000003,8081.905725120145,0.049911691230058335
5745,-230.5,50281.296483581755,0.049911691230058335
5746,-269.8,109883.10027549694,0.049911691230058335
5747,-297.2,73136.21836554034,0.049911691230058335
5748,-298.8,8357.354360134552,0.049911691230058335
5749,-301.40000000000003,13628.271565096766,0.049911691230058335
5750,-303.0,17437.773415627038,0.049911691230058335
5751,-304.6,5630.909077704097,0.049911691230058335
5752,-306.25,74559.86744485603,0.049911691230058335
5753,-308.90000000000003,8015.406318547575,0.049911691230058335
5754,-308.55,16485.038381018756,0.049911691230058335
5755,-309.2,83722.73313315444,0.049911691230058335
5756,-339.55,4354.7365110674655,0.049911691230058335
5757,-341.20000000000005,7111.364491495531,0.049911691230058335
5758,-372.55,9974.932134349741,0.049911691230058335
5759,-403.90000000000003,10694.144734287931,0.049911691230058335
5760,-415.0,1740.975690307281,0.049911691230058335
5761,-416.65000000000003,65388.82504684205,0.049911691230058335
5762,-445.55,4780.335713550677,0.049911691230058335
5763,-447.15000000000003,14046.097449946785,0.049911691230058335
5764,-448.75,11606.414652730276,0.049911691230058335
5765,-451.35,13217.177256563691,0.049911691230058335
5766,-454.95000000000005,1926.563684130122,0.049911691230058335
5767,-481.35,210853.78678544215,0.049911691230058335
5768,-483.95000000000005,18453.523892216388,0.049911691230058335
5769,-485.55,41793.46384883412,0.049911691230058335
5770,-486.15000000000003,2298.616609157587,0.049911691230058335
5771,-487.75,46213.895635808614,0.049911691230058335
5772,-507.1,80470.38277488097,0.049911691230058335
5773,-242.70000000000002,8115.856039765353,0.049911691230058335
5774,-233.3,108326.38482657187,0.049911691230058335
5775,-234.95000000000002,2942.455454123403,0.049911691230058335
5776,-236.70000000000002,4139.951944998858,0.049911691230058335
5777,-236.65,37346.944383601796,0.049911691230058335
5778,-238.4,10136.853966765833,0.049911691230058335
5779,-240.15,12523.75454091886,0.049911691230058335
5780,-240.9,140203.65712817837,0.049911691230058335
5781,-242.65,9893.71552495312,0.049911691230058335
5782,-244.4,14187.394831939922,0.049911691230058335
5783,-246.15,19357.50731338186,0.049911691230058335
5784,-247.9,13396.159188269787,0.049911691230058335
5785,-250.65,6623.659256901015,0.049911691230058335
5786,-253.4,12963.918592322805,0.049911691230058335
5787,-255.15,18086.094708248886,0.049911691230058335
5788,-256.9,317705.3326656363,0.049911691230058335
5789,-258.3,22594.82742407397,0.049911691230058335
5790,-260.0,13018.470136528427,0.049911691230058335
5791,-261.70000000000005,5270.935437317931,0.049911691230058335
5792,-294.0,27841.61798520063,0.049911691230058335
5793,-295.7,9692.056240226877,0.049911691230058335
5794,-164.1,1765.0861491573487,0.049911691230058335
5795,-150.0,25300.922267556394,0.049911691230058335
5796,-152.65,8530.977080716431,0.049911691230058335
5797,-139.55,19058.696475646757,0.049911691230058335
5798,-142.25,178591.13772446662,0.049911691230058335
5799,-122.95,9377.522802983265,0.049911691230058335
5800,-123.2,19777.259381572687,0.049911691230058335
5801,-155.95000000000002,49151.16025595213,0.049911691230058335
5802,-157.65,6041.37277492033,0.049911691230058335
5803,-159.35,2777.583940343131,0.049911691230058335
5804,-161.05,5515.473053648086,0.049911691230058335
5805,-162.75,47122.20125800195,0.049911691230058335
5806,-195.05,202843.2406360796,0.049911691230058335
5807,-196.75,2530.8215158667954,0.049911691230058335
5808,-198.45000000000002,8354.273703148865,0.049911691230058335
5809,-200.15,8355.106851127044,0.049911691230058335
5810,-202.85000000000002,10866.273210713794,0.049911691230058335
5811,-204.55,44928.2247077774,0.049911691230058335
5812,-237.85000000000002,12157.514294728579,0.049911691230058335
5813,-239.55,17171.506194066926,0.049911691230058335
5814,-260.3,21177.584496479787,0.049911691230058335
5815,-261.95000000000005,7661.082794655755,0.049911691230058335
5816,-262.6,70153.64462867565,0.049911691230058335
5817,-264.25,67664.73037670547,0.049911691230058335
5818,-287.95,2679.263922838203,0.049911691230058335
5819,-287.6,17514.867435208616,0.049911691230058335
5820,-299.55,46753.99653969996,0.049911691230058335
5821,-301.15000000000003,28847.199786333134,0.049911691230058335
5822,-302.75,14807.258782043082,0.049911691230058335
5823,-335.15000000000003,19536.15855222271,0.049911691230058335
5824,-338.75,10043.199270776997,0.049911691230058335
5825,-339.35,12811.165349078121,0.049911691230058335
5826,-369.75,23080.621397550276,0.049911691230058335
5827,-371.35,42503.94012719582,0.049911691230058335
5828,-233.60000000000002,265250.6009837225,0.049911691230058335
5829,-202.4,46109.87525080511,0.049911691230058335
5830,-186.35000000000002,120427.25853208259,0.049911691230058335
5831,-202.9,28678.240879465593,0.049911691230058335
5832,-202.25,16764.16825075075,0.049911691230058335
5833,-208.70000000000002,5043.566696443479,0.049911691230058335
5834,-210.25,12112.283795510128,0.049911691230058335
5835,-212.85000000000002,7826.017149114501,0.049911691230058335
5836,-215.5,72193.1828340209,0.049911691230058335
5837,-218.20000000000002,10866.128237129244,0.049911691230058335
5838,-219.9,43793.06435909464,0.049911691230058335
5839,-252.20000000000002,5605.1001527276785,0.049911691230058335
5840,-253.9,124931.37577368628,0.049911691230058335
5841,-255.60000000000002,51700.56779580895,0.049911691230058335
5842,-260.75,3042.5055067160865,0.049911691230058335
5843,-292.05,42286.715662256596,0.049911691230058335
5844,-328.35,5153.116578030073,0.049911691230058335
5845,-330.05,1892.444482085196,0.049911691230058335
5846,-331.75,23199.101194960895,0.049911691230058335
5847,-362.05,16578.69915266517,0.049911691230058335
5848,-394.35,7011.84336199305,0.049911691230058335
5849,-396.05,33990.84734332111,0.049911691230058335
5850,-428.35,69961.28140715107,0.049911691230058335
5851,-430.05,11018.412823796854,0.049911691230058335
5852,-461.35,16833.838165056848,0.049911691230058335
5853,-463.05,196474.79667658504,0.049911691230058335
5854,-464.75,6048.811988376579,0.049911691230058335
5855,-466.45000000000005,143418.8213418898,0.049911691230058335
5856,-468.15000000000003,6239.16346964729,0.049911691230058335
5857,-469.85,5161.092232696508,0.049911691230058335
5858,-472.55,7177.4611824043095,0.049911691230058335
5859,-475.25,32323.08963758663,0.049911691230058335
5860,-477.95000000000005,7226.333658513438,0.049911691230058335
5861,-479.65000000000003,14385.795842700347,0.049911691230058335
5862,-482.35,40317.560560335536,0.049911691230058335
5863,-484.75,17615.194954649225,0.049911691230058335
5864,-488.35,11538.164354370936,0.049911691230058335
5865,-491.95000000000005,6850.644595623511,0.049911691230058335
5866,-495.55,131393.3780917002,0.049911691230058335
5867,-498.15000000000003,10244.321450537536,0.049911691230058335
5868,-499.75,18906.938660657164,0.049911691230058335
5869,-501.35,98311.35306816296,0.049911691230058335
5870,-503.0,6078.994379875599,0.049911691230058335
5871,-503.65000000000003,9653.690166767605,0.049911691230058335
5872,-505.3,48886.13925089754,0.049911691230058335
5873,-533.2,74078.87078921724,0.049911691230058335
5874,-534.95,33436.41064232157,0.049911691230058335
5875,-534.8000000000001,6739.535382146307,0.049911691230058335
5876,-536.5,33235.69718649803,0.049911691230058335
5877,-490.0,75070.53225636283,0.049911691230058335
5878,-492.75,6709.3121088774315,0.049911691230058335
5879,-493.40000000000003,5775.510257334448,0.049911691230058335
5880,-60.5,19036.393563977326,0.049911691230058335
5881,-44.6,18740.09700783994,0.049911691230058335
5882,-30.75,366852.4548069747,0.049911691230058335
5883,-19.4,28088.45333080081,0.049911691230058335
5884,-22.200000000000003,39339.77614155007,0.049911691230058335
5885,-25.450000000000003,45349.227472759,0.049911691230058335
5886,-28.8,6586.819457390831,0.049911691230058335
5887,-30.150000000000002,13882.365667113103,0.049911691230058335
5888,-33.6,14634.539384858364,0.049911691230058335
5889,-37.150000000000006,20751.36675098564,0.049911691230058335
5890,-37.3,14004.383303366667,0.049911691230058335
5891,-38.650000000000006,6012.86879461436,0.049911691230058335
5892,-40.0,92259.83592558632,0.049911691230058335
5893,-68.4,32411.844109672937,0.049911691230058335
5894,-70.2,47262.95917770162,0.049911691230058335
5895,-72.0,153886.1154170274,0.049911691230058335
5896,-73.80000000000001,34873.26426967031,0.049911691230058335
5897,-75.6,24022.458152634204,0.049911691230058335
5898,-77.4,9573.403348529275,0.049911691230058335
5899,-79.2,10025.185633830872,0.049911691230058335
5900,-81.0,20693.39012974976,0.049911691230058335
5901,-82.80000000000001,8929.576515547145,0.049911691230058335
5902,-117.0,16547.140048766625,0.049911691230058335
5903,-118.80000000000001,76060.91270417065,0.049911691230058335
5904,-120.60000000000001,15868.819258989883,0.049911691230058335
5905,-122.4,8036.026076537079,0.049911691230058335
5906,-124.2,6898.743795080809,0.049911691230058335
5907,-126.0,66951.17501657474,0.049911691230058335
5908,-160.20000000000002,12173.36866221737,0.049911691230058335
5909,-193.4,7216.821069845588,0.049911691230058335
5910,-229.60000000000002,19467.519266708037,0.049911691230058335
5911,-231.4,16060.61034031972,0.049911691230058335
5912,-263.6,18556.474076312497,0.049911691230058335
5913,-265.4,172117.7253798618,0.049911691230058335
5914,-287.7,169839.02125697897,0.049911691230058335
5915,-289.45,7893.565660366079,0.049911691230058335
5916,-324.75,12949.69490929658,0.049911691230058335
5917,-357.95000000000005,129294.4269715934,0.049911691230058335
5918,-359.75,6224.9691500040935,0.049911691230058335
5919,-361.55,14861.58983953076,0.049911691230058335
5920,-363.35,17913.925240370037,0.049911691230058335
5921,-397.55,2928.084052472168,0.049911691230058335
5922,-416.5,36040.491198318894,0.049911691230058335
5923,-451.75,9938.234499657017,0.049911691230058335
5924,-453.5,13555.541606193292,0.049911691230058335
5925,-468.45000000000005,5232.0783544400765,0.049911691230058335
5926,-470.15000000000003,289494.5904665581,0.049911691230058335
5927,-471.85,13792.17664240324,0.049911691230058335
5928,-457.5,39829.20914840816,0.049911691230058335
5929,-459.15000000000003,11528.278043841448,0.049911691230058335
5930,-462.40000000000003,9884.233565813629,0.049911691230058335
5931,-433.5,268141.6911656352,0.049911691230058335
5932,-418.55,57185.83935507829,0.049911691230058335
5933,-406.6,13729.765464561526,0.049911691230058335
5934,-394.15000000000003,10379.396034684934,0.049911691230058335
5935,-395.70000000000005,15264.49149703316,0.049911691230058335
5936,-397.25,10013.250330070208,0.049911691230058335
5937,-398.8,5304.844569287525,0.049911691230058335
5938,-259.1,5738.2292780888965,0.049911691230058335
5939,-96.35000000000001,7218.292137144661,0.049911691230058335
5940,-80.85000000000001,5287.556465674948,0.049911691230058335
5941,-82.3,9321.311370101932,0.049911691230058335
5942,-117.55000000000001,159829.8029641777,0.049911691230058335
5943,-119.30000000000001,22133.738328569685,0.049911691230058335
5944,-120.05000000000001,27739.307497388945,0.049911691230058335
5945,-120.65,181922.5408129554,0.049911691230058335
5946,-151.4,16880.98253821119,0.049911691230058335
5947,-144.15,176638.98777398502,0.049911691230058335
5948,-166.95000000000002,21205.499736625003,0.049911691230058335
5949,-168.6,130429.0321154188,0.049911691230058335
5950,-189.75,3712.6885881942,0.049911691230058335
5951,-222.0,42335.07739585452,0.049911691230058335
5952,-248.20000000000002,106858.30224114575,0.049911691230058335
5953,-258.5,9558.11490588187,0.049911691230058335
5954,-290.65000000000003,13638.979702700046,0.049911691230058335
5955,-292.40000000000003,173654.11125248845,0.049911691230058335
5956,-294.15000000000003,13385.827378761373,0.049911691230058335
5957,-295.90000000000003,41235.49865731337,0.049911691230058335
5958,-297.65000000000003,17529.2661021814,0.049911691230058335
5959,-299.40000000000003,38893.40486759273,0.049911691230058335
5960,-301.15000000000003,14883.716010342469,0.049911691230058335
5961,-302.90000000000003,7085.515068111068,0.049911691230058335
5962,-304.65000000000003,6134.511070015025,0.049911691230058335
5963,-306.40000000000003,3394.307114181866,0.049911691230058335
5964,-308.15000000000003,5714.9431146442,0.049911691230058335
5965,-309.90000000000003,8865.989008926357,0.049911691230058335
5966,-346.15000000000003,66373.24033209693,0.049911691230058335
5967,-350.85,51326.00171846563,0.049911691230058335
5968,-227.45000000000002,4987.161670701462,0.049911691230058335
5969,-215.9,21532.242384404526,0.049911691230058335
5970,-146.1,119427.97994466737,0.049911691230058335
5971,-109.95,63074.0830515243,0.049911691230058335
5972,-57.7,9556.680431444896,0.049911691230058335
5973,-44.900000000000006,15988.023932745866,0.049911691230058335
5974,-44.800000000000004,18052.838654504827,0.049911691230058335
5975,-77.9,161780.04219090927,0.049911691230058335
5976,-111.15,96637.62626756864,0.049911691230058335
5977,-146.4,50632.97623213983,0.049911691230058335
5978,-148.15,10268.079604687315,0.049911691230058335
5979,-154.85,44197.9973465871,0.049911691230058335
5980,-166.4,76377.8665407279,0.049911691230058335
5981,-167.85000000000002,66480.51885748358,0.049911691230058335
5982,-169.3,73988.90119116503,0.049911691230058335
5983,-182.55,41257.59360972664,0.049911691230058335
5984,-184.95000000000002,17656.334023918025,0.049911691230058335
5985,-185.25,11238.53194257617,0.049911691230058335
5986,-185.65,45432.40731008246,0.049911691230058335
5987,-188.10000000000002,30300.035066019598,0.049911691230058335
5988,-190.60000000000002,24102.174881693092,0.049911691230058335
5989,-193.15,24340.939495773375,0.049911691230058335
5990,-193.65,108282.89570975311,0.049911691230058335
5991,-194.25,36167.294549238664,0.049911691230058335
5992,-197.95000000000002,5877.728710543874,0.049911691230058335
5993,-199.65,11798.976122943255,0.049911691230058335
5994,-201.35000000000002,28794.994728969898,0.049911691230058335
5995,-234.65,12453.087255655017,0.049911691230058335
5996,-266.95000000000005,84102.04143445368,0.049911691230058335
5997,-309.25,46580.097127168556,0.049911691230058335
5998,-333.55,17590.710254523176,0.049911691230058335
5999,-335.25,9190.197806381046,0.049911691230058335
6000,-336.95000000000005,143293.09669256874,0.049911691230058335
6001,-368.25,13320.949556792504,0.049911691230058335
6002,-369.95000000000005,55236.81133209949,0.049911691230058335
6003,-355.35,72317.87195732887,0.049911691230058335
6004,-314.15000000000003,18028.681021853117,0.049911691230058335
6005,-213.95000000000002,19311.756818852213,0.049911691230058335
6006,-92.95,11648.458559287072,0.049911691230058335
6007,-78.4,132683.02214025287,0.049911691230058335
6008,-65.35,12839.919828921556,0.049911691230058335
6009,-69.85,165041.55878949445,0.049911691230058335
6010,-55.85,22974.7025279589,0.049911691230058335
6011,-57.25,8211.76862633694,0.049911691230058335
6012,-45.35,12890.71528896247,0.049911691230058335
6013,-46.85,28182.85946700431,0.049911691230058335
6014,-48.35,80012.83592878433,0.049911691230058335
6015,-70.80000000000001,7391.970027955249,0.049911691230058335
6016,-73.45,9173.821056132587,0.049911691230058335
6017,-99.0,18124.949431834975,0.049911691230058335
6018,-98.80000000000001,4994.685412624851,0.049911691230058335
6019,-100.4,111439.17661875673,0.049911691230058335
6020,-132.35000000000002,148487.97449100867,0.049911691230058335
6021,-168.55,11033.727877603378,0.049911691230058335
6022,-170.35,10931.281226068037,0.049911691230058335
6023,-172.15,8215.076420380574,0.049911691230058335
6024,-174.95000000000002,10566.936658305582,0.049911691230058335
6025,-175.75,66203.73472282477,0.049911691230058335
6026,-210.95000000000002,10887.190984720131,0.049911691230058335
6027,-229.0,12224.3158233984,0.049911691230058335
6028,-227.60000000000002,159502.07537665218,0.049911691230058335
6029,-264.85,12930.815810563305,0.049911691230058335
6030,-265.65,18615.461657251697,0.049911691230058335
6031,-266.35,7664.956183465145,0.049911691230058335
6032,-269.15,70200.54756791246,0.049911691230058335
6033,-294.90000000000003,35379.2641178302,0.049911691230058335
6034,-324.45,13004.322962416685,0.049911691230058335
6035,-326.2,76345.93556014966,0.049911691230058335
6036,-327.95,14688.784005313413,0.049911691230058335
6037,-329.70000000000005,88351.88090152177,0.049911691230058335
6038,-330.45000000000005,10197.459910999964,0.049911691230058335
6039,-332.20000000000005,78643.75387085511,0.049911691230058335
6040,-367.45000000000005,33464.65318460882,0.049911691230058335
6041,-383.05,229323.4800514577,0.049911691230058335
6042,-385.8,24972.55873439077,0.049911691230058335
6043,-387.55,25162.789313154146,0.049911691230058335
6044,-403.5,180761.87826573182,0.049911691230058335
6045,-344.1,40865.75539594516,0.049911691230058335
6046,-316.5,12404.737661501767,0.049911691230058335
6047,-40.2,33766.65652803373,0.049911691230058335
6048,-81.25,16917.792314987048,0.049911691230058335
6049,-83.1,14274.534551376302,0.049911691230058335
6050,-84.95,24416.10799699744,0.049911691230058335
6051,-86.8,18067.85481169523,0.049911691230058335
6052,-85.85000000000001,68338.7979591846,0.049911691230058335
6053,-85.9,23005.206256591802,0.049911691230058335
6054,-86.05,24811.486252367133,0.049911691230058335
6055,-86.2,72133.74109808149,0.049911691230058335
6056,-85.35000000000001,15354.470916100952,0.049911691230058335
6057,-88.15,88926.94860921893,0.049911691230058335
6058,-88.3,103114.43476558907,0.049911691230058335
6059,-64.95,17546.508308746852,0.049911691230058335
6060,-67.4,3827.7233985088533,0.049911691230058335
6061,-62.400000000000006,61618.155094544694,0.049911691230058335
6062,-61.5,18393.126032673055,0.049911691230058335
6063,-65.80000000000001,16709.057005764975,0.049911691230058335
6064,-65.95,161028.92847159202,0.049911691230058335
6065,-68.2,14903.930930009868,0.049911691230058335
6066,-71.75,558474.5199676154,0.049911691230058335
6067,-74.30000000000001,85224.83013038279,0.049911691230058335
6068,-75.80000000000001,26349.381816649868,0.049911691230058335
6069,-76.75,14504.881301685236,0.049911691230058335
6070,-77.9,10735.838646803284,0.049911691230058335
6071,-81.2,71037.88931984361,0.049911691230058335
6072,-82.55000000000001,27401.450308167376,0.049911691230058335
6073,-81.80000000000001,24454.646404013038,0.049911691230058335
6074,-83.05,35390.46243655239,0.049911691230058335
6075,-85.3,55775.94667334156,0.049911691230058335
6076,-121.4,17564.527032411657,0.049911691230058335
6077,-153.5,16984.26217282744,0.049911691230058335
6078,-192.60000000000002,67521.59877227258,0.049911691230058335
6079,-214.75,15062.875900123312,0.049911691230058335
6080,-253.85000000000002,10229.954431585502,0.049911691230058335
6081,-245.95000000000002,35671.65651498386,0.049911691230058335
6082,-240.10000000000002,26243.591682559578,0.049911691230058335
6083,-244.0,9088.562909068773,0.049911691230058335
6084,-236.10000000000002,11821.987179634161,0.049911691230058335
6085,-220.05,122852.67289576028,0.049911691230058335
6086,-195.8,11783.488503780914,0.049911691230058335
6087,-183.25,64513.108109848574,0.049911691230058335
6088,-176.25,159345.5885875756,0.049911691230058335
6089,-177.0,8809.74102566694,0.049911691230058335
6090,-179.9,26398.087304177578,0.049911691230058335
6091,-181.8,21428.231154702604,0.049911691230058335
6092,-183.70000000000002,8955.051339159138,0.049911691230058335
6093,-219.8,19372.717921158808,0.049911691230058335
6094,-239.8,102650.46407774425,0.049911691230058335
6095,-261.6,34519.400802658696,0.049911691230058335
6096,-247.45000000000002,22511.191075748822,0.049911691230058335
6097,-233.35000000000002,44501.3156232817,0.049911691230058335
6098,-247.5,63703.68686889252,0.049911691230058335
6099,-249.35000000000002,41198.188210988534,0.049911691230058335
6100,-251.20000000000002,26906.47803233922,0.049911691230058335
6101,-253.05,15418.417914837599,0.049911691230058335
6102,-289.6,131829.46173576312,0.049911691230058335
6103,-325.7,15477.404141905063,0.049911691230058335
6104,-327.6,113173.47202217484,0.049911691230058335
6105,-330.5,46685.799340507816,0.049911691230058335
6106,-333.40000000000003,14279.026479111984,0.049911691230058335
6107,-368.3,11517.773276288179,0.049911691230058335
6108,-370.25,207109.0990076641,0.049911691230058335
6109,-194.35000000000002,23380.4587384481,0.049911691230058335
6110,-237.60000000000002,15470.056384484207,0.049911691230058335
6111,-239.55,32913.592358619906,0.049911691230058335
6112,-241.5,33793.867460756795,0.049911691230058335
6113,-243.45000000000002,145835.193010317,0.049911691230058335
6114,-272.0,17038.317080408335,0.049911691230058335
6115,-273.9,50793.42739390118,0.049911691230058335
6116,-314.0,8533.327586523814,0.049911691230058335
6117,-314.90000000000003,48823.78227865476,0.049911691230058335
6118,-316.8,11706.64838511773,0.049911691230058335
6119,-317.7,36594.26829529951,0.049911691230058335
6120,-319.6,24738.128891965694,0.049911691230058335
6121,-320.5,16748.626465014735,0.049911691230058335
6122,-308.5,36381.33262869104,0.049911691230058335
6123,-345.85,45256.60119494844,0.049911691230058335
6124,-347.8,854725.9248034853,0.049911691230058335
6125,-240.45000000000002,42707.88170543897,0.049911691230058335
6126,-243.3,46344.68237054658,0.049911691230058335
6127,-246.20000000000002,11597.891559415788,0.049911691230058335
6128,-246.60000000000002,5842.84211595729,0.049911691230058335
6129,-249.5,13437.178719855496,0.049911691230058335
6130,-251.4,44434.00398119973,0.049911691230058335
6131,-209.4,19319.348259682563,0.049911691230058335
6132,-233.95000000000002,25254.457627301395,0.049911691230058335
6133,-258.95000000000005,35567.39474425702,0.049911691230058335
6134,-260.70000000000005,86629.65812746715,0.049911691230058335
6135,-264.6,68404.91462203208,0.049911691230058335
6136,-266.5,26120.737227349317,0.049911691230058335
6137,-269.45000000000005,28798.554260891164,0.049911691230058335
6138,-308.3,9880.087882425636,0.049911691230058335
6139,-310.3,63030.0902606658,0.049911691230058335
6140,-236.5,22265.313308954057,0.049911691230058335
6141,-140.25,2813.295303529876,0.049911691230058335
6142,-142.8,14872.092072553001,0.049911691230058335
6143,-143.3,142394.06783992617,0.049911691230058335
6144,-144.8,8420.843055973586,0.049911691230058335
6145,-148.7,56535.47864338281,0.049911691230058335
6146,-148.25,13333.709367034658,0.049911691230058335
6147,-150.75,106494.32992566616,0.049911691230058335
6148,-152.55,56598.975786280935,0.049911691230058335
6149,-155.45000000000002,49282.63364154287,0.049911691230058335
6150,-158.4,13651.665951462566,0.049911691230058335
6151,-195.45000000000002,120610.31662486828,0.049911691230058335
6152,-197.4,14685.886776856554,0.049911691230058335
6153,-199.35000000000002,18821.158844031394,0.049911691230058335
6154,-238.4,28985.049319887872,0.049911691230058335
6155,-240.35000000000002,122657.04318383522,0.049911691230058335
6156,-242.3,53502.96744086449,0.049911691230058335
6157,-244.25,8657.198360174894,0.049911691230058335
6158,-246.20000000000002,11479.493307410507,0.049911691230058335
6159,-248.15,8352.832028388977,0.049911691230058335
6160,-250.10000000000002,7417.768676612135,0.049911691230058335
6161,-251.05,79066.88038093464,0.049911691230058335
6162,-284.75,2963.2199742412195,0.049911691230058335
6163,-216.85000000000002,40367.9951425062,0.049911691230058335
6164,-159.75,186824.30785271898,0.049911691230058335
6165,-134.2,230945.55061327224,0.049911691230058335
6166,-137.60000000000002,9299.147948066122,0.049911691230058335
6167,-138.95,15375.435300541692,0.049911691230058335
6168,-143.4,102412.91810196312,0.049911691230058335
6169,-143.7,14666.075139142107,0.049911691230058335
6170,-147.15,22081.588610079954,0.049911691230058335
6171,-150.7,15776.330978807178,0.049911691230058335
6172,-150.35,17699.872766975663,0.049911691230058335
6173,-136.05,17500.532704289886,0.049911691230058335
6174,-122.9,7469.20514968285,0.049911691230058335
6175,-136.25,47538.94920024276,0.049911691230058335
6176,-135.3,33348.54760235181,0.049911691230058335
6177,-135.4,84430.82815611412,0.049911691230058335
6178,-135.60000000000002,10568.271129574423,0.049911691230058335
6179,-135.8,118768.3376854565,0.049911691230058335
6180,-134.95,18317.34234622121,0.049911691230058335
6181,-133.65,30320.54068442434,0.049911691230058335
6182,-162.05,7524.413984166749,0.049911691230058335
6183,-173.10000000000002,7717.68137755341,0.049911691230058335
6184,-171.9,16190.856500047841,0.049911691230058335
6185,-171.70000000000002,56345.99918470517,0.049911691230058335
6186,-174.15,179635.4154726671,0.049911691230058335
6187,-185.85000000000002,11441.752447620966,0.049911691230058335
6188,-110.05000000000001,41302.74503777502,0.049911691230058335
6189,-111.45,12625.76379342191,0.049911691230058335
6190,-113.9,20722.32812140882,0.049911691230058335
6191,-116.4,23007.747378736734,0.049911691230058335
6192,-118.95,22261.428917697798,0.049911691230058335
6193,-120.35000000000001,20786.094421256697,0.049911691230058335
6194,-122.85000000000001,11635.153394534515,0.049911691230058335
6195,-124.45,30239.93112693727,0.049911691230058335
6196,-125.9,86319.82397769537,0.049911691230058335
6197,-127.35000000000001,6777.510092134995,0.049911691230058335
6198,-128.95,14815.414957910776,0.049911691230058335
6199,-132.60000000000002,28840.702978481095,0.049911691230058335
6200,-135.35000000000002,296112.49429389834,0.049911691230058335
6201,-137.10000000000002,116174.40139272506,0.049911691230058335
6202,-138.85000000000002,9526.839859331696,0.049911691230058335
6203,-140.60000000000002,8379.657063305378,0.049911691230058335
6204,-142.35000000000002,8325.24955471672,0.049911691230058335
6205,-144.10000000000002,10138.445047094021,0.049911691230058335
6206,-145.85000000000002,17255.200658440124,0.049911691230058335
6207,-147.6,106924.27150310439,0.049911691230058335
6208,-146.15,17687.837844771537,0.049911691230058335
6209,-147.9,31422.374697511084,0.049911691230058335
6210,-149.65,41680.113074178225,0.049911691230058335
6211,-186.65,23314.0835510958,0.049911691230058335
6212,-188.5,13415.36188964345,0.049911691230058335
6213,-228.60000000000002,51520.50710686733,0.049911691230058335
6214,-230.60000000000002,62051.622644251205,0.049911691230058335
6215,-232.60000000000002,4508.325068274891,0.049911691230058335
6216,-234.60000000000002,224822.24686715798,0.049911691230058335
6217,-236.60000000000002,18043.723528586328,0.049911691230058335
6218,-238.60000000000002,19205.451472314424,0.049911691230058335
6219,-240.60000000000002,19159.019661847502,0.049911691230058335
6220,-242.60000000000002,14973.048539760523,0.049911691230058335
6221,-244.60000000000002,538924.7343325103,0.049911691230058335
6222,-246.60000000000002,11013.036110146335,0.049911691230058335
6223,-248.60000000000002,35895.27739914425,0.049911691230058335
6224,-250.60000000000002,36946.90435524378,0.049911691230058335
6225,-252.60000000000002,7765.029438651865,0.049911691230058335
6226,-254.60000000000002,71879.82557455543,0.049911691230058335
6227,-256.6,8464.304166889924,0.049911691230058335
6228,-259.6,8242.876017987088,0.049911691230058335
6229,-262.6,11513.54747369123,0.049911691230058335
6230,-264.6,160591.2546430698,0.049911691230058335
6231,-266.6,124912.85759622627,0.049911691230058335
6232,-268.6,14189.644063982181,0.049911691230058335
6233,-304.6,38081.22649002075,0.049911691230058335
6234,-306.6,29485.836684150316,0.049911691230058335
6235,-308.6,94954.38060303847,0.049911691230058335
6236,-349.6,14337.4457149097,0.049911691230058335
6237,-350.6,4754.343247844605,0.049911691230058335
6238,-352.6,23420.529599405825,0.049911691230058335
6239,-353.6,20513.257822320564,0.049911691230058335
6240,-354.6,63655.690813781344,0.049911691230058335
6241,-392.6,21411.119356305484,0.049911691230058335
6242,-394.6,15245.117142144358,0.049911691230058335
6243,-396.6,49915.62743395232,0.049911691230058335
6244,-398.6,16595.30897045805,0.049911691230058335
6245,-400.6,46914.11343853321,0.049911691230058335
6246,-402.6,30459.016802877537,0.049911691230058335
6247,-393.45000000000005,113317.10195877019,0.049911691230058335
6248,-395.40000000000003,114377.36465171445,0.049911691230058335
6249,-431.45000000000005,17348.753660786257,0.049911691230058335
6250,-434.45000000000005,9780.581382106524,0.049911691230058335
6251,-436.45000000000005,36609.86592537294,0.049911691230058335
6252,-453.85,74915.51645255089,0.049911691230058335
6253,-455.90000000000003,82254.71841191116,0.049911691230058335
6254,-402.0,164427.78523786995,0.049911691230058335
6255,-404.85,15024.919667502167,0.049911691230058335
6256,-163.0,8900.769387205597,0.049911691230058335
6257,-187.05,36996.560557589866,0.049911691230058335
6258,-157.65,32490.01360501256,0.049911691230058335
6259,-90.5,15386.41317505017,0.049911691230058335
6260,-94.60000000000001,13543.012566048652,0.049911691230058335
6261,-126.30000000000001,105337.27697630227,0.049911691230058335
6262,-167.75,25010.39747857768,0.049911691230058335
6263,-206.3,83706.02308175806,0.049911691230058335
6264,-207.20000000000002,49565.854114070535,0.049911691230058335
6265,-211.25,129724.72865027376,0.049911691230058335
6266,-249.5,96829.3165630335,0.049911691230058335
6267,-287.7,131374.08491811226,0.049911691230058335
6268,-289.8,19621.199488277896,0.049911691230058335
6269,-291.90000000000003,10681.207729569891,0.049911691230058335
6270,-294.0,70926.90796676817,0.049911691230058335
6271,-296.1,19591.76212154329,0.049911691230058335
6272,-298.2,11864.876347472178,0.049911691230058335
6273,-300.3,23459.712537484244,0.049911691230058335
6274,-302.40000000000003,53888.028883358464,0.049911691230058335
6275,-343.40000000000003,37667.843577967025,0.049911691230058335
6276,-388.15000000000003,125368.7348053367,0.049911691230058335
6277,-384.85,144880.28280058503,0.049911691230058335
6278,-386.85,22777.853063375223,0.049911691230058335
6279,-419.55,39985.844308793545,0.049911691230058335
6280,-422.75,18404.41641912982,0.049911691230058335
6281,-344.65000000000003,29855.36201747507,0.049911691230058335
6282,-346.90000000000003,75111.93693088932,0.049911691230058335
6283,-335.15000000000003,17461.31783629954,0.049911691230058335
6284,-323.75,53567.03084242344,0.049911691230058335
6285,-261.4,20335.83816933632,0.049911691230058335
6286,-259.35,45000.66780550522,0.049911691230058335
6287,-258.4,49782.31323668361,0.049911691230058335
6288,-277.3,149042.60003228002,0.049911691230058335
6289,-280.4,59775.95958345849,0.049911691230058335
6290,-283.55,81351.41261103164,0.049911691230058335
6291,-285.7,9033.463547470477,0.049911691230058335
6292,-288.90000000000003,22618.172089951993,0.049911691230058335
6293,-291.1,5333.329650620653,0.049911691230058335
6294,-293.3,60385.24477652926,0.049911691230058335
6295,-295.5,22745.826462219877,0.049911691230058335
6296,-297.7,55297.50515377242,0.049911691230058335
6297,-139.60000000000002,14781.794200816192,0.049911691230058335
6298,-141.7,29168.890835413942,0.049911691230058335
6299,-151.15,79155.61360879245,0.049911691230058335
6300,-193.05,80953.08884309977,0.049911691230058335
6301,-233.9,38341.79515289143,0.049911691230058335
6302,-236.05,32809.39136783779,0.049911691230058335
6303,-238.20000000000002,101179.8035068214,0.049911691230058335
6304,-281.05,13974.703012049198,0.049911691230058335
6305,-283.20000000000005,98569.3614338839,0.049911691230058335
6306,-310.95,6718.123343169689,0.049911691230058335
6307,-293.65000000000003,124171.1118969901,0.049911691230058335
6308,-290.7,7987.90688097477,0.049911691230058335
6309,-293.55,18293.044292464852,0.049911691230058335
6310,-294.3,38148.374089449644,0.049911691230058335
6311,-298.2,39061.193893833784,0.049911691230058335
6312,-299.35,189050.74994540215,0.049911691230058335
6313,-300.5,78689.30165808037,0.049911691230058335
6314,-299.85,7515.263103350997,0.049911691230058335
6315,-239.4,27310.003676578403,0.049911691230058335
6316,-271.0,112612.05685699708,0.049911691230058335
6317,-203.35000000000002,60003.601100459695,0.049911691230058335
6318,-208.25,20246.29536595801,0.049911691230058335
6319,-210.9,8365.655905873282,0.049911691230058335
6320,-116.2,52615.97168122232,0.049911691230058335
6321,-106.4,244468.35099726357,0.049911691230058335
6322,-129.7,18450.16475830227,0.049911691230058335
6323,-154.3,78162.00255101174,0.049911691230058335
6324,-189.35000000000002,54105.73500068486,0.049911691230058335
6325,-191.3,18403.205944017507,0.049911691230058335
6326,-193.25,9232.637933781836,0.049911691230058335
6327,-195.20000000000002,15295.621197760105,0.049911691230058335
6328,-197.15,114302.00669403508,0.049911691230058335
6329,-236.20000000000002,9416.998779058456,0.049911691230058335
6330,-253.5,18069.301195856184,0.049911691230058335
6331,-292.40000000000003,85653.54077148065,0.049911691230058335
6332,-294.40000000000003,95323.56168363243,0.049911691230058335
6333,-297.45,84518.88226361573,0.049911691230058335
6334,-341.40000000000003,22229.067572794273,0.049911691230058335
6335,-343.45000000000005,31869.085652169248,0.049911691230058335
6336,-336.0,155674.7860323976,0.049911691230058335
6337,-338.90000000000003,69222.42809781019,0.049911691230058335
6338,-342.90000000000003,122624.6820976159,0.049911691230058335
6339,-352.5,52833.88363805413,0.049911691230058335
6340,-355.55,9251.466773122549,0.049911691230058335
6341,-357.6,3538.5348365157843,0.049911691230058335
6342,-360.70000000000005,122025.22068647202,0.049911691230058335
6343,-310.05,17713.93377781217,0.049911691230058335
6344,-311.15000000000003,43502.70941828564,0.049911691230058335
6345,-147.5,14698.653722697869,0.049911691230058335
6346,-182.25,17904.951508560218,0.049911691230058335
6347,-184.20000000000002,84719.81696107332,0.049911691230058335
6348,-186.15,32211.106522917747,0.049911691230058335
6349,-186.95000000000002,11820.879022181034,0.049911691230058335
6350,-190.0,37076.61359834671,0.049911691230058335
6351,-193.10000000000002,32195.572790294886,0.049911691230058335
6352,-196.25,17283.713169574738,0.049911691230058335
6353,-198.4,68124.45550012589,0.049911691230058335
6354,-239.25,155355.46906286478,0.049911691230058335
6355,-203.35000000000002,19486.773745417595,0.049911691230058335
6356,-199.8,33639.94528952241,0.049911691230058335
6357,-202.95000000000002,22307.62322422862,0.049911691230058335
6358,-202.45000000000002,70913.3278350532,0.049911691230058335
6359,-236.15,44863.58606712916,0.049911691230058335
6360,-238.3,12987.13616681099,0.049911691230058335
6361,-228.10000000000002,30187.765428856015,0.049911691230058335
6362,-253.5,142386.9797487259,0.049911691230058335
6363,-255.65,42770.86614975706,0.049911691230058335
6364,-257.8,43242.96352228895,0.049911691230058335
6365,-298.65000000000003,59188.733630657196,0.049911691230058335
6366,-338.5,13598.907641381025,0.049911691230058335
6367,-341.65000000000003,153803.11029809713,0.049911691230058335
6368,-344.8,13190.662244439125,0.049911691230058335
6369,-346.95000000000005,21136.537335038185,0.049911691230058335
6370,-351.55,58686.40693613887,0.049911691230058335
6371,-353.65000000000003,12053.10598373413,0.049911691230058335
6372,-355.75,103457.49808261171,0.049911691230058335
6373,-400.45000000000005,12932.850028261542,0.049911691230058335
6374,-402.70000000000005,107872.4085166119,0.049911691230058335
6375,-404.95000000000005,24860.94183978811,0.049911691230058335
6376,-451.70000000000005,337483.4501312077,0.049911691230058335
6377,-454.95000000000005,32395.840208643116,0.049911691230058335
6378,-457.20000000000005,21585.92008152604,0.049911691230058335
6379,-461.5,10309.909605459776,0.049911691230058335
6380,-462.8,8760.4412468737,0.049911691230058335
6381,-464.0,195391.56254566554,0.049911691230058335
6382,-482.65000000000003,135569.68548856885,0.049911691230058335
6383,-310.35,54425.659617356956,0.049911691230058335
6384,-298.65000000000003,13966.089831368066,0.049911691230058335
6385,-289.05,46756.27905026078,0.049911691230058335
6386,-279.5,23777.19129351189,0.049911691230058335
6387,-239.5,102411.22525948286,0.049911691230058335
6388,-209.3,29259.045211968943,0.049911691230058335
6389,-212.65,110240.49438007176,0.049911691230058335
6390,-253.05,68681.6634158194,0.049911691230058335
6391,-188.45000000000002,23907.74052414298,0.049911691230058335
6392,-177.95000000000002,95983.70138412714,0.049911691230058335
6393,-166.8,80841.59121096134,0.049911691230058335
6394,-169.15,19013.20461848378,0.049911691230058335
6395,-206.75,311179.9860098362,0.049911691230058335
6396,-204.35000000000002,6040.9875251203775,0.049911691230058335
6397,-206.85000000000002,9264.427886214107,0.049911691230058335
6398,-209.35000000000002,43348.18033821881,0.049911691230058335
6399,-212.9,47546.897303290665,0.049911691230058335
6400,-216.0,36993.66327106953,0.049911691230058335
6401,-218.55,13540.11505207792,0.049911691230058335
6402,-221.10000000000002,25961.063313528895,0.049911691230058335
6403,-273.20000000000005,508297.77161587775,0.049911691230058335
6404,-275.85,50540.355915308,0.049911691230058335
6405,-278.5,14048.80725227762,0.049911691230058335
6406,-281.15,19817.330464933068,0.049911691230058335
6407,-283.8,15877.185971207917,0.049911691230058335
6408,-286.45000000000005,25512.13217294216,0.049911691230058335
6409,-289.1,62794.14094826579,0.049911691230058335
6410,-339.45,67601.45443496946,0.049911691230058335
6411,-342.1,20663.172563113272,0.049911691230058335
6412,-344.75,56497.24148897175,0.049911691230058335
6413,-396.55,33287.410003602505,0.049911691230058335
6414,-399.25,28548.18689800799,0.049911691230058335
6415,-451.55,24887.872892916203,0.049911691230058335
6416,-453.25,247415.81216067076,0.049911691230058335
6417,-509.55,41907.95188054815,0.049911691230058335
6418,-511.25,25104.212992940098,0.049911691230058335
6419,-512.95,100991.27356262878,0.049911691230058335
6420,-513.6500000000001,33789.227675471455,0.049911691230058335
6421,-531.85,89567.81928039435,0.049911691230058335
6422,-535.55,20222.009610399604,0.049911691230058335
6423,-527.95,157861.77022588253,0.049911691230058335
6424,-522.4000000000001,12969.624787807465,0.049911691230058335
6425,-515.85,133731.07764473557,0.049911691230058335
6426,-366.25,10074.656347833574,0.049911691230058335
6427,-371.95000000000005,57985.54832163453,0.049911691230058335
6428,-361.90000000000003,51241.18214696646,0.049911691230058335
6429,-352.0,17309.012983322144,0.049911691230058335
6430,-373.05,69719.66375091672,0.049911691230058335
6431,-313.55,17295.66414824128,0.049911691230058335
6432,-316.05,23681.852489188313,0.049911691230058335
6433,-281.35,27840.444494724274,0.049911691230058335
6434,-283.3,69890.96993350983,0.049911691230058335
6435,-213.10000000000002,41373.37751442194,0.049911691230058335
6436,-215.85000000000002,111675.57417160273,0.049911691230058335
6437,-219.65,14215.57114193216,0.049911691230058335
6438,-222.45000000000002,66838.67016673088,0.049911691230058335
6439,-225.25,151517.60062179808,0.049911691230058335
6440,-276.45000000000005,124492.31907209754,0.049911691230058335
6441,-279.25,16188.668357372284,0.049911691230058335
6442,-282.05,77356.5401366651,0.049911691230058335
6443,-284.85,9358.871317185462,0.049911691230058335
6444,-321.90000000000003,165525.36640304327,0.049911691230058335
6445,-372.20000000000005,35297.85942205787,0.049911691230058335
6446,-428.6,7829.072911739349,0.049911691230058335
6447,-483.65000000000003,42431.97913046181,0.049911691230058335
6448,-486.6,71189.16128852218,0.049911691230058335
6449,-489.55,37217.25574240461,0.049911691230058335
6450,-492.5,49778.56549324095,0.049911691230058335
6451,-495.45000000000005,47970.733133137226,0.049911691230058335
6452,-498.40000000000003,42015.63317370415,0.049911691230058335
6453,-503.35,15355.158778198995,0.049911691230058335
6454,-509.3,128062.2005687654,0.049911691230058335
6455,-515.25,54646.2778169252,0.049911691230058335
6456,-520.2,50378.49226522446,0.049911691230058335
6457,-568.25,18476.67437993735,0.049911691230058335
6458,-570.2,68731.863835603,0.049911691230058335
6459,-629.2,30855.420014500618,0.049911691230058335
6460,-632.2,78333.94115937501,0.049911691230058335
6461,-677.25,23625.330058321357,0.049911691230058335
6462,-680.3000000000001,12564.877935886383,0.049911691230058335
6463,-682.35,518120.51823592186,0.049911691230058335
6464,-636.7,16535.58878350258,0.049911691230058335
6465,-628.35,26790.8579454422,0.049911691230058335
6466,-618.65,17555.27260327339,0.049911691230058335
6467,-612.35,9635.631785869598,0.049911691230058335
6468,-615.3000000000001,13760.73221385479,0.049911691230058335
6469,-607.95,117905.84259021282,0.049911691230058335
6470,-494.5,104805.04514276981,0.049911691230058335
6471,-482.65000000000003,110066.30380821228,0.049911691230058335
6472,-471.6,35070.451423585415,0.049911691230058335
6473,-463.70000000000005,20962.55351305008,0.049911691230058335
6474,-469.90000000000003,26374.020544440486,0.049911691230058335
6475,-472.70000000000005,172428.04970425367,0.049911691230058335
6476,-254.10000000000002,63626.35157814622,0.049911691230058335
6477,-129.35000000000002,40707.722201406956,0.049911691230058335
6478,-128.65,108370.59364414215,0.049911691230058335
6479,-104.7,17670.89782524109,0.049911691230058335
6480,-101.2,69228.0250428319,0.049911691230058335
6481,-154.0,160575.18464483786,0.049911691230058335
6482,-156.60000000000002,70426.09981489182,0.049911691230058335
6483,-192.85,250328.953366071,0.049911691230058335
6484,-229.3,12283.234340012074,0.049911691230058335
6485,-224.25,62793.4471241869,0.049911691230058335
6486,-216.3,7201.45029258728,0.049911691230058335
6487,-209.15,15159.09375948552,0.049911691230058335
6488,-213.95000000000002,30285.895006000996,0.049911691230058335
6489,-220.8,34437.21209893469,0.049911691230058335
6490,-204.3,44788.55473732576,0.049911691230058335
6491,-205.95000000000002,48784.32710760087,0.049911691230058335
6492,-207.60000000000002,26633.34944946319,0.049911691230058335
6493,-206.85000000000002,32558.335667535663,0.049911691230058335
6494,-208.70000000000002,96697.87894332036,0.049911691230058335
6495,-209.85000000000002,16606.467893630266,0.049911691230058335
6496,-213.85000000000002,62493.704014122486,0.049911691230058335
6497,-213.4,46875.79050336778,0.049911691230058335
6498,-217.4,49349.94233472645,0.049911691230058335
6499,-225.95000000000002,23107.64210415259,0.049911691230058335
6500,-230.0,163809.1755490303,0.049911691230058335
6501,-287.70000000000005,69009.75024665892,0.049911691230058335
6502,-347.85,18918.73668128252,0.049911691230058335
6503,-406.75,25815.917699493468,0.049911691230058335
6504,-409.85,14292.027801170945,0.049911691230058335
6505,-468.75,322120.3941266537,0.049911691230058335
6506,-527.6500000000001,34428.18440628052,0.049911691230058335
6507,-559.35,42513.50683289766,0.049911691230058335
6508,-617.1,24057.072608828545,0.049911691230058335
6509,-677.0,11132.867060497403,0.049911691230058335
6510,-680.1,126937.17679619137,0.049911691230058335
6511,-492.1,67123.1017332077,0.049911691230058335
6512,-496.0,15168.25861544162,0.049911691230058335
6513,-499.5,30996.927553653717,0.049911691230058335
6514,-329.35,98785.68018555641,0.049911691230058335
6515,-358.1,23669.812030255795,0.049911691230058335
6516,-358.85,362134.8452548981,0.049911691230058335
6517,-358.25,47383.89821216464,0.049911691230058335
6518,-360.20000000000005,7166.133457183838,0.049911691230058335
6519,-363.0,19495.44742459804,0.049911691230058335
6520,-348.85,18284.97980093956,0.049911691230058335
6521,-348.3,39773.58568286896,0.049911691230058335
6522,-408.40000000000003,43271.12102321256,0.049911691230058335
6523,-412.5,15215.91335272789,0.049911691230058335
6524,-398.55,108849.01495802402,0.049911691230058335
6525,-386.55,460647.4046866894,0.049911691230058335
6526,-388.55,25998.99385726452,0.049911691230058335
6527,-390.55,42738.921282146126,0.049911691230058335
6528,-394.6,21706.23127222061,0.049911691230058335
6529,-397.65000000000003,27760.6010504961,0.049911691230058335
6530,-234.85000000000002,22858.610889434814,0.049911691230058335
6531,-277.25,42350.79264998436,0.049911691230058335
6532,-280.35,19115.662942297757,0.049911691230058335
6533,-283.45000000000005,72105.72799012437,0.049911691230058335
6534,-286.55,43810.305849377066,0.049911691230058335
6535,-289.65,131428.67109575123,0.049911691230058335
6536,-339.55,114252.2496753484,0.049911691230058335
6537,-292.55,20384.069007873535,0.049911691230058335
6538,-297.5,124818.05014769081,0.049911691230058335
6539,-297.3,75796.75120726228,0.049911691230058335
6540,-296.6,104776.34710619226,0.049911691230058335
6541,-303.15000000000003,60849.41422921419,0.049911691230058335
6542,-351.7,15024.062046051025,0.049911691230058335
6543,-355.75,19282.316441131756,0.049911691230058335
6544,-356.05,18035.62105229497,0.049911691230058335
6545,-393.25,108846.72480916977,0.049911691230058335
6546,-396.25,61679.101445406675,0.049911691230058335
6547,-399.25,14368.918346941471,0.049911691230058335
6548,-402.25,163328.0926449299,0.049911691230058335
6549,-460.6,18527.2506865263,0.049911691230058335
6550,-463.65000000000003,64706.30628593266,0.049911691230058335
6551,-466.70000000000005,77752.9254026413,0.049911691230058335
6552,-524.6500000000001,90848.49840781093,0.049911691230058335
6553,-582.6,26212.212666908512,0.049911691230058335
6554,-585.65,27145.656182967126,0.049911691230058335
6555,-588.7,90489.17014834285,0.049911691230058335
6556,-591.75,60795.92748165224,0.049911691230058335
6557,-463.90000000000003,22746.810051662847,0.049911691230058335
6558,-499.15000000000003,45832.02627325058,0.049911691230058335
6559,-501.55,383016.8921909332,0.049911691230058335
6560,-532.25,60405.43586474657,0.049911691230058335
6561,-535.35,22595.915646910667,0.049911691230058335
6562,-508.95000000000005,22218.14436623454,0.049911691230058335
6563,-511.95000000000005,32240.90925037861,0.049911691230058335
6564,-511.75,79873.35123237967,0.049911691230058335
6565,-467.5,83324.73648768663,0.049911691230058335
6566,-454.05,64019.66867226735,0.049911691230058335
6567,-456.0,80766.87377436459,0.049911691230058335
6568,-247.15,76860.98305892944,0.049911691230058335
6569,-300.15000000000003,20014.870679557323,0.049911691230058335
6570,-303.15000000000003,25561.580736398697,0.049911691230058335
6571,-306.15000000000003,14588.037595558912,0.049911691230058335
6572,-309.15000000000003,59793.4720415473,0.049911691230058335
6573,-312.15000000000003,17884.432959854603,0.049911691230058335
6574,-315.15000000000003,14923.962073041126,0.049911691230058335
6575,-318.15000000000003,73558.71236515045,0.049911691230058335
6576,-309.05,98964.14361676574,0.049911691230058335
6577,-312.0,130537.30844926834,0.049911691230058335
6578,-368.05,33237.11433327198,0.049911691230058335
6579,-372.05,137473.25544309616,0.049911691230058335
6580,-317.35,31559.619161128998,0.049911691230058335
6581,-320.35,53816.31231987476,0.049911691230058335
6582,-317.1,21258.61103475094,0.049911691230058335
6583,-314.85,308631.0939740995,0.049911691230058335
6584,-312.6,148453.30309426785,0.049911691230058335
6585,-310.45,46750.51490068436,0.049911691230058335
6586,-315.35,29880.954065848142,0.049911691230058335
6587,-314.35,25200.23872834444,0.049911691230058335
6588,-302.25,34782.1062245518,0.049911691230058335
6589,-275.85,40427.24290019367,0.049911691230058335
6590,-256.95000000000005,37257.251433581114,0.049911691230058335
6591,-250.45000000000002,9421.337746094912,0.049911691230058335
6592,-251.55,32119.19898212049,0.049911691230058335
6593,-256.25,117906.60742290318,0.049911691230058335
6594,-205.8,72444.61141124368,0.049911691230058335
6595,-224.10000000000002,11572.3206102252,0.049911691230058335
6596,-226.85000000000002,99939.40312290192,0.049911691230058335
6597,-212.60000000000002,20768.899223981658,0.049911691230058335
6598,-216.15,27922.411345321685,0.049911691230058335
6599,-236.65,162172.61904083588,0.049911691230058335
6600,-248.20000000000002,43185.57994776964,0.049911691230058335
6601,-300.45,102203.0394256413,0.049911691230058335
6602,-303.35,109711.73777166009,0.049911691230058335
6603,-358.85,114311.5004799366,0.049911691230058335
6604,-412.70000000000005,114436.23430200294,0.049911691230058335
6605,-469.6,62484.78908646107,0.049911691230058335
6606,-472.70000000000005,136944.52693361044,0.049911691230058335
6607,-537.6,17410.16273856163,0.049911691230058335
6608,-538.7,80288.87788864318,0.049911691230058335
6609,-580.3000000000001,18169.465718090534,0.049911691230058335
6610,-584.4,22579.054755181074,0.049911691230058335
6611,-587.5,82061.50515991822,0.049911691230058335
6612,-644.4,105066.97559159994,0.049911691230058335
6613,-647.5,96561.5094101429,0.049911691230058335
6614,-650.6,53761.19171118736,0.049911691230058335
6615,-653.7,122457.09208846092,0.049911691230058335
6616,-656.8000000000001,29801.565128684044,0.049911691230058335
6617,-659.9,19623.9384352006,0.049911691230058335
6618,-663.0,34527.926269471645,0.049911691230058335
6619,-666.1,120244.2985996604,0.049911691230058335
6620,-726.0,49064.13120299578,0.049911691230058335
6621,-729.1,283275.88986334205,0.049911691230058335
6622,-529.6500000000001,41630.4995162487,0.049911691230058335
6623,-497.90000000000003,8282.414561264217,0.049911691230058335
6624,-503.5,76192.18856956065,0.049911691230058335
6625,-506.20000000000005,40739.73926344514,0.049911691230058335
6626,-387.8,41134.42833331227,0.049911691230058335
6627,-292.75,25614.07018947997,0.049911691230058335
6628,-294.20000000000005,74696.9179571569,0.049911691230058335
6629,-297.15,27583.99953174591,0.049911691230058335
6630,-266.75,29296.32021982968,0.049911691230058335
6631,-265.5,56249.51953524351,0.049911691230058335
6632,-189.6,40798.723357519135,0.049911691230058335
6633,-185.6,162548.34398205578,0.049911691230058335
6634,-191.6,167800.05914419238,0.049911691230058335
6635,-183.75,15974.98518576473,0.049911691230058335
6636,-182.20000000000002,66587.76464021206,0.049911691230058335
6637,-177.35,88849.73308279552,0.049911691230058335
6638,-175.20000000000002,166161.53459453583,0.049911691230058335
6639,-218.70000000000002,77054.4950837791,0.049911691230058335
6640,-222.5,18023.385631114244,0.049911691230058335
6641,-227.4,32451.38654884696,0.049911691230058335
6642,-230.35000000000002,37621.41042602062,0.049911691230058335
6643,-234.35000000000002,111412.13674341538,0.049911691230058335
6644,-237.35000000000002,32044.96988657862,0.049911691230058335
6645,-288.25,127764.58466358483,0.049911691230058335
6646,-346.90000000000003,131580.1071539747,0.049911691230058335
6647,-351.05,105114.61946773529,0.049911691230058335
6648,-410.90000000000003,41353.40933185071,0.049911691230058335
6649,-473.75,43473.15544402599,0.049911691230058335
6650,-477.90000000000003,29431.438293159008,0.049911691230058335
6651,-473.20000000000005,199923.47234123945,0.049911691230058335
6652,-476.3,68837.78931123018,0.049911691230058335
6653,-536.1,13722.423037469387,0.049911691230058335
6654,-547.4000000000001,64014.81712438166,0.049911691230058335
6655,-537.1,162859.9774676673,0.049911691230058335
6656,-588.1,46804.22353512049,0.049911691230058335
6657,-591.25,21243.31486275792,0.049911691230058335
6658,-594.4,61804.08335597813,0.049911691230058335
6659,-439.15000000000003,87871.6258155927,0.049911691230058335
6660,-428.35,17181.81754490733,0.049911691230058335
6661,-417.55,46682.0766620636,0.049911691230058335
6662,-407.90000000000003,38245.146152988076,0.049911691230058335
6663,-398.35,300657.35363960266,0.049911691230058335
6664,-386.75,16787.83948907256,0.049911691230058335
6665,-392.55,82473.91832616925,0.049911691230058335
6666,-445.8,35422.17193572223,0.049911691230058335
6667,-447.90000000000003,15113.283706843853,0.049911691230058335
6668,-452.1,35919.34597957134,0.049911691230058335
6669,-455.3,49696.58958274126,0.049911691230058335
6670,-508.25,38567.291379080154,0.049911691230058335
6671,-511.40000000000003,66984.16387728229,0.049911691230058335
6672,-289.4,52178.85746848583,0.049911691230058335
6673,-227.75,170362.8851158023,0.049911691230058335
6674,-281.65,260933.27149023116,0.049911691230058335
6675,-158.8,186269.69055366516,0.049911691230058335
6676,-155.75,71695.48174230196,0.049911691230058335
6677,-146.8,15963.125722050667,0.049911691230058335
6678,-148.60000000000002,181645.6556518823,0.049911691230058335
6679,-172.75,50948.20481067896,0.049911691230058335
6680,-172.8,35886.59842646122,0.049911691230058335
6681,-218.20000000000002,56223.80908346176,0.049911691230058335
6682,-221.3,857760.5081372261,0.049911691230058335
6683,-224.4,23314.348942771554,0.049911691230058335
6684,-227.5,31772.65177309513,0.049911691230058335
6685,-230.60000000000002,40506.44036425091,0.049911691230058335
6686,-233.70000000000002,99088.08834156394,0.049911691230058335
6687,-230.3,136747.6873218203,0.049911691230058335
6688,-234.3,63567.678193449974,0.049911691230058335
6689,-239.4,60944.94017255306,0.049911691230058335
6690,-242.5,62685.417102217674,0.049911691230058335
6691,-292.45000000000005,27188.387213110924,0.049911691230058335
6692,-296.65,178690.29615986347,0.049911691230058335
6693,-299.85,48158.69214699417,0.049911691230058335
6694,-303.05,100018.6005166769,0.049911691230058335
6695,-306.25,27103.319816350937,0.049911691230058335
6696,-369.3,17048.776829690672,0.049911691230058335
6697,-372.55,57311.89173936844,0.049911691230058335
6698,-439.3,99434.22368776798,0.049911691230058335
6699,-440.55,243676.57224614173,0.049911691230058335
6700,-442.8,62832.498541116714,0.049911691230058335
6701,-447.05,11050.18659503106,0.049911691230058335
6702,-451.3,139137.29812945426,0.049911691230058335
6703,-416.15000000000003,39971.307175815105,0.049911691230058335
6704,-477.8,26846.26927831769,0.049911691230058335
6705,-539.55,62818.86268770695,0.049911691230058335
6706,-542.8,41253.63582791388,0.049911691230058335
6707,-584.15,122887.99034789205,0.049911691230058335
6708,-588.4,49562.86017857492,0.049911691230058335
6709,-651.1,10150.710094013251,0.049911691230058335
6710,-554.5,35809.35365511477,0.049911691230058335
6711,-547.5,41103.8637580201,0.049911691230058335
6712,-581.85,59470.94134128466,0.049911691230058335
6713,-583.25,147863.48230168596,0.049911691230058335
6714,-599.45,22304.453375577927,0.049911691230058335
6715,-455.20000000000005,311684.68406391144,0.049911691230058335
6716,-447.65000000000003,30103.70491886139,0.049911691230058335
6717,-438.15000000000003,30820.38607917726,0.049911691230058335
6718,-428.75,163471.90966939926,0.049911691230058335
6719,-273.9,34388.603167358786,0.049911691230058335
6720,-255.3,160041.03984618187,0.049911691230058335
6721,-259.1,23955.52349114418,0.049911691230058335
6722,-261.85,124349.4966532588,0.049911691230058335
6723,-265.70000000000005,102965.29861849546,0.049911691230058335
6724,-268.55,30859.772078186274,0.049911691230058335
6725,-271.4,11342.869119346142,0.049911691230058335
6726,-274.25,23361.371897816658,0.049911691230058335
6727,-277.1,9605.660124130547,0.049911691230058335
6728,-249.75,208618.31732964888,0.049911691230058335
6729,-252.55,8251.813657820225,0.049911691230058335
6730,-256.4,84923.03617668152,0.049911691230058335
6731,-206.4,88637.79940215871,0.049911691230058335
6732,-265.85,33878.65542329103,0.049911691230058335
6733,-268.75,56810.060883164406,0.049911691230058335
6734,-271.65,157814.54021923244,0.049911691230058335
6735,-329.8,384654.2600722909,0.049911691230058335
6736,-374.25,19707.059603364207,0.049911691230058335
6737,-378.25,32748.977315187454,0.049911691230058335
6738,-381.25,69753.56336401403,0.049911691230058335
6739,-443.45000000000005,40971.66061651707,0.049911691230058335
6740,-483.95000000000005,50123.67392295599,0.049911691230058335
6741,-487.0,27468.512721061707,0.049911691230058335
6742,-488.75,31481.208974240348,0.049911691230058335
6743,-492.55,39898.41377496719,0.049911691230058335
6744,-495.35,74941.14510617615,0.049911691230058335
6745,-517.75,16534.960034683347,0.049911691230058335
6746,-510.25,127492.29723623395,0.049911691230058335
6747,-490.6,58516.75475311279,0.049911691230058335
6748,-482.90000000000003,46280.55783486366,0.049911691230058335
6749,-475.35,35286.42081236839,0.049911691230058335
6750,-317.3,95785.22143936157,0.049911691230058335
6751,-307.15000000000003,118519.44054177403,0.049911691230058335
6752,-310.65000000000003,81981.74914039671,0.049911691230058335
6753,-314.6,46327.41731464863,0.049911691230058335
6754,-318.6,23583.487629063427,0.049911691230058335
6755,-318.1,66723.12568721175,0.049911691230058335
6756,-321.3,357364.344007656,0.049911691230058335
6757,-260.3,74113.90712982416,0.049911691230058335
6758,-294.0,38478.8233127594,0.049911691230058335
6759,-326.65000000000003,62142.26765167713,0.049911691230058335
6760,-313.8,64215.15488675237,0.049911691230058335
6761,-288.45000000000005,23960.544028759003,0.049911691230058335
6762,-275.05,90693.3878781274,0.049911691230058335
6763,-280.0,32851.62900474295,0.049911691230058335
6764,-285.05,34519.844917327166,0.049911691230058335
6765,-290.20000000000005,57753.10402512923,0.049911691230058335
6766,-294.4,38808.03406890482,0.049911691230058335
6767,-241.3,82000.07322883606,0.049911691230058335
6768,-278.45000000000005,15363.861252435483,0.049911691230058335
6769,-281.70000000000005,61684.54503502161,0.049911691230058335
6770,-347.2,56632.07971587777,0.049911691230058335
6771,-410.85,62071.67809082195,0.049911691230058335
6772,-414.20000000000005,132791.38109982014,0.049911691230058335
6773,-417.55,32725.531584385782,0.049911691230058335
6774,-420.90000000000003,59761.932520587,0.049911691230058335
6775,-424.25,165694.61839272082,0.049911691230058335
6776,-427.6,281234.8967100382,0.049911691230058335
6777,-430.95000000000005,76431.53239059448,0.049911691230058335
6778,-434.3,87229.35090738535,0.049911691230058335
6779,-498.95000000000005,75347.03671860695,0.049911691230058335
6780,-502.3,148538.26309475303,0.049911691230058335
6781,-505.65000000000003,106222.33304435015,0.049911691230058335
6782,-528.45,22743.089559445158,0.049911691230058335
6783,-585.1,13331.100782215595,0.049911691230058335
6784,-586.25,30990.644149303436,0.049911691230058335
6785,-588.4,68400.07486808673,0.049911691230058335
6786,-570.35,35138.4261559844,0.049911691230058335
6787,-571.75,78803.04000669718,0.049911691230058335
6788,-574.2,93583.7470510602,0.049911691230058335
6789,-579.3000000000001,35515.00758191198,0.049911691230058335
6790,-581.35,13301.78849886451,0.049911691230058335
6791,-523.5,25915.559133067727,0.049911691230058335
6792,-441.70000000000005,104473.9629192166,0.049911691230058335
6793,-445.45000000000005,196934.23575380445,0.049911691230058335
6794,-448.20000000000005,114364.63713219855,0.049911691230058335
6795,-452.40000000000003,98382.0399210453,0.049911691230058335
6796,-446.3,45013.17438470572,0.049911691230058335
6797,-459.95000000000005,37402.0938090235,0.049911691230058335
6798,-465.15000000000003,19936.36961747706,0.049911691230058335
6799,-454.70000000000005,121249.40597077273,0.049911691230058335
6800,-449.05,42030.04260253906,0.049911691230058335
6801,-445.5,121319.0056488514,0.049911691230058335
6802,-449.55,30823.768142580986,0.049911691230058335
6803,-433.95000000000005,41594.4382440974,0.049911691230058335
6804,-408.75,60209.55514153838,0.049911691230058335
6805,-406.1,69126.64436638355,0.049911691230058335
6806,-390.3,28489.063231483102,0.049911691230058335
6807,-385.6,18738.903189331293,0.049911691230058335
6808,-385.85,77124.91942024231,0.049911691230058335
6809,-208.4,86657.40306962281,0.049911691230058335
6810,-199.45000000000002,257796.16323411465,0.049911691230058335
6811,-202.55,171571.01818618178,0.049911691230058335
6812,-205.65,26605.192624539137,0.049911691230058335
6813,-208.75,23035.400610981742,0.049911691230058335
6814,-206.15,933061.2581511736,0.049911691230058335
6815,-209.15,27077.814384937286,0.049911691230058335
6816,-208.9,82874.36490319017,0.049911691230058335
6817,-211.9,21056.482412610203,0.049911691230058335
6818,-217.0,18299.23895251751,0.049911691230058335
6819,-220.10000000000002,14896.128380477428,0.049911691230058335
6820,-223.20000000000002,26062.570377752185,0.049911691230058335
6821,-226.3,37323.17908742651,0.049911691230058335
6822,-224.20000000000002,14733.53601577878,0.049911691230058335
6823,-228.25,28276.44540604949,0.049911691230058335
6824,-231.3,59818.80105346441,0.049911691230058335
6825,-229.35000000000002,16034.110373035073,0.049911691230058335
6826,-233.4,59888.65352757275,0.049911691230058335
6827,-237.5,78501.29305957817,0.049911691230058335
6828,-280.3,67524.90485484246,0.049911691230058335
6829,-324.35,30228.495957698673,0.049911691230058335
6830,-329.45,65795.4962451011,0.049911691230058335
6831,-332.55,147275.59866826236,0.049911691230058335
6832,-384.6,42358.32215355337,0.049911691230058335
6833,-416.65000000000003,71147.41429281607,0.049911691230058335
6834,-407.20000000000005,125317.78080462664,0.049911691230058335
6835,-416.0,23137.361748844385,0.049911691230058335
6836,-420.0,27383.73851943016,0.049911691230058335
6837,-474.0,78398.95219428092,0.049911691230058335
6838,-514.6500000000001,31840.53097641468,0.049911691230058335
6839,-517.6,165824.49121347815,0.049911691230058335
6840,-396.95000000000005,40966.71692505479,0.049911691230058335
6841,-382.35,28654.722846843302,0.049911691230058335
6842,-247.4,23454.12363743782,0.049911691230058335
6843,-295.1,279208.7510983944,0.049911691230058335
6844,-310.90000000000003,83674.9648470506,0.049911691230058335
6845,-308.1,48515.886296749115,0.049911691230058335
6846,-341.6,64601.27794730663,0.049911691230058335
6847,-344.55,79541.52720063925,0.049911691230058335
6848,-300.5,80679.60992972553,0.049911691230058335
6849,-300.90000000000003,63539.68469953537,0.049911691230058335
6850,-303.75,144363.36441159248,0.049911691230058335
6851,-306.6,19163.32885672152,0.049911691230058335
6852,-302.55,39128.71420544386,0.049911691230058335
6853,-362.40000000000003,204122.7487668395,0.049911691230058335
6854,-419.40000000000003,120730.37777523417,0.049911691230058335
6855,-422.40000000000003,42683.96429558098,0.049911691230058335
6856,-425.40000000000003,55582.073881179094,0.049911691230058335
6857,-428.40000000000003,111929.658192873,0.049911691230058335
6858,-431.40000000000003,58454.652842372656,0.049911691230058335
6859,-434.40000000000003,34356.79375743866,0.049911691230058335
6860,-437.40000000000003,66488.9869570136,0.049911691230058335
6861,-440.40000000000003,139117.33541293629,0.049911691230058335
6862,-443.40000000000003,35792.861247599125,0.049911691230058335
6863,-446.40000000000003,36314.305750207976,0.049911691230058335
6864,-449.40000000000003,45455.59226030111,0.049911691230058335
6865,-452.40000000000003,56111.29928299785,0.049911691230058335
6866,-455.40000000000003,81734.39873677492,0.049911691230058335
6867,-512.4000000000001,153830.5510287583,0.049911691230058335
6868,-515.4000000000001,231408.90191484988,0.049911691230058335
6869,-513.25,48668.26986402273,0.049911691230058335
6870,-467.90000000000003,36453.75838804245,0.049911691230058335
6871,-417.3,133536.0825046003,0.049911691230058335
6872,-463.1,54403.53411537409,0.049911691230058335
6873,-522.3,143919.33970305324,0.049911691230058335
6874,-476.0,45633.08638871461,0.049911691230058335
6875,-467.35,20295.040480498224,0.049911691230058335
6876,-459.5,15776.092448920012,0.049911691230058335
6877,-440.75,42582.30625984073,0.049911691230058335
6878,-416.85,75184.0004094243,0.049911691230058335
6879,-328.65000000000003,105141.49028197676,0.049911691230058335
6880,-311.2,162239.34165084362,0.049911691230058335
6881,-316.1,116027.29767817259,0.049911691230058335
6882,-332.40000000000003,19080.340506590903,0.049911691230058335
6883,-314.65000000000003,33133.97314220667,0.049911691230058335
6884,-314.25,252693.27480360214,0.049911691230058335
6885,-317.15000000000003,56609.918932810426,0.049911691230058335
6886,-337.1,47517.59099209681,0.049911691230058335
6887,-340.40000000000003,10506.981638789177,0.049911691230058335
6888,-343.7,72060.61077392101,0.049911691230058335
6889,-346.0,23730.740281529725,0.049911691230058335
6890,-333.90000000000003,92082.93371331692,0.049911691230058335
6891,-330.6,77406.79990756512,0.049911691230058335
6892,-334.85,36487.2658517845,0.049911691230058335
6893,-338.15000000000003,25617.88513942063,0.049911691230058335
6894,-340.45,53577.7128944397,0.049911691230058335
6895,-326.7,69249.7494765073,0.049911691230058335
6896,-314.95,85598.83933120966,0.049911691230058335
6897,-357.25,91966.66356414557,0.049911691230058335
6898,-361.5,61870.4606461674,0.049911691230058335
6899,-364.75,106888.81212414801,0.049911691230058335
6900,-425.8,36108.756710499525,0.049911691230058335
6901,-429.05,21773.258601397276,0.049911691230058335
6902,-432.3,73103.45403155684,0.049911691230058335
6903,-494.05,24993.430240963586,0.049911691230058335
6904,-556.8,97508.58620597795,0.049911691230058335
6905,-525.0,117047.90559780598,0.049911691230058335
6906,-499.3,24817.648684695363,0.049911691230058335
6907,-533.4000000000001,138810.39186054468,0.049911691230058335
6908,-597.45,41978.37300801277,0.049911691230058335
6909,-660.15,18544.24194382131,0.049911691230058335
6910,-663.45,90303.46139232442,0.049911691230058335
6911,-565.4,53167.75273925066,0.049911691230058335
6912,-556.95,68130.19326165318,0.049911691230058335
6913,-549.85,97862.3620531261,0.049911691230058335
6914,-434.25,32045.93204730749,0.049911691230058335
6915,-383.0,74689.7885786891,0.049911691230058335
6916,-369.75,89618.76119661331,0.049911691230058335
6917,-341.90000000000003,63189.82344735041,0.049911691230058335
6918,-344.05,190272.53748987615,0.049911691230058335
6919,-346.2,57565.995769023895,0.049911691230058335
6920,-303.55,15972.804964773357,0.049911691230058335
6921,-227.10000000000002,113637.15830579773,0.049911691230058335
6922,-242.55,62894.74208189547,0.049911691230058335
6923,-245.9,62752.142115324736,0.049911691230058335
6924,-249.25,109162.98527878523,0.049911691230058335
6925,-252.60000000000002,214677.61560451984,0.049911691230058335
6926,-251.20000000000002,44458.87983775139,0.049911691230058335
6927,-275.70000000000005,45055.05038113892,0.049911691230058335
6928,-279.0,29008.07647228241,0.049911691230058335
6929,-322.90000000000003,86043.74627685547,0.049911691230058335
6930,-390.0,39251.8952868022,0.049911691230058335
6931,-437.35,110124.12776722014,0.049911691230058335
6932,-440.55,105859.10933096707,0.049911691230058335
6933,-444.40000000000003,127972.09627641737,0.049911691230058335
6934,-447.40000000000003,137982.81542047858,0.049911691230058335
6935,-510.15000000000003,41984.35304195061,0.049911691230058335
6936,-568.85,30356.317261930555,0.049911691230058335
6937,-579.2,96581.37084957957,0.049911691230058335
6938,-634.75,73534.54973103944,0.049911691230058335
6939,-638.95,58090.846315681934,0.049911691230058335
6940,-688.4000000000001,70452.33477876335,0.049911691230058335
6941,-691.5500000000001,99444.10719668865,0.049911691230058335
6942,-693.7,77048.6350972727,0.049911691230058335
6943,-696.85,72699.86535310745,0.049911691230058335
6944,-700.0,105704.13292390108,0.049911691230058335
6945,-506.5,35559.522651433945,0.049911691230058335
6946,-322.05,91515.71141490713,0.049911691230058335
6947,-257.8,87095.8496543765,0.049911691230058335
6948,-251.75,65690.10468482971,0.049911691230058335
6949,-255.9,116864.62051811814,0.049911691230058335
6950,-260.15,163563.93447458744,0.049911691230058335
6951,-265.45000000000005,29995.740842700005,0.049911691230058335
6952,-265.25,52186.5500985384,0.049911691230058335
6953,-267.55,60494.379331588745,0.049911691230058335
6954,-271.95000000000005,19265.46657848358,0.049911691230058335
6955,-257.65,75020.78269562125,0.049911691230058335
6956,-261.20000000000005,270863.1402744055,0.049911691230058335
6957,-187.75,23333.683017730713,0.049911691230058335
6958,-191.35000000000002,56142.08501090109,0.049911691230058335
6959,-180.1,161034.2983520627,0.049911691230058335
6960,-148.3,87711.54131701589,0.049911691230058335
6961,-153.8,107630.5714879036,0.049911691230058335
6962,-184.70000000000002,46698.89930213243,0.049911691230058335
6963,-188.85,167341.84570497274,0.049911691230058335
6964,-193.05,43895.29408995807,0.049911691230058335
6965,-196.25,241483.68441784382,0.049911691230058335
6966,-199.45000000000002,66312.60450074077,0.049911691230058335
6967,-202.65,35187.235801279545,0.049911691230058335
6968,-261.35,122273.09514153004,0.049911691230058335
6969,-264.55,236418.99793672562,0.049911691230058335
6970,-267.75,70121.07176399231,0.049911691230058335
6971,-264.75,52240.34830163419,0.049911691230058335
6972,-294.20000000000005,61199.11198401451,0.049911691230058335
6973,-297.25,66556.91259333584,0.049911691230058335
6974,-300.3,41944.69582744688,0.049911691230058335
6975,-304.40000000000003,23519.36806368828,0.049911691230058335
6976,-308.55,39814.845160484314,0.049911691230058335
6977,-347.55,44441.41722588078,0.049911691230058335
6978,-355.90000000000003,37306.97899541259,0.049911691230058335
6979,-359.1,42244.393821749836,0.049911691230058335
6980,-355.0,427983.83808346186,0.049911691230058335
6981,-358.15000000000003,89832.78217466176,0.049911691230058335
6982,-423.90000000000003,127354.6973015666,0.049911691230058335
6983,-427.20000000000005,48449.97672331333,0.049911691230058335
6984,-430.5,156414.49204842933,0.049911691230058335
6985,-450.90000000000003,125389.06941539049,0.049911691230058335
6986,-443.40000000000003,157729.51848630607,0.049911691230058335
6987,-506.0,113232.85065497458,0.049911691230058335
6988,-509.25,57131.45188355446,0.049911691230058335
6989,-512.5,68387.34083310142,0.049911691230058335
6990,-557.35,250332.8031267235,0.049911691230058335
6991,-624.3000000000001,137446.95324335992,0.049911691230058335
6992,-627.6,30401.254955887794,0.049911691230058335
6993,-630.9,51703.154522418976,0.049911691230058335
6994,-665.5,167977.29997463524,0.049911691230058335
6995,-668.75,28934.930716365576,0.049911691230058335
6996,-655.95,341340.6532884836,0.049911691230058335
6997,-589.95,42687.405586242676,0.049911691230058335
6998,-593.5500000000001,27870.688084840775,0.049911691230058335
6999,-594.3000000000001,130536.05372712016,0.049911691230058335
7000,-367.5,130603.87261816859,0.049911691230058335
7001,-413.70000000000005,47846.01093864441,0.049911691230058335
7002,-416.70000000000005,69526.2328754887,0.049911691230058335
7003,-419.70000000000005,306559.69363829494,0.049911691230058335
7004,-407.15000000000003,35069.65303325653,0.049911691230058335
7005,-302.65000000000003,14028.24098802358,0.049911691230058335
7006,-250.75,32466.22037628293,0.049911691230058335
7007,-252.15,65693.02407300472,0.049911691230058335
7008,-256.6,110492.88774871826,0.049911691230058335
7009,-261.15,59462.30383181572,0.049911691230058335
7010,-264.75,122687.09296026826,0.049911691230058335
7011,-268.4,31237.628397479653,0.049911691230058335
7012,-269.0,173871.70162401441,0.049911691230058335
7013,-323.55,27934.590271949768,0.049911691230058335
7014,-322.0,28949.503602981567,0.049911691230058335
7015,-365.70000000000005,105961.74098491669,0.049911691230058335
7016,-376.35,64874.64753447939,0.049911691230058335
7017,-414.05,39501.6700758636,0.049911691230058335
7018,-430.25,43682.9344638437,0.049911691230058335
7019,-433.35,309582.45032697916,0.049911691230058335
7020,-315.7,59652.31890130043,0.049911691230058335
7021,-320.55,231965.69205869734,0.049911691230058335
7022,-324.45,31690.57658006344,0.049911691230058335
7023,-328.40000000000003,27022.202151693404,0.049911691230058335
7024,-331.35,174091.1943449974,0.049911691230058335
7025,-262.15,189057.96898651123,0.049911691230058335
7026,-267.0,56152.56977715343,0.049911691230058335
7027,-269.8,18936.515040770173,0.049911691230058335
7028,-275.8,61536.36427932978,0.049911691230058335
7029,-327.15000000000003,55055.42821723968,0.049911691230058335
7030,-301.1,117837.3811069727,0.049911691230058335
7031,-198.55,106022.82061624527,0.049911691230058335
7032,-230.15,71177.36188876629,0.049911691230058335
7033,-229.10000000000002,149008.31538713723,0.049911691230058335
7034,-262.70000000000005,84747.86520773172,0.049911691230058335
7035,-265.75,183596.80968141556,0.049911691230058335
7036,-270.8,26409.38450946659,0.049911691230058335
7037,-275.9,96836.39046423882,0.049911691230058335
7038,-282.6,266315.47406836227,0.049911691230058335
7039,-271.85,63218.6588010788,0.049911691230058335
7040,-313.0,107865.4887805134,0.049911691230058335
7041,-314.0,102686.17755913734,0.049911691230058335
7042,-324.15000000000003,79329.75664333254,0.049911691230058335
7043,-327.2,89008.15037029982,0.049911691230058335
7044,-329.25,32116.94200605154,0.049911691230058335
7045,-332.3,30292.947554860264,0.049911691230058335
7046,-334.35,70906.43445383012,0.049911691230058335
7047,-337.40000000000003,56238.94096562266,0.049911691230058335
7048,-339.45,226942.06302148104,0.049911691230058335
7049,-397.40000000000003,328133.9778740406,0.049911691230058335
7050,-430.6,74193.84410965443,0.049911691230058335
7051,-433.85,42757.30419784039,0.049911691230058335
7052,-437.1,25081.081151284277,0.049911691230058335
7053,-440.35,31117.74254599586,0.049911691230058335
7054,-443.6,110350.41843938828,0.049911691230058335
7055,-446.85,35855.14420568943,0.049911691230058335
7056,-450.1,45387.83211816847,0.049911691230058335
7057,-498.3,36770.80129933357,0.049911691230058335
7058,-501.6,179603.96088552475,0.049911691230058335
7059,-481.3,109629.95845222473,0.049911691230058335
7060,-484.6,127007.96938097477,0.049911691230058335
7061,-487.90000000000003,88968.50241136551,0.049911691230058335
7062,-490.20000000000005,35513.56595374644,0.049911691230058335
7063,-547.4000000000001,110088.51190304756,0.049911691230058335
7064,-550.6500000000001,23448.175281479955,0.049911691230058335
7065,-554.95,54763.29062432051,0.049911691230058335
7066,-580.75,12490.766991972923,0.049911691230058335
7067,-627.85,222273.5691768229,0.049911691230058335
7068,-614.6,339464.9753202945,0.049911691230058335
7069,-525.25,53093.40895652771,0.049911691230058335
7070,-527.4000000000001,64178.42017173767,0.049911691230058335
7071,-530.6,133067.06175924186,0.049911691230058335
7072,-478.0,77161.09680753946,0.049911691230058335
7073,-468.40000000000003,73575.90341162682,0.049911691230058335
7074,-460.15000000000003,29978.494168817997,0.049911691230058335
7075,-452.90000000000003,45504.282745823264,0.049911691230058335
7076,-457.0,13841.802321255207,0.049911691230058335
7077,-451.1,418086.2674354203,0.049911691230058335
7078,-480.6,41435.47523802519,0.049911691230058335
7079,-484.85,78274.69371654093,0.049911691230058335
7080,-546.5,81793.21074438095,0.049911691230058335
7081,-549.75,41626.74931892753,0.049911691230058335
7082,-487.70000000000005,54186.86304116249,0.049911691230058335
7083,-452.75,42986.18605160713,0.049911691230058335
7084,-448.65000000000003,26450.648732248694,0.049911691230058335
7085,-451.8,73242.63203647733,0.049911691230058335
7086,-454.95000000000005,30609.670242369175,0.049911691230058335
7087,-459.15000000000003,45022.84677994251,0.049911691230058335
7088,-289.0,118096.70863389969,0.049911691230058335
7089,-340.2,159978.87830400467,0.049911691230058335
7090,-347.05,204212.84734916687,0.049911691230058335
7091,-345.85,8636.855257724412,0.049911691230058335
7092,-348.95,46276.2464530766,0.049911691230058335
7093,-352.05,29004.175594838336,0.049911691230058335
7094,-343.3,56783.37133550644,0.049911691230058335
7095,-338.3,43095.63672503829,0.049911691230058335
7096,-333.25,51837.65886758268,0.049911691230058335
7097,-293.45000000000005,94435.67654716969,0.049911691230058335
7098,-297.55,80289.5479080677,0.049911691230058335
7099,-301.70000000000005,147548.16317831818,0.049911691230058335
7100,-359.05,11808.519172251225,0.049911691230058335
7101,-362.3,29563.28059295565,0.049911691230058335
7102,-365.55,44733.61283708364,0.049911691230058335
7103,-368.8,40342.12243139744,0.049911691230058335
7104,-372.05,120759.82202877104,0.049911691230058335
7105,-376.3,314551.64452803135,0.049911691230058335
7106,-379.55,52045.29988479614,0.049911691230058335
7107,-382.8,38876.46811148524,0.049911691230058335
7108,-386.05,65154.36497783661,0.049911691230058335
7109,-389.3,46559.7806968689,0.049911691230058335
7110,-435.15000000000003,32624.15032465756,0.049911691230058335
7111,-438.35,42111.33114942908,0.049911691230058335
7112,-441.75,85962.05604995787,0.049911691230058335
7113,-378.20000000000005,211040.73443585634,0.049911691230058335
7114,-297.6,77695.3474740982,0.049911691230058335
7115,-300.6,675525.3731399933,0.049911691230058335
7116,-305.65000000000003,40253.02921754122,0.049911691230058335
7117,-309.7,49412.56299944222,0.049911691230058335
7118,-307.95,84149.5891443193,0.049911691230058335
7119,-306.25,44918.07387453318,0.049911691230058335
7120,-301.8,62420.38784320373,0.049911691230058335
7121,-282.3,39370.21982168406,0.049911691230058335
7122,-286.3,51121.442591279745,0.049911691230058335
7123,-291.4,44815.98848286271,0.049911691230058335
7124,-294.5,94936.3049339056,0.049911691230058335
7125,-324.5,22544.532642424107,0.049911691230058335
7126,-323.35,48171.18205475807,0.049911691230058335
7127,-342.05,58453.1410690099,0.049911691230058335
7128,-395.65000000000003,66231.94717432559,0.049911691230058335
7129,-267.20000000000005,128376.05353355408,0.049911691230058335
7130,-259.75,110563.21688816324,0.049911691230058335
7131,-263.75,62683.35866355896,0.049911691230058335
7132,-267.8,96803.32488633692,0.049911691230058335
7133,-270.3,246967.31392068416,0.049911691230058335
7134,-320.85,111080.48842643201,0.049911691230058335
7135,-316.3,53549.82115438953,0.049911691230058335
7136,-310.55,26655.134250223637,0.049911691230058335
7137,-289.15,65225.077254299074,0.049911691230058335
7138,-289.4,111030.15064167976,0.049911691230058335
7139,-291.65,30863.840531349182,0.049911691230058335
7140,-296.9,83122.02682990208,0.049911691230058335
7141,-301.20000000000005,49082.55049204826,0.049911691230058335
7142,-304.5,49868.35254384391,0.049911691230058335
7143,-321.35,51809.24242019653,0.049911691230058335
7144,-325.65000000000003,133197.78104674816,0.049911691230058335
7145,-323.40000000000003,158986.65510082245,0.049911691230058335
7146,-365.45000000000005,57949.98151779175,0.049911691230058335
7147,-413.1,95141.42368224263,0.049911691230058335
7148,-417.40000000000003,42666.544771552086,0.049911691230058335
7149,-420.70000000000005,117363.92483901978,0.049911691230058335
7150,-468.65000000000003,140476.4234070778,0.049911691230058335
7151,-471.95000000000005,146515.9643406868,0.049911691230058335
7152,-475.25,37429.55842280388,0.049911691230058335
7153,-478.55,165309.7903226614,0.049911691230058335
7154,-476.90000000000003,30336.851673722267,0.049911691230058335
7155,-480.15000000000003,69582.89369040728,0.049911691230058335
7156,-484.45000000000005,189751.26218150556,0.049911691230058335
7157,-487.75,24376.168073296547,0.049911691230058335
7158,-492.1,395890.1770070493,0.049911691230058335
7159,-514.9000000000001,95292.38033169508,0.049911691230058335
7160,-517.2,65900.91136455536,0.049911691230058335
7161,-519.5,82295.15636372566,0.049911691230058335
7162,-516.55,41978.02767708618,0.049911691230058335
7163,-513.75,53213.57642495632,0.049911691230058335
7164,-532.5,115551.83289432526,0.049911691230058335
7165,-570.15,30442.368052497506,0.049911691230058335
7166,-431.90000000000003,108420.81308794022,0.049911691230058335
7167,-463.8,123639.83122576773,0.049911691230058335
7168,-378.20000000000005,34118.442817644216,0.049911691230058335
7169,-340.90000000000003,146529.13969908655,0.049911691230058335
7170,-344.1,62218.2937002182,0.049911691230058335
7171,-406.65000000000003,316398.1642104387,0.049911691230058335
7172,-409.90000000000003,74244.63124177232,0.049911691230058335
7173,-413.15000000000003,59802.166633710265,0.049911691230058335
7174,-417.45000000000005,63849.610531196,0.049911691230058335
7175,-420.75,25922.89812016487,0.049911691230058335
7176,-424.05,98787.61788403988,0.049911691230058335
7177,-436.90000000000003,85294.95583179966,0.049911691230058335
7178,-441.1,21362.31722407043,0.049911691230058335
7179,-382.75,92413.3403096646,0.049911691230058335
7180,-370.65000000000003,149246.23685875535,0.049911691230058335
7181,-372.45000000000005,44794.0502191782,0.049911691230058335
7182,-311.7,46489.99228835106,0.049911691230058335
7183,-304.85,65192.96515706554,0.049911691230058335
7184,-307.7,119986.08825910091,0.049911691230058335
7185,-299.85,56158.845532253385,0.049911691230058335
7186,-307.8,28362.844007506967,0.049911691230058335
7187,-276.4,157996.87740516663,0.049911691230058335
7188,-193.55,39794.528723180294,0.049911691230058335
7189,-235.85000000000002,80256.26604637504,0.049911691230058335
7190,-295.55,92835.83694309369,0.049911691230058335
7191,-356.35,24426.907717768103,0.049911691230058335
7192,-359.55,44193.46421328187,0.049911691230058335
7193,-362.75,58833.883244886994,0.049911691230058335
7194,-365.95000000000005,36147.42764542252,0.049911691230058335
7195,-369.15000000000003,52476.81019166112,0.049911691230058335
7196,-372.35,78409.5234014988,0.049911691230058335
7197,-394.15000000000003,80269.22820663452,0.049911691230058335
7198,-450.0,107468.20184985176,0.049911691230058335
7199,-453.20000000000005,18962.54814429581,0.049911691230058335
7200,-455.40000000000003,87884.02738463879,0.049911691230058335
7201,-458.6,151695.61687332392,0.049911691230058335
7202,-461.8,86738.80168616772,0.049911691230058335
7203,-465.0,287022.39156997204,0.049911691230058335
7204,-468.20000000000005,55953.2315813005,0.049911691230058335
7205,-471.40000000000003,52838.8732675761,0.049911691230058335
7206,-474.6,153906.61894199252,0.049911691230058335
7207,-477.8,40545.79556822777,0.049911691230058335
7208,-515.75,54421.11012554169,0.049911691230058335
7209,-448.70000000000005,361897.37706279755,0.049911691230058335
7210,-430.20000000000005,48400.9935358502,0.049911691230058335
7211,-423.75,42477.252714931965,0.049911691230058335
7212,-418.3,71002.01428128779,0.049911691230058335
7213,-410.85,30327.228219404817,0.049911691230058335
7214,-389.95000000000005,79140.86882098019,0.049911691230058335
7215,-396.8,38074.32319933176,0.049911691230058335
7216,-401.75,115736.23547041789,0.049911691230058335
7217,-314.90000000000003,28375.88485915959,0.049911691230058335
7218,-224.60000000000002,63571.814338982105,0.049911691230058335
7219,-194.25,106115.7766816616,0.049911691230058335
7220,-228.4,346011.57605189085,0.049911691230058335
7221,-233.75,47380.818494573236,0.049911691230058335
7222,-236.85000000000002,30364.09558916092,0.049911691230058335
7223,-239.95000000000002,428094.90658161044,0.049911691230058335
7224,-243.05,141944.6654214859,0.049911691230058335
7225,-303.65000000000003,41508.6123008728,0.049911691230058335
7226,-363.5,36900.14316660166,0.049911691230058335
7227,-366.65000000000003,167554.13748031855,0.049911691230058335
7228,-369.8,82286.93594896793,0.049911691230058335
7229,-429.65000000000003,45798.72748154402,0.049911691230058335
7230,-432.8,93590.68564131111,0.049911691230058335
7231,-492.65000000000003,46981.45228108764,0.049911691230058335
7232,-495.8,183947.18312373757,0.049911691230058335
7233,-498.95000000000005,43481.29988117516,0.049911691230058335
7234,-558.8,22628.449526105076,0.049911691230058335
7235,-561.95,62044.08372038603,0.049911691230058335
7236,-565.1,34398.59189154208,0.049911691230058335
7237,-568.25,145651.92284709215,0.049911691230058335
7238,-571.4,53638.65049600601,0.049911691230058335
7239,-574.5500000000001,16751.28267357126,0.049911691230058335
7240,-577.7,58491.70677918568,0.049911691230058335
7241,-637.5500000000001,104031.17616094649,0.049911691230058335
7242,-617.35,90860.36708402634,0.049911691230058335
7243,-620.2,46843.18480026722,0.049911691230058335
7244,-683.75,44678.68284410238,0.049911691230058335
7245,-686.9000000000001,67463.10636770725,0.049911691230058335
7246,-690.0500000000001,37014.353430897,0.049911691230058335
7247,-641.9,46173.70605826378,0.049911691230058335
7248,-631.5,66587.57873452082,0.049911691230058335
7249,-324.05,168133.2867254652,0.049911691230058335
7250,-297.6,43602.0946893692,0.049911691230058335
7251,-300.3,257371.89758379757,0.049911691230058335
7252,-196.45000000000002,57873.41215220094,0.049911691230058335
7253,-201.3,36060.63247184828,0.049911691230058335
7254,-207.25,31291.646167442203,0.049911691230058335
7255,-210.20000000000002,51578.00896310806,0.049911691230058335
7256,-214.20000000000002,40071.59414374828,0.049911691230058335
7257,-175.15,29851.81616640091,0.049911691230058335
7258,-179.85,50309.32653582096,0.049911691230058335
7259,-184.6,85446.89573384821,0.049911691230058335
7260,-188.05,234096.9468357563,0.049911691230058335
7261,-190.8,64311.91748176515,0.049911691230058335
7262,-193.55,35408.01975977421,0.049911691230058335
7263,-194.8,30660.39139905572,0.049911691230058335
7264,-197.55,74818.07487173378,0.049911691230058335
7265,-202.45000000000002,109181.73534619808,0.049911691230058335
7266,-207.45000000000002,72194.72731004655,0.049911691230058335
7267,-209.4,52232.66750383377,0.049911691230058335
7268,-212.4,34879.15114176273,0.049911691230058335
7269,-214.25,28436.789564281702,0.049911691230058335
7270,-242.8,55295.93342089653,0.049911691230058335
7271,-246.85000000000002,225132.80944418907,0.049911691230058335
7272,-298.5,30615.706481456757,0.049911691230058335
7273,-301.45,62745.890398520976,0.049911691230058335
7274,-304.40000000000003,61635.573471069336,0.049911691230058335
7275,-308.40000000000003,44837.86780023575,0.049911691230058335
7276,-311.40000000000003,46675.447654247284,0.049911691230058335
7277,-314.40000000000003,36652.75248759985,0.049911691230058335
7278,-317.40000000000003,23956.972902536392,0.049911691230058335
7279,-320.40000000000003,58824.35439300537,0.049911691230058335
7280,-323.40000000000003,55397.29898581281,0.049911691230058335
7281,-326.40000000000003,48605.9291703105,0.049911691230058335
7282,-329.40000000000003,28987.620997801423,0.049911691230058335
7283,-387.6,79824.20123755932,0.049911691230058335
7284,-390.65000000000003,55883.7230065912,0.049911691230058335
7285,-448.6,160405.1092069149,0.049911691230058335
7286,-451.65000000000003,98519.98662285507,0.049911691230058335
7287,-454.70000000000005,58231.20485636592,0.049911691230058335
7288,-457.75,90071.34403859172,0.049911691230058335
7289,-517.55,121380.91355261207,0.049911691230058335
7290,-576.45,71233.22724092007,0.049911691230058335
7291,-579.5500000000001,127675.76046432555,0.049911691230058335
7292,-582.65,267938.66823387146,0.049911691230058335
7293,-586.8000000000001,57046.10871423781,0.049911691230058335
7294,-589.95,28379.1683713831,0.049911691230058335
7295,-593.1,21864.661720752716,0.049911691230058335
7296,-596.25,94094.8497030884,0.049911691230058335
7297,-656.1,136787.99766790867,0.049911691230058335
7298,-717.85,44792.87664818764,0.049911691230058335
7299,-721.0500000000001,196071.95509437472,0.049911691230058335
7300,-724.25,64554.53841785551,0.049911691230058335
7301,-727.45,84754.23846426606,0.049911691230058335
7302,-788.25,68557.33946990967,0.049911691230058335
7303,-769.4000000000001,217592.69435064495,0.049911691230058335
7304,-773.4000000000001,81007.83596277237,0.049911691230058335
7305,-761.35,57896.06915791333,0.049911691230058335
7306,-738.25,141806.3127991343,0.049911691230058335
7307,-482.6,43264.98678255454,0.049911691230058335
7308,-453.3,158709.20715475082,0.049911691230058335
7309,-323.7,37549.94313681126,0.049911691230058335
7310,-327.25,236461.39978194237,0.049911691230058335
7311,-332.1,24487.39989423752,0.049911691230058335
7312,-337.05,24930.371267929673,0.049911691230058335
7313,-268.20000000000005,45496.08704252541,0.049911691230058335
7314,-253.9,205364.3038740307,0.049911691230058335
7315,-163.7,62837.82785329316,0.049911691230058335
7316,-176.5,44876.14895243943,0.049911691230058335
7317,-171.15,164436.69801998138,0.049911691230058335
7318,-198.20000000000002,76671.19081306458,0.049911691230058335
7319,-201.4,42430.88562211767,0.049911691230058335
7320,-204.60000000000002,36955.08566737175,0.049911691230058335
7321,-207.8,125077.65197363496,0.049911691230058335
7322,-265.85,97192.00206416845,0.049911691230058335
7323,-324.65000000000003,74673.28984832764,0.049911691230058335
7324,-327.85,83643.2453480959,0.049911691230058335
7325,-331.05,96481.42586708069,0.049911691230058335
7326,-334.25,109488.24491071701,0.049911691230058335
7327,-337.45,382749.8374609947,0.049911691230058335
7328,-340.65000000000003,125165.33376504108,0.049911691230058335
7329,-344.85,79363.97515261173,0.049911691230058335
7330,-349.05,36000.30553497374,0.049911691230058335
7331,-352.25,220081.12637329102,0.049911691230058335
7332,-355.45,41087.0073390007,0.049911691230058335
7333,-358.65000000000003,516609.03716659546,0.049911691230058335
7334,-417.45000000000005,60532.72938847542,0.049911691230058335
7335,-420.65000000000003,55519.306849479675,0.049911691230058335
7336,-423.85,79829.3259857297,0.049911691230058335
7337,-427.05,21740.039836108685,0.049911691230058335
7338,-430.25,40626.30082207918,0.049911691230058335
7339,-433.45000000000005,53520.53802061081,0.049911691230058335
7340,-436.65000000000003,345943.5941766538,0.049911691230058335
7341,-497.45000000000005,256677.74140847102,0.049911691230058335
7342,-558.25,25109.958167135715,0.049911691230058335
7343,-561.45,59375.34626877308,0.049911691230058335
7344,-580.9,41362.370698451996,0.049911691230058335
7345,-583.95,26640.59784901142,0.049911691230058335
7346,-588.0500000000001,124431.17544955015,0.049911691230058335
7347,-646.25,225180.1284893155,0.049911691230058335
7348,-649.35,61903.239920556545,0.049911691230058335
7349,-652.45,148642.63500119746,0.049911691230058335
7350,-646.65,11207.254288950004,0.049911691230058335
7351,-650.75,72493.40426296368,0.049911691230058335
7352,-653.85,40834.96565438807,0.049911691230058335
7353,-657.95,83117.95859122276,0.049911691230058335
7354,-661.0500000000001,46140.64029788971,0.049911691230058335
7355,-664.1500000000001,44275.38596725464,0.049911691230058335
7356,-666.25,304957.4334204197,0.049911691230058335
7357,-444.25,47558.469636917114,0.049911691230058335
7358,-420.5,36097.874546557665,0.049911691230058335
7359,-394.6,26690.37847930193,0.049911691230058335
7360,-373.0,42322.56945800781,0.049911691230058335
7361,-368.8,178978.12101235986,0.049911691230058335
7362,-273.0,126551.50598335266,0.049911691230058335
7363,-309.40000000000003,17854.04786304012,0.049911691230058335
7364,-309.3,65624.82044586539,0.049911691230058335
7365,-308.25,47597.570763885975,0.049911691230058335
7366,-311.2,100972.60714047402,0.049911691230058335
7367,-316.3,283053.9895862639,0.049911691230058335
7368,-232.4,114276.4615123272,0.049911691230058335
7369,-220.95000000000002,223664.03928875923,0.049911691230058335
7370,-215.95000000000002,70442.13615512848,0.049911691230058335
7371,-249.8,101010.65354537964,0.049911691230058335
7372,-247.9,236265.51459032297,0.049911691230058335
7373,-232.35000000000002,44576.05579639971,0.049911691230058335
7374,-164.75,77646.52565015107,0.049911691230058335
7375,-159.3,147529.75744001567,0.049911691230058335
7376,-163.15,338105.3082693219,0.049911691230058335
7377,-195.70000000000002,47154.11537837982,0.049911691230058335
7378,-198.55,49205.13014186174,0.049911691230058335
7379,-259.05,95980.30375289917,0.049911691230058335
7380,-262.25,449338.8479013443,0.049911691230058335
7381,-265.45000000000005,337665.3412419036,0.049911691230058335
7382,-328.0,67422.88729786873,0.049911691230058335
7383,-331.25,166975.95588959754,0.049911691230058335
7384,-393.0,75133.63269859552,0.049911691230058335
7385,-396.25,59539.15097358823,0.049911691230058335
7386,-459.0,237657.3087658882,0.049911691230058335
7387,-462.25,201515.6765475273,0.049911691230058335
7388,-465.5,88422.32067367435,0.049911691230058335
7389,-469.75,483161.44804538134,0.049911691230058335
7390,-474.0,51880.82669616118,0.049911691230058335
7391,-533.75,78018.23332834244,0.049911691230058335
7392,-537.0,114813.12656247616,0.049911691230058335
7393,-540.25,171630.29850601498,0.049911691230058335
7394,-543.5,51777.28959196806,0.049911691230058335
7395,-546.75,326534.5506720692,0.049911691230058335
7396,-608.5,373003.1838541627,0.049911691230058335
7397,-670.25,596760.8499174118,0.049911691230058335
7398,-673.5,32143.9000723958,0.049911691230058335
7399,-740.25,107477.03614425659,0.049911691230058335
7400,-743.5,140783.61862004548,0.049911691230058335
7401,-802.25,114320.19690537453,0.049911691230058335
7402,-805.5,227021.97126102448,0.049911691230058335
7403,-770.9000000000001,50274.501281261444,0.049911691230058335
7404,-773.95,48370.6717158854,0.049911691230058335
7405,-565.2,99610.41003561392,0.049911691230058335
7406,-337.25,310521.1350695044,0.049911691230058335
7407,-336.95,102292.39919185638,0.049911691230058335
7408,-145.5,106280.58665668964,0.049911691230058335
7409,-131.7,53962.03644257784,0.049911691230058335
7410,-123.0,162454.79668087512,0.049911691230058335
7411,-94.80000000000001,50477.043044924736,0.049911691230058335
7412,-100.80000000000001,38889.113720446825,0.049911691230058335
7413,-104.30000000000001,40331.677463531494,0.049911691230058335
7414,-103.9,54890.86819636822,0.049911691230058335
7415,-107.80000000000001,87043.54437218606,0.049911691230058335
7416,-112.9,467449.7568101883,0.049911691230058335
7417,-160.05,377878.14547529817,0.049911691230058335
7418,-163.3,55908.88582152128,0.049911691230058335
7419,-163.8,17018.678169757128,0.049911691230058335
7420,-161.75,58422.79677003622,0.049911691230058335
7421,-220.5,70393.61698339134,0.049911691230058335
7422,-272.95000000000005,266563.5502882004,0.049911691230058335
7423,-315.05,68822.26754641533,0.049911691230058335
7424,-313.65000000000003,58621.87286001444,0.049911691230058335
7425,-310.05,48187.696470975876,0.049911691230058335
7426,-307.5,78993.80478715897,0.049911691230058335
7427,-310.35,98812.5637101531,0.049911691230058335
7428,-314.25,111830.71387809888,0.049911691230058335
7429,-377.1,293255.1591745019,0.049911691230058335
7430,-381.25,84967.94133043289,0.049911691230058335
7431,-385.40000000000003,71656.7464222908,0.049911691230058335
7432,-389.55,95675.1089310646,0.049911691230058335
7433,-446.40000000000003,329636.7211583853,0.049911691230058335
7434,-449.55,70209.70014953613,0.049911691230058335
7435,-452.70000000000005,43280.21807765961,0.049911691230058335
7436,-455.85,106673.29526634514,0.049911691230058335
7437,-459.0,75674.24051178992,0.049911691230058335
7438,-462.15000000000003,166093.791635409,0.049911691230058335
7439,-465.3,63827.75519514084,0.049911691230058335
7440,-468.45000000000005,42930.15594291687,0.049911691230058335
7441,-471.6,213841.44311255217,0.049911691230058335
7442,-531.45,48754.013580441475,0.049911691230058335
7443,-534.6,51060.16070818901,0.049911691230058335
7444,-537.75,86296.15532809496,0.049911691230058335
7445,-597.6,70447.97232466936,0.049911691230058335
7446,-600.75,97744.1048541069,0.049911691230058335
7447,-603.9,34550.25567984581,0.049911691230058335
7448,-607.0500000000001,207731.4813132286,0.049911691230058335
7449,-610.2,91884.41596254706,0.049911691230058335
7450,-613.35,27679.773247003555,0.049911691230058335
7451,-617.5,70271.78510192409,0.049911691230058335
7452,-621.65,47072.074661396444,0.049911691230058335
7453,-679.5,68578.76860904694,0.049911691230058335
7454,-739.35,46769.8256303668,0.049911691230058335
7455,-742.5,44033.13235801458,0.049911691230058335
7456,-770.1,91134.22332061827,0.049911691230058335
7457,-757.6,371434.4661051631,0.049911691230058335
7458,-544.7,58183.671428620815,0.049911691230058335
7459,-546.6500000000001,63513.35146021843,0.049911691230058335
7460,-548.9000000000001,118334.15725207329,0.049911691230058335
7461,-552.65,45918.769759237766,0.049911691230058335
7462,-557.5,294734.2161746621,0.049911691230058335
7463,-445.05,71767.60408705473,0.049911691230058335
7464,-432.3,43688.45974037051,0.049911691230058335
7465,-266.55,60497.74436092377,0.049911691230058335
7466,-272.3,109099.082862854,0.049911691230058335
7467,-256.9,54420.11662720144,0.049911691230058335
7468,-262.75,218037.87557703257,0.049911691230058335
7469,-268.85,170850.77759981155,0.049911691230058335
7470,-272.85,48504.61347466707,0.049911691230058335
7471,-319.65000000000003,84438.94368386269,0.049911691230058335
7472,-381.65000000000003,72686.97826957703,0.049911691230058335
7473,-384.85,36690.54135429859,0.049911691230058335
7474,-388.05,204718.56188986544,0.049911691230058335
7475,-448.85,18188.341572824866,0.049911691230058335
7476,-419.05,55186.42946791649,0.049911691230058335
7477,-485.85,191310.66438388824,0.049911691230058335
7478,-528.1,157483.9148054719,0.049911691230058335
7479,-468.3,56010.45565700531,0.049911691230058335
7480,-473.40000000000003,39471.97273993492,0.049911691230058335
7481,-477.55,80714.26937556267,0.049911691230058335
7482,-480.70000000000005,47838.93271917105,0.049911691230058335
7483,-540.5,42627.568472862244,0.049911691230058335
7484,-543.7,133338.21008050442,0.049911691230058335
7485,-559.35,136078.44639325142,0.049911691230058335
7486,-530.1500000000001,50680.379922151566,0.049911691230058335
7487,-531.4000000000001,92817.52772760391,0.049911691230058335
7488,-534.5,315922.7008320093,0.049911691230058335
7489,-366.8,145841.2478634119,0.049911691230058335
7490,-366.05,40625.21583858132,0.049911691230058335
7491,-220.55,169624.43073523045,0.049911691230058335
7492,-222.0,103636.10894113779,0.049911691230058335
7493,-155.55,33555.12119847536,0.049911691230058335
7494,-158.1,50620.74864459038,0.049911691230058335
7495,-159.70000000000002,124433.48546719551,0.049911691230058335
7496,-162.3,80403.30065600947,0.049911691230058335
7497,-165.55,115698.37075781822,0.049911691230058335
7498,-169.85,144687.06431268156,0.049911691230058335
7499,-166.4,62929.28616166115,0.049911691230058335
7500,-168.65,73003.3078446025,0.049911691230058335
7501,-187.85,152307.32008707523,0.049911691230058335
7502,-191.85,90865.99476382509,0.049911691230058335
7503,-194.85,281814.13200846314,0.049911691230058335
7504,-227.55,43013.55349996686,0.049911691230058335
7505,-267.65,48719.60368835926,0.049911691230058335
7506,-270.70000000000005,84361.07871568203,0.049911691230058335
7507,-273.75,46412.7819840312,0.049911691230058335
7508,-276.8,151309.87638409436,0.049911691230058335
7509,-279.85,73646.26754641533,0.049911691230058335
7510,-337.1,75252.63711476326,0.049911691230058335
7511,-380.8,147720.77737998962,0.049911691230058335
7512,-381.65000000000003,52177.84386374056,0.049911691230058335
7513,-439.55,301143.45369911194,0.049911691230058335
7514,-433.90000000000003,20324.159546136856,0.049911691230058335
7515,-428.55,101401.10997390747,0.049911691230058335
7516,-423.20000000000005,76956.68188267946,0.049911691230058335
7517,-417.85,24385.19893604517,0.049911691230058335
7518,-420.75,116439.71618080139,0.049911691230058335
7519,-415.3,198398.5482390225,0.049911691230058335
7520,-410.40000000000003,240599.21963070333,0.049911691230058335
7521,-411.75,28163.76622763276,0.049911691230058335
7522,-415.85,66212.32995581627,0.049911691230058335
7523,-418.95000000000005,67097.13022746146,0.049911691230058335
7524,-412.25,51017.04564225674,0.049911691230058335
7525,-416.35,19880.34355187416,0.049911691230058335
7526,-420.45000000000005,49765.31985589117,0.049911691230058335
7527,-424.55,63471.165749106556,0.049911691230058335
7528,-427.65000000000003,60687.11170382053,0.049911691230058335
7529,-463.20000000000005,183376.8656008877,0.049911691230058335
7530,-466.25,228404.23980137706,0.049911691230058335
7531,-530.6500000000001,60711.737446546555,0.049911691230058335
7532,-534.8,37191.98853099346,0.049911691230058335
7533,-590.65,53078.40568125248,0.049911691230058335
7534,-593.8000000000001,36760.60247349739,0.049911691230058335
7535,-596.95,110086.02643376961,0.049911691230058335
7536,-601.1,31335.00365269184,0.049911691230058335
7537,-605.25,512061.19391158223,0.049911691230058335
7538,-621.5500000000001,117214.16213822365,0.049911691230058335
7539,-639.15,30992.52118946612,0.049911691230058335
7540,-625.7,92372.80339670181,0.049911691230058335
7541,-622.0,51680.34785032272,0.049911691230058335
7542,-528.0,75348.22219181061,0.049911691230058335
7543,-504.3,82255.92726457119,0.049911691230058335
7544,-486.6,114038.02322417498,0.049911691230058335
7545,-445.3,238586.71733421087,0.049911691230058335
7546,-399.90000000000003,101611.35976576805,0.049911691230058335
7547,-402.05,54579.271765470505,0.049911691230058335
7548,-240.15,43413.08706116676,0.049911691230058335
7549,-243.9,72068.42939557135,0.049911691230058335
7550,-247.75,63345.04086923599,0.049911691230058335
7551,-274.65,120062.29127819836,0.049911691230058335
7552,-278.9,108196.09819090366,0.049911691230058335
7553,-303.90000000000003,88351.83693349734,0.049911691230058335
7554,-297.65,109575.11007791758,0.049911691230058335
7555,-301.75,46874.43976062536,0.049911691230058335
7556,-304.85,100902.1213645935,0.049911691230058335
7557,-363.75,47304.454937815666,0.049911691230058335
7558,-425.65000000000003,115752.07811254263,0.049911691230058335
7559,-427.75,43765.51944589615,0.049911691230058335
7560,-431.85,133841.7872323133,0.049911691230058335
7561,-433.95000000000005,108516.7098288536,0.049911691230058335
7562,-437.05,115656.90020811558,0.049911691230058335
7563,-441.15000000000003,123397.6077413559,0.049911691230058335
7564,-443.25,86459.35152316093,0.049911691230058335
7565,-446.35,100579.62793985009,0.049911691230058335
7566,-448.45000000000005,172933.05874814093,0.049911691230058335
7567,-450.55,46704.44212937355,0.049911691230058335
7568,-453.65000000000003,21763.30334496498,0.049911691230058335
7569,-320.3,155591.41695261002,0.049911691230058335
7570,-313.55,69727.35216140747,0.049911691230058335
7571,-299.90000000000003,137341.14026737213,0.049911691230058335
7572,-260.70000000000005,59925.18373954669,0.049911691230058335
7573,-254.20000000000002,462228.57830637693,0.049911691230058335
7574,-290.0,53883.1424779892,0.049911691230058335
7575,-285.65,79752.1786519587,0.049911691230058335
7576,-342.25,76424.26593589783,0.049911691230058335
7577,-339.0,35834.357179284096,0.049911691230058335
7578,-344.1,59040.18883372843,0.049911691230058335
7579,-348.25,161488.62543535233,0.049911691230058335
7580,-351.40000000000003,102160.63667583466,0.049911691230058335
7581,-378.65000000000003,128830.69490242004,0.049911691230058335
7582,-379.45000000000005,34066.80073428154,0.049911691230058335
7583,-380.55,311664.15042324364,0.049911691230058335
7584,-382.45000000000005,193021.70289057493,0.049911691230058335
7585,-383.65000000000003,66967.53184271231,0.049911691230058335
7586,-386.45000000000005,453700.8926830292,0.049911691230058335
7587,-391.6,23889.48592236638,0.049911691230058335
7588,-394.75,59997.173496991396,0.049911691230058335
7589,-397.90000000000003,109593.60404902697,0.049911691230058335
7590,-401.05,43775.4194111824,0.049911691230058335
7591,-404.20000000000005,19339.61498901993,0.049911691230058335
7592,-407.35,193621.41694673896,0.049911691230058335
7593,-445.45000000000005,37395.59830072615,0.049911691230058335
7594,-449.55,46004.35502934456,0.049911691230058335
7595,-416.15000000000003,167703.78982827067,0.049911691230058335
7596,-394.6,259035.1788933277,0.049911691230058335
7597,-382.95000000000005,97214.07435287908,0.049911691230058335
7598,-386.8,70400.46165627614,0.049911691230058335
7599,-390.65000000000003,134823.02740311995,0.049911691230058335
7600,-365.85,147602.65214669704,0.049911691230058335
7601,-368.95000000000005,45610.11242747307,0.049911691230058335
7602,-355.35,33880.013670921326,0.049911691230058335
7603,-341.75,171478.71574819088,0.049911691230058335
7604,-388.65000000000003,108547.174305439,0.049911691230058335
7605,-442.85,56034.04618692398,0.049911691230058335
7606,-446.05,67951.9130590409,0.049911691230058335
7607,-449.25,17763.292418718338,0.049911691230058335
7608,-506.65000000000003,173023.22357584536,0.049911691230058335
7609,-568.4,87987.83635795116,0.049911691230058335
7610,-632.15,58986.410073399544,0.049911691230058335
7611,-636.4,51598.44236522913,0.049911691230058335
7612,-638.65,37925.12999925017,0.049911691230058335
7613,-641.9,49932.554539684206,0.049911691230058335
7614,-646.15,182518.02425052226,0.049911691230058335
7615,-707.9000000000001,132867.32445526123,0.049911691230058335
7616,-710.1500000000001,229691.9278365746,0.049911691230058335
7617,-451.0,104276.57709693909,0.049911691230058335
7618,-415.5,43999.20233160257,0.049911691230058335
7619,-338.15000000000003,37157.152355611324,0.049911691230058335
7620,-309.35,47415.27807497978,0.049911691230058335
7621,-309.85,38234.21519446373,0.049911691230058335
7622,-315.0,97054.2288017869,0.049911691230058335
7623,-313.5,112483.8093624115,0.049911691230058335
7624,-317.0,94034.2986984253,0.049911691230058335
7625,-320.55,32470.66074422747,0.049911691230058335
7626,-323.65000000000003,107175.63427424431,0.049911691230058335
7627,-326.8,65000.795335665345,0.049911691230058335
7628,-386.20000000000005,39429.10436600447,0.049911691230058335
7629,-346.95000000000005,206442.18539414182,0.049911691230058335
7630,-344.55,40649.16277599335,0.049911691230058335
7631,-344.75,54451.14467036724,0.049911691230058335
7632,-347.8,49614.86878374219,0.049911691230058335
7633,-260.85,108017.38956015185,0.049911691230058335
7634,-260.9,34178.13335228339,0.049911691230058335
7635,-247.05,112191.77368122339,0.049911691230058335
7636,-249.75,119364.18488883972,0.049911691230058335
7637,-251.4,53648.116919755936,0.049911691230058335
7638,-255.65,37231.124081943184,0.049911691230058335
7639,-256.9,80933.42006886005,0.049911691230058335
7640,-210.60000000000002,165692.2114868164,0.049911691230058335
7641,-207.3,57323.49957881216,0.049911691230058335
7642,-210.25,104626.71534663439,0.049911691230058335
7643,-215.3,37964.4229516983,0.049911691230058335
7644,-218.35000000000002,52526.32167583704,0.049911691230058335
7645,-223.5,79542.10656118393,0.049911691230058335
7646,-226.65,186903.35768944025,0.049911691230058335
7647,-229.8,43528.37957635522,0.049911691230058335
7648,-234.0,52911.67839631811,0.049911691230058335
7649,-294.70000000000005,126274.16668891907,0.049911691230058335
7650,-351.05,54736.95662689209,0.049911691230058335
7651,-354.3,48810.70241414104,0.049911691230058335
7652,-400.3,65571.8122086525,0.049911691230058335
7653,-403.5,103851.26854717731,0.049911691230058335
7654,-406.70000000000005,66408.66518068314,0.049911691230058335
7655,-409.90000000000003,137703.7297627926,0.049911691230058335
7656,-413.1,52418.207120895386,0.049911691230058335
7657,-416.3,9088.34924685955,0.049911691230058335
7658,-450.6,152607.8199980706,0.049911691230058335
7659,-509.70000000000005,73232.56443160772,0.049911691230058335
7660,-513.85,126100.55483531952,0.049911691230058335
7661,-518.0,18882.740072671324,0.049911691230058335
7662,-493.70000000000005,62834.01182930544,0.049911691230058335
7663,-474.8,73933.44527584314,0.049911691230058335
7664,-457.20000000000005,47478.23062676191,0.049911691230058335
7665,-442.0,39325.575447142124,0.049911691230058335
7666,-428.3,154741.60369819403,0.049911691230058335
7667,-302.75,161752.88597238064,0.049911691230058335
7668,-305.7,138069.2838602066,0.049911691230058335
7669,-308.3,322498.65603262186,0.049911691230058335
7670,-310.90000000000003,96745.12089395523,0.049911691230058335
7671,-313.55,46232.3970156312,0.049911691230058335
7672,-317.55,63145.27601104975,0.049911691230058335
7673,-318.45,52255.45486861467,0.049911691230058335
7674,-353.35,64674.20307266712,0.049911691230058335
7675,-356.40000000000003,81628.66459465027,0.049911691230058335
7676,-371.75,115961.62141469494,0.049911691230058335
7677,-379.05,447842.22708940506,0.049911691230058335
7678,-367.45000000000005,79914.73085010052,0.049911691230058335
7679,-344.3,68235.15281972289,0.049911691230058335
7680,-321.55,43738.49382084608,0.049911691230058335
7681,-325.3,64999.07091623545,0.049911691230058335
7682,-324.95,22035.79927805066,0.049911691230058335
7683,-327.7,66445.0445432663,0.049911691230058335
7684,-391.95000000000005,131507.9635781087,0.049911691230058335
7685,-395.05,126734.42226320505,0.049911691230058335
7686,-437.70000000000005,87838.7602901198,0.049911691230058335
7687,-440.75,48421.576099291444,0.049911691230058335
7688,-443.8,62873.026148319244,0.049911691230058335
7689,-446.85,76423.86343050003,0.049911691230058335
7690,-457.75,403527.45241824165,0.049911691230058335
7691,-379.25,42589.24839234352,0.049911691230058335
7692,-379.40000000000003,86563.9676156044,0.049911691230058335
7693,-384.1,49213.315266251564,0.049911691230058335
7694,-387.85,121870.33408990502,0.049911691230058335
7695,-378.55,25487.735184937716,0.049911691230058335
7696,-383.40000000000003,41114.85413134098,0.049911691230058335
7697,-388.35,95593.11893177032,0.049911691230058335
7698,-390.20000000000005,81234.77729058266,0.049911691230058335
7699,-395.20000000000005,50016.568933844566,0.049911691230058335
7700,-398.20000000000005,107368.27738416195,0.049911691230058335
7701,-444.15000000000003,143007.87615966797,0.049911691230058335
7702,-482.90000000000003,63148.18144398928,0.049911691230058335
7703,-543.75,51268.023516067304,0.049911691230058335
7704,-603.6,86121.45979130268,0.049911691230058335
7705,-606.75,21841.91648352146,0.049911691230058335
7706,-491.45000000000005,114382.82899929583,0.049911691230058335
7707,-313.1,312986.14445465803,0.049911691230058335
7708,-350.75,130027.21336247027,0.049911691230058335
7709,-353.70000000000005,352916.55954772234,0.049911691230058335
7710,-275.8,17279.752475216985,0.049911691230058335
7711,-233.0,70867.15417981148,0.049911691230058335
7712,-232.10000000000002,85701.45314598083,0.049911691230058335
7713,-235.75,62191.0603389889,0.049911691230058335
7714,-241.9,52148.512759923935,0.049911691230058335
7715,-243.4,39015.75758612156,0.049911691230058335
7716,-245.35000000000002,325334.3355766535,0.049911691230058335
7717,-248.95000000000002,164528.7397507429,0.049911691230058335
7718,-253.65,84958.89501094818,0.049911691230058335
7719,-255.5,45646.698945999146,0.049911691230058335
7720,-255.8,16020.298229638487,0.049911691230058335
7721,-260.55,55913.93315644562,0.049911691230058335
7722,-261.75,311381.00735724345,0.049911691230058335
7723,-265.05,130508.31809193641,0.049911691230058335
7724,-268.85,33165.23729836941,0.049911691230058335
7725,-303.7,135051.96615359187,0.049911691230058335
7726,-338.75,98872.88695538044,0.049911691230058335
7727,-341.65000000000003,26468.302557319403,0.049911691230058335
7728,-342.0,68378.35297833383,0.049911691230058335
7729,-342.35,128069.68287923932,0.049911691230058335
7730,-342.65000000000003,78621.55541288853,0.049911691230058335
7731,-346.45,52610.34764874354,0.049911691230058335
7732,-345.40000000000003,64054.85466873646,0.049911691230058335
7733,-345.65000000000003,97731.26227927208,0.049911691230058335
7734,-349.40000000000003,78016.72971016169,0.049911691230058335
7735,-354.25,103276.47972333431,0.049911691230058335
7736,-357.1,75330.66334682703,0.049911691230058335
7737,-357.85,162636.99506479502,0.049911691230058335
7738,-416.0,142194.55060705915,0.049911691230058335
7739,-419.05,39691.39328581095,0.049911691230058335
7740,-422.1,51350.17848801613,0.049911691230058335
7741,-425.15000000000003,143285.6484284401,0.049911691230058335
7742,-428.20000000000005,114040.69166016579,0.049911691230058335
7743,-431.25,40346.15245294571,0.049911691230058335
7744,-434.3,68913.90618681908,0.049911691230058335
7745,-476.1,118314.72484816611,0.049911691230058335
7746,-506.40000000000003,96410.38399169222,0.049911691230058335
7747,-520.6,55671.467631578445,0.049911691230058335
7748,-477.95000000000005,95060.90960097313,0.049911691230058335
7749,-343.95,236606.2975873947,0.049911691230058335
7750,-345.35,519459.3785008788,0.049911691230058335
7751,-332.2,69353.10282760859,0.049911691230058335
7752,-395.1,138244.87325766683,0.049911691230058335
7753,-399.25,113471.79721727967,0.049911691230058335
7754,-402.40000000000003,213759.965738032,0.049911691230058335
7755,-461.85,94035.7343891263,0.049911691230058335
7756,-465.0,68619.77792841569,0.049911691230058335
7757,-468.15000000000003,33836.108320236206,0.049911691230058335
7758,-517.1500000000001,98372.41098359227,0.049911691230058335
7759,-519.3,120951.40959787369,0.049911691230058335
7760,-567.65,75939.82011413574,0.049911691230058335
7761,-569.75,272279.9964213073,0.049911691230058335
7762,-570.85,97091.33398160338,0.049911691230058335
7763,-629.75,49103.84357368946,0.049911691230058335
7764,-632.85,34796.931121349335,0.049911691230058335
7765,-447.90000000000003,56547.62127485126,0.049911691230058335
7766,-333.85,228378.58818668127,0.049911691230058335
7767,-242.05,191201.0342321396,0.049911691230058335
7768,-208.3,65102.420287147164,0.049911691230058335
7769,-211.60000000000002,47414.62807440758,0.049911691230058335
7770,-214.3,39109.33976149559,0.049911691230058335
7771,-217.05,91817.13189888,0.049911691230058335
7772,-258.5,437633.5261607766,0.049911691230058335
7773,-261.4,169228.3586614728,0.049911691230058335
7774,-264.3,25673.136025249958,0.049911691230058335
7775,-268.25,31224.739458084106,0.049911691230058335
7776,-272.25,34439.771981716156,0.049911691230058335
7777,-335.6,212759.33790631965,0.049911691230058335
7778,-337.75,61427.99718719721,0.049911691230058335
7779,-338.6,47209.31173680723,0.049911691230058335
7780,-339.5,122560.98477859795,0.049911691230058335
7781,-343.65000000000003,45693.06878298521,0.049911691230058335
7782,-346.8,380978.4144985676,0.049911691230058335
7783,-349.95,106740.86751306057,0.049911691230058335
7784,-353.1,54849.90972208977,0.049911691230058335
7785,-356.25,50103.62534713745,0.049911691230058335
7786,-348.95,49732.17815923691,0.049911691230058335
7787,-337.0,66188.45660877228,0.049911691230058335
7788,-398.70000000000005,50357.00473892689,0.049911691230058335
7789,-458.55,60771.94403579831,0.049911691230058335
7790,-461.70000000000005,219065.3496619463,0.049911691230058335
7791,-407.40000000000003,177491.07210814953,0.049911691230058335
7792,-433.95000000000005,351223.2300180271,0.049911691230058335
7793,-437.15000000000003,180893.65904676914,0.049911691230058335
7794,-440.35,19120.00218462944,0.049911691230058335
7795,-444.55,47092.50271034241,0.049911691230058335
7796,-446.1,34112.79976931587,0.049911691230058335
7797,-447.65000000000003,65913.26008084416,0.049911691230058335
7798,-451.8,38641.23215961456,0.049911691230058335
7799,-514.9000000000001,185845.1370191574,0.049911691230058335
7800,-579.25,173782.50832486525,0.049911691230058335
7801,-615.5500000000001,40163.852854732424,0.049911691230058335
7802,-617.65,57925.49342238903,0.049911691230058335
7803,-440.8,295601.56669950485,0.049911691230058335
7804,-431.1,159667.64388996363,0.049911691230058335
7805,-395.25,120340.58519792557,0.049911691230058335
7806,-372.65000000000003,43727.059873104095,0.049911691230058335
7807,-351.85,187178.7386045605,0.049911691230058335
7808,-252.95000000000002,50838.590945158154,0.049911691230058335
7809,-257.05,99766.0947984159,0.049911691230058335
7810,-255.5,146384.95819056034,0.049911691230058335
7811,-255.3,206486.83204127848,0.049911691230058335
7812,-318.6,124116.36689728498,0.049911691230058335
7813,-323.45,29820.59415960312,0.049911691230058335
7814,-325.15000000000003,245056.8594311811,0.049911691230058335
7815,-386.05,25312.216723799706,0.049911691230058335
7816,-389.25,78467.73872461542,0.049911691230058335
7817,-392.45000000000005,115051.33954572678,0.049911691230058335
7818,-395.65000000000003,30089.759752989747,0.049911691230058335
7819,-398.85,52062.675473570824,0.049911691230058335
7820,-461.65000000000003,66371.94277238846,0.049911691230058335
7821,-464.85,83828.11556880176,0.049911691230058335
7822,-523.6500000000001,34364.93136739731,0.049911691230058335
7823,-517.55,231117.0511225462,0.049911691230058335
7824,-520.6,64876.79166686535,0.049911691230058335
7825,-465.0,90180.10233092308,0.049911691230058335
7826,-516.2,132643.7703129053,0.049911691230058335
7827,-451.95000000000005,100956.11494573951,0.049911691230058335
7828,-455.85,104636.41791886091,0.049911691230058335
7829,-458.8,160403.35369594395,0.049911691230058335
7830,-458.40000000000003,27262.499598928727,0.049911691230058335
7831,-462.3,41960.860344946384,0.049911691230058335
7832,-467.3,140883.35253985226,0.049911691230058335
7833,-470.25,61687.54758757353,0.049911691230058335
7834,-519.55,62659.507553100586,0.049911691230058335
7835,-522.7,43453.61401838064,0.049911691230058335
7836,-525.85,53705.96528327465,0.049911691230058335
7837,-527.25,104556.78799726069,0.049911691230058335
7838,-565.4,51842.95861327648,0.049911691230058335
7839,-632.8000000000001,108664.74114716053,0.049911691230058335
7840,-636.0500000000001,252938.32271409035,0.049911691230058335
7841,-694.8000000000001,64642.82819244638,0.049911691230058335
7842,-682.0,60358.565457463264,0.049911691230058335
7843,-442.8,91644.80625545979,0.049911691230058335
7844,-376.70000000000005,53647.53546214104,0.049911691230058335
7845,-289.25,164902.47671031952,0.049911691230058335
7846,-293.4,61180.98533475399,0.049911691230058335
7847,-296.55,72021.30753147602,0.049911691230058335
7848,-283.65,137659.57110345364,0.049911691230058335
7849,-279.45000000000005,85736.11943048239,0.049911691230058335
7850,-331.0,110536.91535817087,0.049911691230058335
7851,-334.15000000000003,160242.03980721533,0.049911691230058335
7852,-338.35,330908.21478652954,0.049911691230058335
7853,-403.1,49568.30522310734,0.049911691230058335
7854,-406.35,61097.07923901081,0.049911691230058335
7855,-466.1,145956.47059118748,0.049911691230058335
7856,-527.85,35147.21943765879,0.049911691230058335
7857,-532.1,81153.81797385216,0.049911691230058335
7858,-536.35,59876.095873863436,0.049911691230058335
7859,-539.6,51564.29277206957,0.049911691230058335
7860,-541.85,56750.266663730145,0.049911691230058335
7861,-545.1,32651.375904619694,0.049911691230058335
7862,-548.35,39214.45189425722,0.049911691230058335
7863,-551.6,99429.03837573901,0.049911691230058335
7864,-544.9000000000001,112744.09508562088,0.049911691230058335
7865,-547.95,44998.73176383972,0.049911691230058335
7866,-551.0,78483.79364955425,0.049911691230058335
7867,-555.1,99674.18918544054,0.049911691230058335
7868,-603.75,73878.08826351166,0.049911691230058335
7869,-607.9,148830.64753723145,0.049911691230058335
7870,-663.75,91746.58183979988,0.049911691230058335
7871,-667.85,65740.74949252605,0.049911691230058335
7872,-669.95,148550.0213176161,0.049911691230058335
7873,-643.5,31121.90844464302,0.049911691230058335
7874,-567.0500000000001,212166.74661660194,0.049911691230058335
7875,-569.65,34703.783876895905,0.049911691230058335
7876,-573.45,72189.42238712311,0.049911691230058335
7877,-576.3000000000001,30618.717901945114,0.049911691230058335
7878,-639.9,71618.26046384871,0.049911691230058335
7879,-643.1,39665.65856317058,0.049911691230058335
7880,-653.9,64176.139489058405,0.049911691230058335
7881,-357.65000000000003,276585.0837069154,0.049911691230058335
7882,-362.25,22080.245156764984,0.049911691230058335
7883,-366.90000000000003,43436.90030634403,0.049911691230058335
7884,-372.6,82634.05990791321,0.049911691230058335
7885,-377.40000000000003,51388.11092936993,0.049911691230058335
7886,-378.15000000000003,30552.850908994675,0.049911691230058335
7887,-382.70000000000005,44825.00760066509,0.049911691230058335
7888,-355.5,56499.20676924288,0.049911691230058335
7889,-343.35,106802.33196106926,0.049911691230058335
7890,-278.5,103532.1239285469,0.049911691230058335
7891,-284.6,51652.67502337694,0.049911691230058335
7892,-293.85,64711.319172143936,0.049911691230058335
7893,-297.0,93135.65284878016,0.049911691230058335
7894,-300.15,81547.65724408627,0.049911691230058335
7895,-357.25,90108.51123266295,0.049911691230058335
7896,-386.35,205130.72836476564,0.049911691230058335
7897,-378.5,63288.364251852036,0.049911691230058335
7898,-392.40000000000003,110713.06230592728,0.049911691230058335
7899,-396.5,120013.88013154268,0.049911691230058335
7900,-400.65000000000003,49219.227965414524,0.049911691230058335
7901,-447.70000000000005,170928.21977722645,0.049911691230058335
7902,-451.85,61527.86199808121,0.049911691230058335
7903,-455.0,86850.76188230515,0.049911691230058335
7904,-498.35,24008.474622011185,0.049911691230058335
7905,-561.15,43161.140570655465,0.049911691230058335
7906,-563.35,188391.3029282093,0.049911691230058335
7907,-566.5500000000001,158617.0652612783,0.049911691230058335
7908,-569.75,32523.680066227913,0.049911691230058335
7909,-572.95,52795.14291632548,0.049911691230058335
7910,-594.0,69554.25247502327,0.049911691230058335
7911,-559.1,44711.46579140425,0.049911691230058335
7912,-548.6500000000001,228069.35507181287,0.049911691230058335
7913,-521.45,40438.80926014483,0.049911691230058335
7914,-492.45000000000005,40520.810838148,0.049911691230058335
7915,-462.8,248490.958501935,0.049911691230058335
7916,-467.90000000000003,65051.2688998878,0.049911691230058335
7917,-471.0,55516.67072266713,0.049911691230058335
7918,-437.05,144102.63276828825,0.049911691230058335
7919,-440.95000000000005,63364.09808820486,0.049911691230058335
7920,-439.25,46494.1351017952,0.049911691230058335
7921,-489.20000000000005,52992.67390207946,0.049911691230058335
7922,-535.75,47251.52530747652,0.049911691230058335
7923,-538.9000000000001,122629.44658981264,0.049911691230058335
7924,-542.05,218344.20815765858,0.049911691230058335
7925,-586.85,79885.52766489983,0.049911691230058335
7926,-405.75,296005.43488158286,0.049911691230058335
7927,-392.25,24492.57757282257,0.049911691230058335
7928,-387.65000000000003,69137.00584501028,0.049911691230058335
7929,-385.15000000000003,97257.45858231187,0.049911691230058335
7930,-445.20000000000005,122002.31291714683,0.049911691230058335
7931,-448.20000000000005,155556.37652117014,0.049911691230058335
7932,-492.70000000000005,36276.85870265961,0.049911691230058335
7933,-495.90000000000003,83664.55272820592,0.049911691230058335
7934,-499.1,215606.98021113873,0.049911691230058335
7935,-449.95000000000005,131754.32676941156,0.049911691230058335
7936,-438.05,70119.41379725933,0.049911691230058335
7937,-427.20000000000005,77909.91268521547,0.049911691230058335
7938,-283.65,145440.24495596066,0.049911691230058335
7939,-292.95000000000005,262114.65609550476,0.049911691230058335
7940,-297.05,78256.87383263558,0.049911691230058335
7941,-298.75,49391.80906113982,0.049911691230058335
7942,-338.7,183748.4998472929,0.049911691230058335
7943,-396.5,64919.774458780885,0.049911691230058335
7944,-456.35,77236.0020532608,0.049911691230058335
7945,-459.5,97082.82992984354,0.049911691230058335
7946,-519.35,204307.71435117722,0.049911691230058335
7947,-522.5,50643.64376449585,0.049911691230058335
7948,-525.6500000000001,60191.817951738834,0.049911691230058335
7949,-586.5,73000.73605513573,0.049911691230058335
7950,-589.65,34603.87851834297,0.049911691230058335
7951,-575.75,113367.33814132214,0.049911691230058335
7952,-562.9,197659.35955277085,0.049911691230058335
7953,-550.0,184697.39214801788,0.049911691230058335
7954,-522.1500000000001,48584.70205581188,0.049911691230058335
7955,-494.6,40196.31784072518,0.049911691230058335
7956,-483.6,30199.049306038767,0.049911691230058335
7957,-487.40000000000003,236670.748524189,0.049911691230058335
7958,-493.35,107856.29209661484,0.049911691230058335
7959,-524.45,91018.28258609772,0.049911691230058335
7960,-522.5,47428.74788546562,0.049911691230058335
7961,-525.6,57958.7761089243,0.049911691230058335
7962,-513.1,48649.565745174885,0.049911691230058335
7963,-488.8,52067.30538523197,0.049911691230058335
7964,-477.90000000000003,110773.1349748373,0.049911691230058335
7965,-466.0,141179.63410043716,0.049911691230058335
7966,-376.40000000000003,74069.95174026489,0.049911691230058335
7967,-378.90000000000003,106936.32209651172,0.049911691230058335
7968,-368.05,55566.42170739174,0.049911691230058335
7969,-353.25,33376.999549388885,0.049911691230058335
7970,-339.65000000000003,44755.91563183069,0.049911691230058335
7971,-341.95,75223.38967501,0.049911691230058335
7972,-347.1,136643.67592681944,0.049911691230058335
7973,-350.25,66820.98709179461,0.049911691230058335
7974,-395.15000000000003,41239.21052467823,0.049911691230058335
7975,-457.85,65577.66705938056,0.049911691230058335
7976,-445.1,66412.13176488876,0.049911691230058335
7977,-432.70000000000005,221409.17297017574,0.049911691230058335
7978,-419.65000000000003,40945.46351647377,0.049911691230058335
7979,-407.55,64074.86342269182,0.049911691230058335
7980,-396.5,70695.32638287544,0.049911691230058335
7981,-249.55,120384.09377730265,0.049911691230058335
7982,-249.10000000000002,179619.2190065682,0.049911691230058335
7983,-280.70000000000005,197121.63135242462,0.049911691230058335
7984,-281.1,35171.79983919859,0.049911691230058335
7985,-330.25,82967.85832381621,0.049911691230058335
7986,-371.70000000000005,97290.92617607117,0.049911691230058335
7987,-312.3,65156.75588846207,0.049911691230058335
7988,-345.2,51326.40052878857,0.049911691230058335
7989,-405.90000000000003,64913.161291360855,0.049911691230058335
7990,-408.55,76891.73992452025,0.049911691230058335
7991,-410.45000000000005,46882.41059793532,0.049911691230058335
7992,-421.5,158313.46325741708,0.049911691230058335
7993,-306.2,84061.60140037537,0.049911691230058335
7994,-307.6,75878.6689479351,0.049911691230058335
7995,-307.55,85142.46836674586,0.049911691230058335
7996,-301.75,111197.26460754871,0.049911691230058335
7997,-305.05,145383.36153674126,0.049911691230058335
7998,-308.35,74852.79071235657,0.049911691230058335
7999,-363.65000000000003,49616.25502359867,0.049911691230058335
8000,-416.85,151618.79422211647,0.049911691230058335
8001,-420.0,107890.0541741848,0.049911691230058335
8002,-423.15000000000003,52912.81643104553,0.049911691230058335
8003,-426.3,54350.533666566014,0.049911691230058335
8004,-429.45000000000005,102672.7684135437,0.049911691230058335
8005,-489.3,149561.28252768517,0.049911691230058335
8006,-492.45000000000005,70180.32763160765,0.049911691230058335
8007,-495.6,64704.54315024614,0.049911691230058335
8008,-532.45,39472.873052060604,0.049911691230058335
8009,-596.3000000000001,180559.8095855713,0.049911691230058335
8010,-505.25,34532.26854991913,0.049911691230058335
8011,-541.3,107004.7997083664,0.049911691230058335
8012,-544.4000000000001,170281.07102751732,0.049911691230058335
8013,-603.3000000000001,107919.34437914193,0.049911691230058335
8014,-606.4,211265.74110102654,0.049911691230058335
8015,-665.3000000000001,45258.07599902153,0.049911691230058335
8016,-668.4000000000001,47402.86063391343,0.049911691230058335
8017,-671.5,76617.2589559555,0.049911691230058335
8018,-541.0,336154.4634500146,0.049911691230058335
8019,-365.35,37275.18907678127,0.049911691230058335
8020,-359.85,43776.89643207565,0.049911691230058335
8021,-347.95,65213.90275913477,0.049911691230058335
8022,-348.95,53865.08742334321,0.049911691230058335
8023,-351.95,79847.06296849251,0.049911691230058335
8024,-353.1,103731.7229534993,0.049911691230058335
8025,-331.05,219364.82166576385,0.049911691230058335
8026,-212.10000000000002,91691.59236168861,0.049911691230058335
8027,-103.4,80169.96872502565,0.049911691230058335
8028,-93.75,69182.00923156738,0.049911691230058335
8029,-128.95,74595.72239995003,0.049911691230058335
8030,-134.3,39211.96529865265,0.049911691230058335
8031,-135.45,50287.6506521292,0.049911691230058335
8032,-148.9,224048.03184992447,0.049911691230058335
8033,-152.5,154487.9181060791,0.049911691230058335
8034,-200.4,32974.04547917843,0.049911691230058335
8035,-203.35000000000002,42403.127705812454,0.049911691230058335
8036,-201.60000000000002,110698.11317099631,0.049911691230058335
8037,-225.25,144944.5922574997,0.049911691230058335
8038,-245.10000000000002,87763.2643623352,0.049911691230058335
8039,-300.3,111737.2621679306,0.049911691230058335
8040,-304.40000000000003,130290.3319581747,0.049911691230058335
8041,-307.5,32002.94227218628,0.049911691230058335
8042,-308.05,65132.42379650846,0.049911691230058335
8043,-308.5,42690.457006994635,0.049911691230058335
8044,-312.5,145590.5807660818,0.049911691230058335
8045,-374.0,87042.4342622757,0.049911691230058335
8046,-433.85,142490.48456812277,0.049911691230058335
8047,-495.0,43650.013050466776,0.049911691230058335
8048,-498.20000000000005,150382.52095413208,0.049911691230058335
8049,-501.40000000000003,257295.54327446222,0.049911691230058335
8050,-504.6,213200.15670997277,0.049911691230058335
8051,-507.8,55769.748096853495,0.049911691230058335
8052,-528.3,72308.61487745494,0.049911691230058335
8053,-518.3,110525.94153150916,0.049911691230058335
8054,-508.6,91087.88153618574,0.049911691230058335
8055,-547.85,56877.57380539179,0.049911691230058335
8056,-551.1,88227.29114919901,0.049911691230058335
8057,-554.35,91089.93348152936,0.049911691230058335
8058,-549.1,104663.03450202942,0.049911691230058335
8059,-539.4000000000001,71009.38175606728,0.049911691230058335
8060,-543.6,158419.08178908005,0.049911691230058335
8061,-544.9000000000001,33341.42806753889,0.049911691230058335
8062,-510.6,58426.113430608064,0.049911691230058335
8063,-490.6,54174.82170546055,0.049911691230058335
8064,-471.05,215660.1853147894,0.049911691230058335
8065,-453.65000000000003,83636.33623794094,0.049911691230058335
8066,-426.15000000000003,303098.02745115757,0.049911691230058335
8067,-356.65000000000003,57217.964213848114,0.049911691230058335
8068,-344.6,140421.00424414873,0.049911691230058335
8069,-334.8,115457.51333522797,0.049911691230058335
8070,-255.60000000000002,42630.473385214806,0.049911691230058335
8071,-252.75,129673.33313429356,0.049911691230058335
8072,-250.20000000000002,246262.8098540306,0.049911691230058335
8073,-279.9,62454.27726316452,0.049911691230058335
8074,-272.3,76994.45150828362,0.049911691230058335
8075,-270.1,193954.17687368393,0.049911691230058335
8076,-272.55,29880.18052924052,0.049911691230058335
8077,-276.45000000000005,29786.42754739616,0.049911691230058335
8078,-279.35,93180.21299815178,0.049911691230058335
8079,-306.75,254105.73939801753,0.049911691230058335
8080,-364.6,101587.0528318882,0.049911691230058335
8081,-369.70000000000005,104213.62966896594,0.049911691230058335
8082,-372.8,59902.64000868797,0.049911691230058335
8083,-422.6,195859.4828260541,0.049911691230058335
8084,-425.65000000000003,116968.7104332447,0.049911691230058335
8085,-428.70000000000005,90986.65590190887,0.049911691230058335
8086,-431.75,73834.18562942743,0.049911691230058335
8087,-489.70000000000005,179456.8406484872,0.049911691230058335
8088,-492.75,144609.83309575915,0.049911691230058335
8089,-495.8,67118.71708226204,0.049911691230058335
8090,-498.85,283662.4349927902,0.049911691230058335
8091,-501.90000000000003,49132.74833917618,0.049911691230058335
8092,-504.95000000000005,25110.438382163644,0.049911691230058335
8093,-508.0,37598.67404013872,0.049911691230058335
8094,-511.05,74138.94719004631,0.049911691230058335
8095,-569.0,162909.28051537275,0.049911691230058335
8096,-518.6,84236.04868747294,0.049911691230058335
8097,-513.95,42200.5317706801,0.049911691230058335
8098,-518.95,90443.83748648316,0.049911691230058335
8099,-525.1,35616.938287734985,0.049911691230058335
8100,-529.25,159046.8348017931,0.049911691230058335
8101,-532.4000000000001,87672.3308071047,0.049911691230058335
8102,-458.25,49371.63895893097,0.049911691230058335
8103,-179.1,121010.79351848364,0.049911691230058335
8104,-180.85,89783.8061106205,0.049911691230058335
8105,-185.1,57972.74568345398,0.049911691230058335
8106,-188.35,152852.47381782532,0.049911691230058335
8107,-191.70000000000002,414037.5507363081,0.049911691230058335
8108,-195.75,199093.00212144852,0.049911691230058335
8109,-221.0,60154.9337631613,0.049911691230058335
8110,-225.0,98111.16092011705,0.049911691230058335
8111,-229.05,50376.72868783772,0.049911691230058335
8112,-232.10000000000002,128131.82497918606,0.049911691230058335
8113,-235.15,36661.62001884356,0.049911691230058335
8114,-232.70000000000002,176772.75810665265,0.049911691230058335
8115,-220.95000000000002,175697.4517531395,0.049911691230058335
8116,-218.4,93473.90112495795,0.049911691230058335
8117,-215.85000000000002,61594.536187171936,0.049911691230058335
8118,-177.8,65379.6397190094,0.049911691230058335
8119,-225.70000000000002,351893.0099788457,0.049911691230058335
8120,-217.9,20409.976281166077,0.049911691230058335
8121,-205.05,79236.88985019922,0.049911691230058335
8122,-207.95000000000002,39839.264281868935,0.049911691230058335
8123,-211.9,82597.20919187367,0.049911691230058335
8124,-242.15,86166.0555626154,0.049911691230058335
8125,-245.05,33963.478145733476,0.049911691230058335
8126,-294.75,101066.67862391472,0.049911691230058335
8127,-297.75,19111.570081055164,0.049911691230058335
8128,-301.8,67871.85390809551,0.049911691230058335
8129,-304.85,55789.52501272131,0.049911691230058335
8130,-307.90000000000003,67863.14354560152,0.049911691230058335
8131,-312.0,226457.6860086918,0.049911691230058335
8132,-375.90000000000003,57315.54883509874,0.049911691230058335
8133,-377.65000000000003,98951.91530811787,0.049911691230058335
8134,-381.8,75670.3209041357,0.049911691230058335
8135,-384.95000000000005,184566.0782995224,0.049911691230058335
8136,-404.05,150818.23933042586,0.049911691230058335
8137,-393.75,30443.424980044365,0.049911691230058335
8138,-396.90000000000003,29530.700120925903,0.049911691230058335
8139,-400.05,51731.06527686119,0.049911691230058335
8140,-404.25,262437.0547681004,0.049911691230058335
8141,-408.5,55477.357422187924,0.049911691230058335
8142,-470.25,70708.38055020943,0.049911691230058335
8143,-473.5,16226.555788755417,0.049911691230058335
8144,-476.75,155087.12202215195,0.049911691230058335
8145,-480.0,168772.4962863922,0.049911691230058335
8146,-483.25,32671.03762435913,0.049911691230058335
8147,-545.0,134947.15409113467,0.049911691230058335
8148,-606.75,78007.90449845791,0.049911691230058335
8149,-610.0,87513.3866546154,0.049911691230058335
8150,-671.75,42856.82414007187,0.049911691230058335
8151,-662.0500000000001,40882.813870444894,0.049911691230058335
8152,-698.3000000000001,57131.84975466132,0.049911691230058335
8153,-724.3000000000001,268735.76731431484,0.049911691230058335
8154,-711.4000000000001,45798.8722755909,0.049911691230058335
8155,-698.5500000000001,51790.11273916066,0.049911691230058335
8156,-449.45000000000005,32507.218327999115,0.049911691230058335
8157,-285.6,237549.47570073605,0.049911691230058335
8158,-189.70000000000002,39620.533388376236,0.049911691230058335
8159,-189.70000000000002,110362.0802822113,0.049911691230058335
8160,-190.75,45533.06130504608,0.049911691230058335
8161,-177.9,177889.71252545714,0.049911691230058335
8162,-177.1,73516.2082362771,0.049911691230058335
8163,-179.05,39679.72104731202,0.049911691230058335
8164,-180.65,69660.72793491185,0.049911691230058335
8165,-181.15,75828.61941316724,0.049911691230058335
8166,-183.75,72864.76144146919,0.049911691230058335
8167,-189.70000000000002,91464.73881627619,0.049911691230058335
8168,-192.5,118488.78716683388,0.049911691230058335
8169,-189.65,49131.676466140896,0.049911691230058335
8170,-181.8,376842.15179777145,0.049911691230058335
8171,-184.20000000000002,52793.803411245346,0.049911691230058335
8172,-183.5,53312.41649473086,0.049911691230058335
8173,-187.20000000000002,27858.630600452423,0.049911691230058335
8174,-193.05,48616.33570148051,0.049911691230058335
8175,-196.9,98244.34387880936,0.049911691230058335
8176,-201.9,111913.59423020482,0.049911691230058335
8177,-205.95000000000002,16939.658174283803,0.049911691230058335
8178,-205.70000000000002,48325.35729491711,0.049911691230058335
8179,-207.45000000000002,67875.91430997849,0.049911691230058335
8180,-195.15,37614.23609662056,0.049911691230058335
8181,-195.75,49797.18662267923,0.049911691230058335
8182,-198.65,83115.43220025301,0.049911691230058335
8183,-195.10000000000002,81221.47707897425,0.049911691230058335
8184,-232.85000000000002,55232.410590171814,0.049911691230058335
8185,-235.9,119228.63031679392,0.049911691230058335
8186,-231.70000000000002,30614.80877661705,0.049911691230058335
8187,-234.70000000000002,46535.33641061559,0.049911691230058335
8188,-290.15,47394.57215118408,0.049911691230058335
8189,-292.0,116459.55912590027,0.049911691230058335
8190,-295.95000000000005,54148.68613028526,0.049911691230058335
8191,-297.95000000000005,135916.2324615121,0.049911691230058335
8192,-301.1,56972.73195648193,0.049911691230058335
8193,-304.25,59152.679319143295,0.049911691230058335
8194,-306.40000000000003,79191.66169923544,0.049911691230058335
8195,-312.6,107303.47841191292,0.049911691230058335
8196,-315.8,38247.97623205185,0.049911691230058335
8197,-318.0,83266.22494226694,0.049911691230058335
8198,-320.2,87835.02513337135,0.049911691230058335
8199,-323.40000000000003,43953.32391256094,0.049911691230058335
8200,-352.8,62509.50490939617,0.049911691230058335
8201,-340.3,39752.04505467415,0.049911691230058335
8202,-347.75,247179.7177889496,0.049911691230058335
8203,-382.90000000000003,94226.75020590425,0.049911691230058335
8204,-386.15000000000003,94358.73389019072,0.049911691230058335
8205,-419.45000000000005,57269.42270565033,0.049911691230058335
8206,-422.65000000000003,55115.81429798901,0.049911691230058335
8207,-425.85,160815.56525301933,0.049911691230058335
8208,-429.05,48509.664826869965,0.049911691230058335
8209,-432.25,91724.02915484086,0.049911691230058335
8210,-493.05,69052.65277671814,0.049911691230058335
8211,-496.25,107477.44867992401,0.049911691230058335
8212,-499.45000000000005,87268.53966335952,0.049911691230058335
8213,-560.25,31048.398891329765,0.049911691230058335
8214,-626.0500000000001,201795.70696806908,0.049911691230058335
8215,-629.25,31913.86878722906,0.049911691230058335
8216,-631.45,63327.28817996755,0.049911691230058335
8217,-688.25,47086.14555644989,0.049911691230058335
8218,-691.45,57808.739167392254,0.049911691230058335
8219,-577.1,58387.12817251682,0.049911691230058335
8220,-579.8000000000001,139935.09384806454,0.049911691230058335
8221,-582.5,37122.53478038311,0.049911691230058335
8222,-585.2,60480.250885397196,0.049911691230058335
8223,-588.95,31708.41883111,0.049911691230058335
8224,-591.7,77515.60962748528,0.049911691230058335
8225,-654.5,63247.765914440155,0.049911691230058335
8226,-657.65,201412.70487743616,0.049911691230058335
8227,-644.75,208003.63980436325,0.049911691230058335
8228,-615.95,612742.9478797913,0.049911691230058335
8229,-471.75,128093.57944107056,0.049911691230058335
8230,-474.8,38709.35565114021,0.049911691230058335
8231,-243.65,58080.763414382935,0.049911691230058335
8232,-261.5,72713.01029706001,0.049911691230058335
8233,-265.0,63132.226600691676,0.049911691230058335
8234,-268.75,102535.9883223623,0.049911691230058335
8235,-227.9,105299.11280441284,0.049911691230058335
8236,-229.4,27928.522497177124,0.049911691230058335
8237,-230.9,76498.06987947598,0.049911691230058335
8238,-230.9,51306.06004744768,0.049911691230058335
8239,-232.9,209983.8145364225,0.049911691230058335
8240,-250.85000000000002,83492.56491160393,0.049911691230058335
8241,-254.65,208005.29092359543,0.049911691230058335
8242,-302.20000000000005,77050.65580713749,0.049911691230058335
8243,-305.35,102798.35351410508,0.049911691230058335
8244,-308.5,114222.77429008484,0.049911691230058335
8245,-219.15,77260.913022995,0.049911691230058335
8246,-222.15,192150.28038281202,0.049911691230058335
8247,-279.5,245498.1658101678,0.049911691230058335
8248,-283.70000000000005,61987.81915330887,0.049911691230058335
8249,-286.9,93763.4111006856,0.049911691230058335
8250,-290.1,43634.5596408844,0.049911691230058335
8251,-293.3,66975.30461215973,0.049911691230058335
8252,-297.5,26262.807608429343,0.049911691230058335
8253,-301.70000000000005,45142.66953969002,0.049911691230058335
8254,-302.05,135721.7581706196,0.049911691230058335
8255,-305.8,46036.6773699671,0.049911691230058335
8256,-310.0,69373.31076848507,0.049911691230058335
8257,-358.70000000000005,141644.24720460176,0.049911691230058335
8258,-361.85,74532.77767968178,0.049911691230058335
8259,-402.25,186549.8442465067,0.049911691230058335
8260,-406.3,67024.19423052669,0.049911691230058335
8261,-411.45000000000005,132238.27126407623,0.049911691230058335
8262,-475.3,65208.9297516346,0.049911691230058335
8263,-479.45000000000005,277703.7446656823,0.049911691230058335
8264,-482.6,93700.99010286108,0.049911691230058335
8265,-485.75,109576.44022589922,0.049911691230058335
8266,-541.6,112086.6792602539,0.049911691230058335
8267,-447.35,63328.32701456547,0.049911691230058335
8268,-440.5,107383.852658391,0.049911691230058335
8269,-432.95000000000005,84428.64904935658,0.049911691230058335
8270,-371.65000000000003,248216.97119784355,0.049911691230058335
8271,-267.95000000000005,104972.5922665596,0.049911691230058335
8272,-315.65000000000003,60459.955481112,0.049911691230058335
8273,-329.7,52723.08391267061,0.049911691230058335
8274,-329.90000000000003,250796.9549884796,0.049911691230058335
8275,-318.6,130445.9120144844,0.049911691230058335
8276,-320.90000000000003,44604.54426622391,0.049911691230058335
8277,-380.55,98904.12007927895,0.049911691230058335
8278,-383.70000000000005,35633.992522239685,0.049911691230058335
8279,-386.85,54212.05972404778,0.049911691230058335
8280,-265.4,50905.72851204872,0.049911691230058335
8281,-268.45000000000005,116881.22675010562,0.049911691230058335
8282,-269.9,42340.2507096827,0.049911691230058335
8283,-330.2,59424.552540659904,0.049911691230058335
8284,-334.5,78438.41916137934,0.049911691230058335
8285,-396.25,268250.85305452347,0.049911691230058335
8286,-458.90000000000003,164922.1988644749,0.049911691230058335
8287,-462.25,230706.37154507637,0.049911691230058335
8288,-456.45000000000005,61854.15214180946,0.049911691230058335
8289,-479.75,203096.30819034576,0.049911691230058335
8290,-483.05,96060.82329894602,0.049911691230058335
8291,-543.45,165797.17210638523,0.049911691230058335
8292,-487.0,59421.75507634878,0.049911691230058335
8293,-362.85,49444.256648723036,0.049911691230058335
8294,-368.0,129047.45854526758,0.049911691230058335
8295,-370.15000000000003,74582.02884864807,0.049911691230058335
8296,-375.40000000000003,58126.70194160938,0.049911691230058335
8297,-370.05,50414.034142017365,0.049911691230058335
8298,-373.25,96043.11492696404,0.049911691230058335
8299,-376.45000000000005,178927.06776463985,0.049911691230058335
8300,-380.70000000000005,124066.05753332376,0.049911691230058335
8301,-383.95000000000005,53254.99614688754,0.049911691230058335
8302,-387.20000000000005,42296.6202737093,0.049911691230058335
8303,-272.65,60290.3109960556,0.049911691230058335
8304,-324.95,76568.91978657246,0.049911691230058335
8305,-327.15000000000003,55027.754933834076,0.049911691230058335
8306,-330.35,80486.40614414215,0.049911691230058335
8307,-332.55,149856.63349188864,0.049911691230058335
8308,-335.75,282672.578733325,0.049911691230058335
8309,-338.95,146752.5471149087,0.049911691230058335
8310,-342.15000000000003,104657.41673600674,0.049911691230058335
8311,-345.35,123626.701225847,0.049911691230058335
8312,-348.55,156517.22150239348,0.049911691230058335
8313,-351.75,59931.61985206604,0.049911691230058335
8314,-354.95,94779.08645823598,0.049911691230058335
8315,-358.15000000000003,106768.29645679891,0.049911691230058335
8316,-361.35,272341.7673201561,0.049911691230058335
8317,-364.55,46607.95123839378,0.049911691230058335
8318,-367.75,108892.71205711365,0.049911691230058335
8319,-370.95000000000005,38159.9541823864,0.049911691230058335
8320,-374.15000000000003,141640.0826124251,0.049911691230058335
8321,-377.35,32251.244632989168,0.049911691230058335
8322,-380.55,87511.60861161724,0.049911691230058335
8323,-383.75,176922.5703742504,0.049911691230058335
8324,-386.95000000000005,134473.22205376625,0.049911691230058335
8325,-390.15000000000003,44711.28713130951,0.049911691230058335
8326,-393.35,92620.56158310175,0.049911691230058335
8327,-383.45000000000005,82106.76854324341,0.049911691230058335
8328,-386.6,20865.024938020855,0.049911691230058335
8329,-389.70000000000005,50414.198408305645,0.049911691230058335
8330,-383.45000000000005,75444.94397857785,0.049911691230058335
8331,-387.55,92114.925496459,0.049911691230058335
8332,-385.85,39639.02145576477,0.049911691230058335
8333,-376.5,166547.64685946703,0.049911691230058335
8334,-203.60000000000002,58661.98593997955,0.049911691230058335
8335,-203.3,80536.22211833298,0.049911691230058335
8336,-239.05,89461.23699313402,0.049911691230058335
8337,-235.85000000000002,47505.9554258883,0.049911691230058335
8338,-233.60000000000002,72430.63526648656,0.049911691230058335
8339,-255.5,107976.9117565155,0.049911691230058335
8340,-258.45000000000005,132352.8106285371,0.049911691230058335
8341,-263.55,107047.65626299381,0.049911691230058335
8342,-266.65,12910.187026768923,0.049911691230058335
8343,-269.75,27500.339414656162,0.049911691230058335
8344,-318.2,93128.33233594894,0.049911691230058335
8345,-353.15000000000003,67359.26393634081,0.049911691230058335
8346,-240.05,98774.02220892906,0.049911691230058335
8347,-268.65,164049.88444936275,0.049911691230058335
8348,-271.4,171549.87995506823,0.049911691230058335
8349,-333.25,46253.68799209595,0.049911691230058335
8350,-336.40000000000003,249614.30831700563,0.049911691230058335
8351,-395.90000000000003,84005.62464095652,0.049911691230058335
8352,-399.05,48107.71314752102,0.049911691230058335
8353,-402.20000000000005,80579.51030776277,0.049911691230058335
8354,-406.35,86463.31239271164,0.049911691230058335
8355,-409.5,138348.25743106008,0.049911691230058335
8356,-473.45000000000005,48354.61459079385,0.049911691230058335
8357,-530.25,46197.77540457621,0.049911691230058335
8358,-593.45,96289.93660521507,0.049911691230058335
8359,-595.7,48432.392053723335,0.049911691230058335
8360,-597.95,77411.6652560234,0.049911691230058335
8361,-601.2,69772.24035979807,0.049911691230058335
8362,-604.45,94161.73585891724,0.049911691230058335
8363,-651.45,83477.34101819992,0.049911691230058335
8364,-654.65,67929.44768071175,0.049911691230058335
8365,-657.85,32728.510937064886,0.049911691230058335
8366,-661.0500000000001,96426.14062008634,0.049911691230058335
8367,-513.55,84609.18709182739,0.049911691230058335
8368,-478.90000000000003,77656.56743341684,0.049911691230058335
8369,-460.55,263285.4786148071,0.049911691230058335
8370,-253.9,167057.77235531807,0.049911691230058335
8371,-242.85000000000002,46729.523201942444,0.049911691230058335
8372,-247.85000000000002,69905.30196881294,0.049911691230058335
8373,-223.9,17609.15382039547,0.049911691230058335
8374,-209.8,74787.25934624672,0.049911691230058335
8375,-181.1,202758.7165004164,0.049911691230058335
8376,-223.5,146964.9178891182,0.049911691230058335
8377,-265.95000000000005,139924.5029836297,0.049911691230058335
8378,-266.75,94608.58688616753,0.049911691230058335
8379,-267.9,301503.7540978193,0.049911691230058335
8380,-313.95,139354.4018905759,0.049911691230058335
8381,-318.90000000000003,70263.04374668375,0.049911691230058335
8382,-263.3,33497.99120044708,0.049911691230058335
8383,-274.3,105213.20280075073,0.049911691230058335
8384,-277.35,139107.709491387,0.049911691230058335
8385,-281.4,89903.7209200859,0.049911691230058335
8386,-285.45000000000005,233335.96462501585,0.049911691230058335
8387,-278.5,151067.3986530304,0.049911691230058335
8388,-305.75,72785.79166126251,0.049911691230058335
8389,-288.5,33057.19655275345,0.049911691230058335
8390,-279.6,29414.21854841709,0.049911691230058335
8391,-316.35,94696.99027991295,0.049911691230058335
8392,-319.45,241855.47083449364,0.049911691230058335
8393,-336.15000000000003,85474.9781409502,0.049911691230058335
8394,-340.2,48543.856729865074,0.049911691230058335
8395,-343.3,72181.20836076513,0.049911691230058335
8396,-346.40000000000003,192770.16482067108,0.049911691230058335
8397,-405.20000000000005,181037.84960961342,0.049911691230058335
8398,-466.0,40835.59010669589,0.049911691230058335
8399,-469.20000000000005,75712.16942751408,0.049911691230058335
8400,-529.0,67330.9862049818,0.049911691230058335
8401,-389.90000000000003,163404.99640870094,0.049911691230058335
8402,-296.7,91274.81288266182,0.049911691230058335
8403,-359.55,52686.681347608566,0.049911691230058335
8404,-362.70000000000005,38080.635224342346,0.049911691230058335
8405,-422.55,238626.2537970543,0.049911691230058335
8406,-485.65000000000003,30000.694532841444,0.049911691230058335
8407,-488.90000000000003,74870.07467794418,0.049911691230058335
8408,-492.15000000000003,100299.22344374657,0.049911691230058335
8409,-495.40000000000003,136350.5921138674,0.049911691230058335
8410,-557.1500000000001,181065.09521102905,0.049911691230058335
8411,-587.15,77532.56481422484,0.049911691230058335
8412,-277.8,41724.528989195824,0.049911691230058335
8413,-280.70000000000005,20358.64235791564,0.049911691230058335
8414,-283.6,102257.68727624416,0.049911691230058335
8415,-346.15000000000003,83773.67341446877,0.049911691230058335
8416,-407.70000000000005,52734.28664157167,0.049911691230058335
8417,-409.90000000000003,284011.89228463173,0.049911691230058335
8418,-447.15000000000003,126686.52531182766,0.049911691230058335
8419,-451.3,66162.252348423,0.049911691230058335
8420,-452.5,76532.954454422,0.049911691230058335
8421,-510.75,66539.88887882233,0.049911691230058335
8422,-513.95,75412.13468393683,0.049911691230058335
8423,-517.1500000000001,54389.530264377594,0.049911691230058335
8424,-520.35,34177.98686648905,0.049911691230058335
8425,-524.55,33145.528647363186,0.049911691230058335
8426,-528.75,81729.9563946724,0.049911691230058335
8427,-442.45000000000005,319204.1848913431,0.049911691230058335
8428,-449.45000000000005,114744.86187028885,0.049911691230058335
8429,-451.3,195559.3767029047,0.049911691230058335
8430,-454.20000000000005,36960.38694477081,0.049911691230058335
8431,-456.0,73080.09344446659,0.049911691230058335
8432,-503.95000000000005,106799.73608779907,0.049911691230058335
8433,-277.5,45067.85405488312,0.049911691230058335
8434,-271.6,81670.54998981953,0.049911691230058335
8435,-239.9,81500.2777889967,0.049911691230058335
8436,-214.9,88835.72394227982,0.049911691230058335
8437,-217.55,180493.44504356384,0.049911691230058335
8438,-255.20000000000002,51172.69999560714,0.049911691230058335
8439,-257.15,68228.6753576994,0.049911691230058335
8440,-257.0,85598.23342132568,0.049911691230058335
8441,-259.0,74527.91240120307,0.049911691230058335
8442,-260.0,12929.659003973007,0.049911691230058335
8443,-264.9,246591.87027658522,0.049911691230058335
8444,-265.95000000000005,88185.16692829132,0.049911691230058335
8445,-266.0,43534.720133423805,0.049911691230058335
8446,-267.15,36707.86479884386,0.049911691230058335
8447,-270.75,50143.84153991938,0.049911691230058335
8448,-272.25,27274.798341035843,0.049911691230058335
8449,-277.15,92323.8382957615,0.049911691230058335
8450,-329.35,203657.79304647446,0.049911691230058335
8451,-333.35,37767.82968771458,0.049911691230058335
8452,-337.40000000000003,32591.25051194802,0.049911691230058335
8453,-391.20000000000005,196105.50460731983,0.049911691230058335
8454,-340.40000000000003,75366.02774599195,0.049911691230058335
8455,-345.3,33166.08087038994,0.049911691230058335
8456,-331.8,56512.20199622214,0.049911691230058335
8457,-333.6,61156.151599407196,0.049911691230058335
8458,-336.0,32474.20904070139,0.049911691230058335
8459,-337.15000000000003,65155.29322235659,0.049911691230058335
8460,-341.15000000000003,127498.94738003612,0.049911691230058335
8461,-345.2,62619.87021225691,0.049911691230058335
8462,-401.65000000000003,235396.2230808735,0.049911691230058335
8463,-465.65000000000003,117085.95535373688,0.049911691230058335
8464,-469.8,44280.217942118645,0.049911691230058335
8465,-511.5,137627.69042491913,0.049911691230058335
8466,-515.6500000000001,269973.7658672333,0.049911691230058335
8467,-563.35,29580.57975256443,0.049911691230058335
8468,-567.5,36004.977078437805,0.049911691230058335
8469,-500.65000000000003,55952.82526350021,0.049911691230058335
8470,-331.7,100665.944909513,0.049911691230058335
8471,-334.0,78295.85885047913,0.049911691230058335
8472,-336.3,54513.84420967102,0.049911691230058335
8473,-393.70000000000005,109492.45672871172,0.049911691230058335
8474,-448.65000000000003,303853.1989440918,0.049911691230058335
8475,-205.9,88335.54431974888,0.049911691230058335
8476,-193.4,102029.2750967145,0.049911691230058335
8477,-171.35,45689.417687773705,0.049911691230058335
8478,-211.8,136237.5213484764,0.049911691230058335
8479,-214.70000000000002,13118.11412075162,0.049911691230058335
8480,-217.60000000000002,26675.657574772835,0.049911691230058335
8481,-220.5,56052.138427615166,0.049911691230058335
8482,-220.35000000000002,45942.426189661026,0.049911691230058335
8483,-256.65,294793.9400522709,0.049911691230058335
8484,-259.65,58975.94078403711,0.049911691230058335
8485,-303.6,84397.57157945633,0.049911691230058335
8486,-279.75,180574.5131828785,0.049911691230058335
8487,-341.95,53780.9925160408,0.049911691230058335
8488,-345.15000000000003,70366.88957452774,0.049911691230058335
8489,-348.35,61825.60831129551,0.049911691230058335
8490,-351.55,35916.08571562171,0.049911691230058335
8491,-354.75,66651.34814444557,0.049911691230058335
8492,-357.95000000000005,27773.735666275024,0.049911691230058335
8493,-361.15000000000003,53943.55420899391,0.049911691230058335
8494,-425.95000000000005,51848.42577892542,0.049911691230058335
8495,-428.15000000000003,59460.92346251011,0.049911691230058335
8496,-430.35,23178.76152062416,0.049911691230058335
8497,-432.55,46953.80243381858,0.049911691230058335
8498,-434.75,286915.4371404648,0.049911691230058335
8499,-437.95000000000005,45882.447229385376,0.049911691230058335
8500,-441.15000000000003,110258.09230613708,0.049911691230058335
8501,-508.95000000000005,48505.521323382854,0.049911691230058335
8502,-512.1500000000001,188607.74817623198,0.049911691230058335
8503,-505.55,45559.48382627964,0.049911691230058335
8504,-541.6,34913.76254917681,0.049911691230058335
8505,-544.75,107287.89118522406,0.049911691230058335
8506,-600.6,91822.83078503609,0.049911691230058335
8507,-603.75,264217.7516152859,0.049911691230058335
8508,-606.9,156703.3621635437,0.049911691230058335
8509,-610.0500000000001,58322.88170784712,0.049911691230058335
8510,-402.40000000000003,47706.147356033325,0.049911691230058335
8511,-399.45000000000005,47020.15330136567,0.049911691230058335
8512,-393.90000000000003,60318.10044384003,0.049911691230058335
8513,-400.6,88291.19923521578,0.049911691230058335
8514,-464.75,68910.22159838676,0.049911691230058335
8515,-467.90000000000003,227785.4673691988,0.049911691230058335
8516,-398.0,126795.53536319733,0.049911691230058335
8517,-385.6,69465.62487602234,0.049911691230058335
8518,-373.6,36023.13415040076,0.049911691230058335
8519,-185.75,156685.37772107124,0.049911691230058335
8520,-197.5,45387.56691791117,0.049911691230058335
8521,-233.15,70028.42850644886,0.049911691230058335
8522,-233.95000000000002,153525.9460220337,0.049911691230058335
8523,-237.70000000000002,207365.28762847558,0.049911691230058335
8524,-236.10000000000002,180654.87473769486,0.049911691230058335
8525,-226.10000000000002,52536.01095499098,0.049911691230058335
8526,-230.9,107886.97018146515,0.049911691230058335
8527,-233.3,181508.85071992874,0.049911691230058335
8528,-234.55,81358.1092915535,0.049911691230058335
8529,-236.85000000000002,45623.31941718608,0.049911691230058335
8530,-242.65,96351.3918466568,0.049911691230058335
8531,-289.3,87651.616746068,0.049911691230058335
8532,-190.3,95574.2611169815,0.049911691230058335
8533,-192.85000000000002,55673.43197045103,0.049911691230058335
8534,-196.15,38243.43666535616,0.049911691230058335
8535,-199.60000000000002,76236.08872842789,0.049911691230058335
8536,-202.15,71815.8213634491,0.049911691230058335
8537,-159.60000000000002,68732.10926127434,0.049911691230058335
8538,-198.5,39095.1854917407,0.049911691230058335
8539,-198.70000000000002,135679.96217644215,0.049911691230058335
8540,-235.70000000000002,65045.691440820694,0.049911691230058335
8541,-238.25,45136.758596241474,0.049911691230058335
8542,-241.85000000000002,261313.94808650017,0.049911691230058335
8543,-305.35,17227.676581569016,0.049911691230058335
8544,-307.35,73429.14969027042,0.049911691230058335
8545,-310.35,64073.20623633638,0.049911691230058335
8546,-312.35,169305.6155449301,0.049911691230058335
8547,-300.3,26297.436397135258,0.049911691230058335
8548,-297.9,70995.70917907357,0.049911691230058335
8549,-329.8,51468.79799973965,0.049911691230058335
8550,-376.35,199459.55526596308,0.049911691230058335
8551,-379.45000000000005,319652.54688967764,0.049911691230058335
8552,-437.35,38587.64377582073,0.049911691230058335
8553,-440.45000000000005,33549.705107688904,0.049911691230058335
8554,-443.55,43774.77724792063,0.049911691230058335
8555,-446.65000000000003,82526.96473539248,0.049911691230058335
8556,-449.75,21065.692273378372,0.049911691230058335
8557,-452.85,144491.6332334727,0.049911691230058335
8558,-512.75,269288.52042376995,0.049911691230058335
8559,-545.0,201298.16508865356,0.049911691230058335
8560,-548.1,34923.86086177826,0.049911691230058335
8561,-551.2,43418.811967134476,0.049911691230058335
8562,-417.40000000000003,82891.34805321693,0.049911691230058335
8563,-405.20000000000005,71120.22756918147,0.049911691230058335
8564,-393.6,125317.08914858103,0.049911691230058335
8565,-328.3,102159.55089351535,0.049911691230058335
8566,-331.85,125922.41420412064,0.049911691230058335
8567,-333.05,55985.85228782892,0.049911691230058335
8568,-324.40000000000003,36031.32948446274,0.049911691230058335
8569,-326.25,121630.80405950546,0.049911691230058335
8570,-332.3,64849.65740529075,0.049911691230058335
8571,-334.25,29840.582307875156,0.049911691230058335
8572,-190.45000000000002,96848.19943213463,0.049911691230058335
8573,-194.5,120590.98485922813,0.049911691230058335
8574,-198.85000000000002,102112.28016543388,0.049911691230058335
8575,-205.3,66186.75976029038,0.049911691230058335
8576,-208.15,43516.46894240752,0.049911691230058335
8577,-211.95000000000002,71819.32383169234,0.049911691230058335
8578,-222.20000000000002,87015.31143641472,0.049911691230058335
8579,-273.9,92018.92035102844,0.049911691230058335
8580,-319.65000000000003,129741.99571818113,0.049911691230058335
8581,-369.5,136091.2474102974,0.049911691230058335
8582,-348.0,185922.96931898594,0.049911691230058335
8583,-351.95000000000005,66605.98854207993,0.049911691230058335
8584,-355.95000000000005,54878.9983997345,0.049911691230058335
8585,-358.95000000000005,254736.5923293829,0.049911691230058335
8586,-361.95000000000005,104685.63773083687,0.049911691230058335
8587,-364.95000000000005,33184.772482573986,0.049911691230058335
8588,-367.95000000000005,17392.644477963448,0.049911691230058335
8589,-370.95000000000005,69770.66385221481,0.049911691230058335
8590,-375.0,93436.36954720691,0.049911691230058335
8591,-363.20000000000005,79960.80337667465,0.049911691230058335
8592,-347.15000000000003,142588.04919919372,0.049911691230058335
8593,-328.90000000000003,103161.76481819153,0.049911691230058335
8594,-313.3,95435.9256477356,0.049911691230058335
8595,-296.05,47266.26348129287,0.049911691230058335
8596,-280.25,71319.84002783895,0.049911691230058335
8597,-299.25,156272.58464717865,0.049911691230058335
8598,-347.40000000000003,69337.15769711137,0.049911691230058335
8599,-350.7,101697.8176584579,0.049911691230058335
8600,-393.85,98664.44302496687,0.049911691230058335
8601,-400.40000000000003,51766.59942102432,0.049911691230058335
8602,-404.70000000000005,94445.68149447441,0.049911691230058335
8603,-409.0,74282.56152534485,0.049911691230058335
8604,-413.3,353967.74458527565,0.049911691230058335
8605,-473.1,85180.37764388323,0.049911691230058335
8606,-534.8,35474.06056934595,0.049911691230058335
8607,-445.20000000000005,36655.07912480831,0.049911691230058335
8608,-389.65000000000003,113127.50338363647,0.049911691230058335
8609,-389.05,117948.83295536041,0.049911691230058335
8610,-392.35,404086.9276714325,0.049911691230058335
8611,-346.8,133932.4449315071,0.049911691230058335
8612,-336.2,74562.28334116936,0.049911691230058335
8613,-340.5,57265.75890207291,0.049911691230058335
8614,-395.1,47917.53996729851,0.049911691230058335
8615,-398.40000000000003,151741.6024851799,0.049911691230058335
8616,-401.70000000000005,100695.67419995368,0.049911691230058335
8617,-405.0,83788.75130903721,0.049911691230058335
8618,-467.70000000000005,81204.48525217175,0.049911691230058335
8619,-471.0,116883.97034078836,0.049911691230058335
8620,-474.3,87186.81453096867,0.049911691230058335
8621,-538.35,94968.34652876854,0.049911691230058335
8622,-604.0,201389.55856168643,0.049911691230058335
8623,-608.35,24790.393813610077,0.049911691230058335
8624,-612.7,201874.32553760707,0.049911691230058335
8625,-559.15,104181.79032707214,0.049911691230058335
8626,-544.1,44589.78730556741,0.049911691230058335
8627,-531.25,57890.817235946655,0.049911691230058335
8628,-490.1,48538.69003421068,0.049911691230058335
8629,-493.40000000000003,58995.955526947975,0.049911691230058335
8630,-496.70000000000005,200832.35667049885,0.049911691230058335
8631,-560.4000000000001,49579.122332811356,0.049911691230058335
8632,-607.0500000000001,72911.39250469208,0.049911691230058335
8633,-577.7,33826.68422052264,0.049911691230058335
8634,-549.25,141266.16880360246,0.049911691230058335
8635,-524.9000000000001,51261.481419950724,0.049911691230058335
8636,-502.70000000000005,52415.61914617196,0.049911691230058335
8637,-464.70000000000005,145719.1871367246,0.049911691230058335
8638,-250.8,118419.47979435697,0.049911691230058335
8639,-248.15,68491.02508020401,0.049911691230058335
8640,-243.35000000000002,34410.85481148958,0.049911691230058335
8641,-283.9,99776.71721929312,0.049911691230058335
8642,-323.25,159276.70635342598,0.049911691230058335
8643,-327.45,123155.53407127038,0.049911691230058335
8644,-330.65000000000003,108690.68635250628,0.049911691230058335
8645,-333.85,126783.68352603912,0.049911691230058335
8646,-306.7,54444.27016359568,0.049911691230058335
8647,-199.85000000000002,60377.2454366833,0.049911691230058335
8648,-199.5,45540.54356479645,0.049911691230058335
8649,-171.55,77283.70487976074,0.049911691230058335
8650,-172.0,157488.83132457733,0.049911691230058335
8651,-153.15,20759.639511261135,0.049911691230058335
8652,-155.85,33737.84024364129,0.049911691230058335
8653,-155.70000000000002,48060.130375266075,0.049911691230058335
8654,-158.85,54092.05549120903,0.049911691230058335
8655,-148.5,111870.00377990305,0.049911691230058335
8656,-150.35000000000002,126327.79951238632,0.049911691230058335
8657,-186.70000000000002,185921.378139019,0.049911691230058335
8658,-191.70000000000002,62173.04885697365,0.049911691230058335
8659,-195.70000000000002,108008.25244474411,0.049911691230058335
8660,-198.70000000000002,37289.640201345086,0.049911691230058335
8661,-202.70000000000002,43617.08206319809,0.049911691230058335
8662,-197.8,56411.62482225895,0.049911691230058335
8663,-245.35000000000002,32488.640462875366,0.049911691230058335
8664,-248.4,144596.90619513392,0.049911691230058335
8665,-296.75,81609.40010619164,0.049911691230058335
8666,-300.9,30795.040433883667,0.049911691230058335
8667,-362.45000000000005,31359.041391916573,0.049911691230058335
8668,-407.0,141593.51855472103,0.049911691230058335
8669,-373.35,33655.03237271309,0.049911691230058335
8670,-372.3,60618.98396426439,0.049911691230058335
8671,-413.35,301937.147603333,0.049911691230058335
8672,-416.55,261175.60823088884,0.049911691230058335
8673,-419.75,56103.52196252346,0.049911691230058335
8674,-422.95000000000005,48731.90893369913,0.049911691230058335
8675,-483.75,37790.689667999744,0.049911691230058335
8676,-489.65000000000003,23427.764602184296,0.049911691230058335
8677,-492.8,101237.85164308548,0.049911691230058335
8678,-495.95000000000005,101511.5480222702,0.049911691230058335
8679,-499.1,65757.10411024094,0.049911691230058335
8680,-502.25,30610.349008083344,0.049911691230058335
8681,-505.40000000000003,69188.92572063208,0.049911691230058335
8682,-562.85,141340.71188378334,0.049911691230058335
8683,-565.95,114329.06689929962,0.049911691230058335
8684,-628.15,56172.512392401695,0.049911691230058335
8685,-631.35,85036.0900413543,0.049911691230058335
8686,-634.5500000000001,35948.190196983516,0.049911691230058335
8687,-637.75,105547.7981839329,0.049911691230058335
8688,-640.95,58735.09240305424,0.049911691230058335
8689,-644.15,51785.187906086445,0.049911691230058335
8690,-704.95,45241.02842620015,0.049911691230058335
8691,-735.3000000000001,196772.34650421143,0.049911691230058335
8692,-723.3000000000001,112385.99374628067,0.049911691230058335
8693,-468.85,169766.6510374546,0.049911691230058335
8694,-456.85,71590.09227573872,0.049911691230058335
8695,-446.0,39402.72784399986,0.049911691230058335
8696,-434.6,62414.306889891624,0.049911691230058335
8697,-274.45000000000005,157172.1544933319,0.049911691230058335
8698,-279.55,35883.605343699455,0.049911691230058335
8699,-282.65,81551.54913705587,0.049911691230058335
8700,-285.75,130866.68781584874,0.049911691230058335
8701,-313.45,96981.64377975464,0.049911691230058335
8702,-315.6,154926.17775273323,0.049911691230058335
8703,-317.75,51744.926298856735,0.049911691230058335
8704,-318.90000000000003,70763.47596400976,0.049911691230058335
8705,-318.05,167663.32780385017,0.049911691230058335
8706,-367.8,153282.77530288696,0.049911691230058335
8707,-393.5,92868.97904586792,0.049911691230058335
8708,-390.35,64483.33913373947,0.049911691230058335
8709,-393.0,91154.5548825264,0.049911691230058335
8710,-432.1,45170.74474143982,0.049911691230058335
8711,-437.1,78250.62440180779,0.049911691230058335
8712,-440.1,54864.15572285652,0.049911691230058335
8713,-443.0,27488.900944247842,0.049911691230058335
8714,-447.05,180827.66459965706,0.049911691230058335
8715,-267.05,50276.09921956062,0.049911691230058335
8716,-270.4,62141.10800216347,0.049911691230058335
8717,-275.9,67993.3375864029,0.049911691230058335
8718,-302.2,51778.6836100854,0.049911691230058335
8719,-305.2,91193.15376186371,0.049911691230058335
8720,-329.8,82286.07955119014,0.049911691230058335
8721,-362.45000000000005,107534.59086632729,0.049911691230058335
8722,-406.85,56823.004697322845,0.049911691230058335
8723,-410.95000000000005,97560.03529697657,0.049911691230058335
8724,-414.05,260869.30215334892,0.049911691230058335
8725,-417.15000000000003,129343.73264607787,0.049911691230058335
8726,-420.25,127128.42205864191,0.049911691230058335
8727,-449.3,127435.79594266415,0.049911691230058335
8728,-508.20000000000005,19892.387159347534,0.049911691230058335
8729,-511.3,53086.26583647728,0.049911691230058335
8730,-514.4000000000001,38937.747089624405,0.049911691230058335
8731,-517.5,178784.27482151985,0.049911691230058335
8732,-576.4,51515.737512126565,0.049911691230058335
8733,-579.5,125368.40659788251,0.049911691230058335
8734,-582.6,62173.236432790756,0.049911691230058335
8735,-585.7,166584.0863968432,0.049911691230058335
8736,-588.8000000000001,57302.73247528076,0.049911691230058335
8737,-601.7,224630.98004688323,0.049911691230058335
8738,-578.15,47778.83835351467,0.049911691230058335
8739,-528.2,59721.29058807343,0.049911691230058335
8740,-501.15000000000003,83080.71053695679,0.049911691230058335
8741,-399.85,214226.38700008392,0.049911691230058335
8742,-401.5,134337.86947274208,0.049911691230058335
8743,-448.55,30008.445775631815,0.049911691230058335
8744,-485.75,38498.67843929306,0.049911691230058335
8745,-490.65000000000003,45243.90618829429,0.049911691230058335
8746,-495.65000000000003,85544.79665840045,0.049911691230058335
8747,-499.70000000000005,117742.79267150164,0.049911691230058335
8748,-530.6500000000001,173584.19128841534,0.049911691230058335
8749,-519.0,55427.69693258777,0.049911691230058335
8750,-521.95,77647.64077821374,0.049911691230058335
8751,-452.65000000000003,87659.52683404088,0.049911691230058335
8752,-259.9,80686.58731585741,0.049911691230058335
8753,-257.9,126699.0743878819,0.049911691230058335
8754,-243.55,290499.220344767,0.049911691230058335
8755,-195.8,37002.93139886856,0.049911691230058335
8756,-198.75,132569.76934623718,0.049911691230058335
8757,-200.70000000000002,52200.90312987566,0.049911691230058335
8758,-182.95000000000002,62414.17674565315,0.049911691230058335
8759,-183.75,53053.51917153597,0.049911691230058335
8760,-183.3,95450.84012535214,0.049911691230058335
8761,-187.15,96189.15551933646,0.049911691230058335
8762,-192.1,77903.26620525122,0.049911691230058335
8763,-194.05,282385.6901637316,0.049911691230058335
8764,-204.8,58473.83073210716,0.049911691230058335
8765,-206.15,37558.556047677994,0.049911691230058335
8766,-228.70000000000002,153176.55203157663,0.049911691230058335
8767,-232.45000000000002,150697.3870742321,0.049911691230058335
8768,-235.20000000000002,44917.23738102615,0.049911691230058335
8769,-236.10000000000002,274311.27176368237,0.049911691230058335
8770,-285.3,246813.588773489,0.049911691230058335
8771,-310.95,32745.51378583908,0.049911691230058335
8772,-314.45,29213.854647755623,0.049911691230058335
8773,-369.5,273694.27544015646,0.049911691230058335
8774,-372.40000000000003,65606.6308157444,0.049911691230058335
8775,-375.3,177067.65182253718,0.049911691230058335
8776,-430.40000000000003,43689.425491034985,0.049911691230058335
8777,-433.3,76014.7051563263,0.049911691230058335
8778,-436.20000000000005,39118.76240503788,0.049911691230058335
8779,-439.1,25894.059965610504,0.049911691230058335
8780,-483.0,64083.859912872314,0.049911691230058335
8781,-475.70000000000005,110188.23859405518,0.049911691230058335
8782,-462.90000000000003,40248.916024684906,0.049911691230058335
8783,-465.55,31092.220771491528,0.049911691230058335
8784,-468.20000000000005,72314.69728466868,0.049911691230058335
8785,-470.85,85616.052251786,0.049911691230058335
8786,-515.55,101772.67216998339,0.049911691230058335
8787,-428.05,62326.064583063126,0.049911691230058335
8788,-430.6,308187.89210498333,0.049911691230058335
8789,-397.8,92052.47713780403,0.049911691230058335
8790,-400.90000000000003,58403.37307262421,0.049911691230058335
8791,-404.0,41236.20991778374,0.049911691230058335
8792,-446.3,87052.31636929512,0.049911691230058335
8793,-449.45000000000005,51727.30881948769,0.049911691230058335
8794,-497.20000000000005,62522.98636779189,0.049911691230058335
8795,-537.95,129297.91437530518,0.049911691230058335
8796,-538.95,84275.82476843894,0.049911691230058335
8797,-541.95,59440.68499994278,0.049911691230058335
8798,-553.95,36545.9225333482,0.049911691230058335
8799,-541.2,98719.6319421567,0.049911691230058335
8800,-530.95,30779.43186569214,0.049911691230058335
8801,-516.75,87714.65905559063,0.049911691230058335
8802,-507.35,122380.71862530708,0.049911691230058335
8803,-380.15000000000003,109646.15694117546,0.049911691230058335
8804,-385.05,31748.3790473938,0.049911691230058335
8805,-433.75,92489.41296815872,0.049911691230058335
8806,-476.3,66849.58368623257,0.049911691230058335
8807,-480.40000000000003,127215.12978804111,0.049911691230058335
8808,-483.5,29202.217692553997,0.049911691230058335
8809,-486.6,128920.57280158997,0.049911691230058335
8810,-489.70000000000005,51142.70705986023,0.049911691230058335
8811,-492.8,78061.62196534872,0.049911691230058335
8812,-419.0,277438.1120429039,0.049911691230058335
8813,-434.35,52772.59998893738,0.049911691230058335
8814,-437.3,74937.81609904766,0.049911691230058335
8815,-441.3,194576.02181482315,0.049911691230058335
8816,-444.3,43323.11020255089,0.049911691230058335
8817,-447.3,154042.91143655777,0.049911691230058335
8818,-422.6,27685.092413902283,0.049911691230058335
8819,-425.40000000000003,87054.3335595727,0.049911691230058335
8820,-377.85,71281.96125906706,0.049911691230058335
8821,-382.20000000000005,68402.19924688339,0.049911691230058335
8822,-385.75,160251.25689315796,0.049911691230058335
8823,-388.25,81121.75222170353,0.049911691230058335
8824,-390.85,109481.18975496292,0.049911691230058335
8825,-353.0,71172.48922237754,0.049911691230058335
8826,-205.45000000000002,156793.7727174759,0.049911691230058335
8827,-210.20000000000002,23187.777131319046,0.049911691230058335
8828,-214.0,50999.02701771259,0.049911691230058335
8829,-218.70000000000002,45051.07641029358,0.049911691230058335
8830,-271.3,55632.511956870556,0.049911691230058335
8831,-266.85,55074.79343399778,0.049911691230058335
8832,-270.70000000000005,216759.63892149925,0.049911691230058335
8833,-274.6,131689.79282194376,0.049911691230058335
8834,-278.55,52734.4518327713,0.049911691230058335
8835,-325.65000000000003,99878.97475528717,0.049911691230058335
8836,-329.8,76066.46790099144,0.049911691230058335
8837,-390.65000000000003,78641.42843532562,0.049911691230058335
8838,-393.8,81312.72997426987,0.049911691230058335
8839,-429.90000000000003,41376.93004745245,0.049911691230058335
8840,-390.85,112482.47081947327,0.049911691230058335
8841,-384.70000000000005,102949.07272646204,0.049911691230058335
8842,-376.45000000000005,55778.3501008749,0.049911691230058335
8843,-372.45000000000005,158673.91570663452,0.049911691230058335
8844,-365.35,127297.72855329514,0.049911691230058335
8845,-370.15000000000003,52437.26826095581,0.049911691230058335
8846,-372.85,44127.309284090996,0.049911691230058335
8847,-376.65000000000003,71791.09259653091,0.049911691230058335
8848,-379.45000000000005,36997.80080474913,0.049911691230058335
8849,-373.40000000000003,35181.53934884071,0.049911691230058335
8850,-363.40000000000003,145939.60577338934,0.049911691230058335
8851,-392.55,86437.6105017662,0.049911691230058335
8852,-446.95000000000005,92248.93377792835,0.049911691230058335
8853,-504.95000000000005,38024.83073443174,0.049911691230058335
8854,-317.45,44101.39347042516,0.049911691230058335
8855,-361.45000000000005,25711.80301272869,0.049911691230058335
8856,-366.45000000000005,55342.46759927273,0.049911691230058335
8857,-366.95000000000005,33574.79274749756,0.049911691230058335
8858,-405.35,62838.96645832062,0.049911691230058335
8859,-412.25,139599.16515512764,0.049911691230058335
8860,-136.65,62193.82793426514,0.049911691230058335
8861,-200.15,25478.6736433506,0.049911691230058335
8862,-203.20000000000002,33039.57258626819,0.049911691230058335
8863,-206.25,151369.97297254205,0.049911691230058335
8864,-209.3,166594.97528100014,0.049911691230058335
8865,-213.55,84170.33276677132,0.049911691230058335
8866,-213.60000000000002,75092.63062078133,0.049911691230058335
8867,-198.45000000000002,267447.944914937,0.049911691230058335
8868,-198.85000000000002,48815.39138841629,0.049911691230058335
8869,-199.25,19605.249167058617,0.049911691230058335
8870,-200.75,53747.79530751705,0.049911691230058335
8871,-205.55,94612.22914791107,0.049911691230058335
8872,-209.4,89495.87197363377,0.049911691230058335
8873,-214.35000000000002,85177.83609008789,0.049911691230058335
8874,-218.35000000000002,161156.88721096516,0.049911691230058335
8875,-222.4,68852.87348282337,0.049911691230058335
8876,-225.10000000000002,75199.95918989182,0.049911691230058335
8877,-283.6,84588.35209947824,0.049911691230058335
8878,-286.70000000000005,50662.11906635761,0.049911691230058335
8879,-343.55,142751.73827511072,0.049911691230058335
8880,-385.20000000000005,133918.0472383499,0.049911691230058335
8881,-380.90000000000003,117742.4665427208,0.049911691230058335
8882,-387.70000000000005,70795.87125849724,0.049911691230058335
8883,-425.3,35246.984376609325,0.049911691230058335
8884,-428.35,89610.64997076988,0.049911691230058335
8885,-423.8,318276.1856006123,0.049911691230058335
8886,-462.1,117536.27764517069,0.049911691230058335
8887,-465.0,52970.21498298645,0.049911691230058335
8888,-468.95000000000005,59705.57240867615,0.049911691230058335
8889,-520.1500000000001,22929.641320735216,0.049911691230058335
8890,-575.2,42820.2941146791,0.049911691230058335
8891,-578.15,94749.37779957056,0.049911691230058335
8892,-458.05,234940.30313634872,0.049911691230058335
8893,-460.85,87156.32638025284,0.049911691230058335
8894,-464.70000000000005,42854.88847607374,0.049911691230058335
8895,-324.40000000000003,158686.29688167572,0.049911691230058335
8896,-326.6,64274.53608004749,0.049911691230058335
8897,-191.45000000000002,78990.84396862984,0.049911691230058335
8898,-194.35,98257.24791669846,0.049911691230058335
8899,-198.3,87527.48889815807,0.049911691230058335
8900,-228.5,146398.57164415717,0.049911691230058335
8901,-231.55,59532.073075056076,0.049911691230058335
8902,-234.60000000000002,95043.88273561001,0.049911691230058335
8903,-284.65,64377.17853144184,0.049911691230058335
8904,-346.2,42287.875336915255,0.049911691230058335
8905,-349.35,44200.222912967205,0.049911691230058335
8906,-352.5,252896.16773951426,0.049911691230058335
8907,-412.35,56581.79934169352,0.049911691230058335
8908,-415.5,35987.72404718399,0.049911691230058335
8909,-418.65000000000003,119347.42960309982,0.049911691230058335
8910,-421.8,57219.664432287216,0.049911691230058335
8911,-454.90000000000003,207705.28220193088,0.049911691230058335
8912,-514.75,78049.94959270954,0.049911691230058335
8913,-577.6,197794.12657046318,0.049911691230058335
8914,-617.85,194459.29026021063,0.049911691230058335
8915,-605.4,70327.13994985819,0.049911691230058335
8916,-608.5500000000001,138837.99285432696,0.049911691230058335
8917,-654.4,48105.43497169018,0.049911691230058335
8918,-511.40000000000003,216996.70874461904,0.049911691230058335
8919,-410.1,249934.10475966707,0.049911691230058335
8920,-392.45000000000005,32944.13337877765,0.049911691230058335
8921,-388.8,113648.84943187237,0.049911691230058335
8922,-388.6,188547.92999840155,0.049911691230058335
8923,-283.4,81509.38561296463,0.049911691230058335
8924,-240.05,31233.285557985306,0.049911691230058335
8925,-262.9,47193.28654670715,0.049911691230058335
8926,-266.0,77795.86393356323,0.049911691230058335
8927,-269.1,77777.1833495237,0.049911691230058335
8928,-273.25,34881.61701440811,0.049911691230058335
8929,-276.4,91251.82998561859,0.049911691230058335
8930,-279.55,109047.76440183818,0.049911691230058335
8931,-341.05,254480.78485119343,0.049911691230058335
8932,-401.85,89868.65702223778,0.049911691230058335
8933,-425.25,102206.58505505323,0.049911691230058335
8934,-438.05,62809.61386489868,0.049911691230058335
8935,-441.25,40737.53101605177,0.049911691230058335
8936,-444.45000000000005,134552.57698321342,0.049911691230058335
8937,-447.65000000000003,223861.38863658905,0.049911691230058335
8938,-456.35,35995.16207048297,0.049911691230058335
8939,-459.55,47381.65201854706,0.049911691230058335
8940,-462.75,140473.62528526783,0.049911691230058335
8941,-465.95000000000005,101411.09040750936,0.049911691230058335
8942,-526.2,36887.10346364975,0.049911691230058335
8943,-587.95,8944.151592344046,0.049911691230058335
8944,-591.2,42669.02495923638,0.049911691230058335
8945,-640.5,60638.647427544,0.049911691230058335
8946,-502.90000000000003,166790.75379931927,0.049911691230058335
8947,-363.15000000000003,343189.44069200754,0.049911691230058335
8948,-359.6,27183.614784240723,0.049911691230058335
8949,-353.95000000000005,101191.69754761457,0.049911691230058335
8950,-338.75,41891.1704325676,0.049911691230058335
8951,-341.7,122603.55757427216,0.049911691230058335
8952,-314.7,77272.7457715869,0.049911691230058335
8953,-317.55,69353.82055938244,0.049911691230058335
8954,-319.5,132190.76689201593,0.049911691230058335
8955,-324.45,49698.02065682411,0.049911691230058335
8956,-329.5,118849.02195549011,0.049911691230058335
8957,-334.65000000000003,40941.329495072365,0.049911691230058335
8958,-338.85,53745.70858645439,0.049911691230058335
8959,-368.35,66475.12941896915,0.049911691230058335
8960,-371.65000000000003,301429.10499715805,0.049911691230058335
8961,-187.9,150407.44262254238,0.049911691230058335
8962,-186.5,46730.01453024149,0.049911691230058335
8963,-187.35,84719.79576539993,0.049911691230058335
8964,-185.4,67582.08443069458,0.049911691230058335
8965,-191.35,54640.02307891846,0.049911691230058335
8966,-193.05,87703.83047389984,0.049911691230058335
8967,-184.4,46038.21489548683,0.049911691230058335
8968,-159.65,53864.76090043783,0.049911691230058335
8969,-163.35000000000002,44433.78322388232,0.049911691230058335
8970,-161.85000000000002,74967.38267046213,0.049911691230058335
8971,-162.15,103168.98417049646,0.049911691230058335
8972,-220.85000000000002,101407.37078481913,0.049911691230058335
8973,-259.1,308483.6764392853,0.049911691230058335
8974,-303.15,60716.46007925272,0.049911691230058335
8975,-363.95000000000005,48104.04362864792,0.049911691230058335
8976,-367.15000000000003,138783.25604057312,0.049911691230058335
8977,-367.25,88171.38788151741,0.049911691230058335
8978,-409.40000000000003,139862.27492451668,0.049911691230058335
8979,-413.65000000000003,72627.96736931801,0.049911691230058335
8980,-416.90000000000003,171498.7594832778,0.049911691230058335
8981,-420.15000000000003,89790.22908473015,0.049911691230058335
8982,-423.40000000000003,110393.88015556335,0.049911691230058335
8983,-426.65000000000003,71810.25592517853,0.049911691230058335
8984,-429.90000000000003,21206.91684424877,0.049911691230058335
8985,-491.65000000000003,149214.15877199173,0.049911691230058335
8986,-554.4000000000001,250262.0701918602,0.049911691230058335
8987,-541.75,50313.832648172975,0.049911691230058335
8988,-544.95,72239.29152321815,0.049911691230058335
8989,-605.75,137034.34915305674,0.049911691230058335
8990,-608.95,95339.00113606825,0.049911691230058335
8991,-612.15,14686.249423086643,0.049911691230058335
8992,-615.35,130483.5864251256,0.049911691230058335
8993,-618.5500000000001,53074.86123526096,0.049911691230058335
8994,-621.75,62355.56584429741,0.049911691230058335
8995,-624.95,208560.3277182579,0.049911691230058335
8996,-685.75,341101.9491760731,0.049911691230058335
8997,-684.35,75276.17758614197,0.049911691230058335
8998,-687.5,55446.61162519455,0.049911691230058335
8999,-690.6500000000001,22710.057042717934,0.049911691230058335
9000,-693.8000000000001,137667.09521508217,0.049911691230058335
9001,-696.95,43103.59259849787,0.049911691230058335
9002,-700.1,37907.74417747557,0.049911691230058335
9003,-703.25,66844.05846813321,0.049911691230058335
9004,-668.5500000000001,92574.04013448954,0.049911691230058335
9005,-551.6500000000001,59611.532732430845,0.049911691230058335
9006,-526.2,107187.772554636,0.049911691230058335
9007,-310.55,83461.54274773598,0.049911691230058335
9008,-283.45000000000005,89220.22756258026,0.049911691230058335
9009,-234.5,63535.2881732136,0.049911691230058335
9010,-234.70000000000002,67279.19069959223,0.049911691230058335
9011,-235.0,202608.00507426262,0.049911691230058335
9012,-233.60000000000002,103666.96954250336,0.049911691230058335
9013,-236.05,83259.69288346171,0.049911691230058335
9014,-237.35000000000002,110258.37917247787,0.049911691230058335
9015,-200.45000000000002,38086.252966646105,0.049911691230058335
9016,-206.45000000000002,34800.765639066696,0.049911691230058335
9017,-210.5,58214.69418217242,0.049911691230058335
9018,-236.8,84968.57315904275,0.049911691230058335
9019,-240.95000000000002,50190.451276123524,0.049911691230058335
9020,-242.4,33643.76038146019,0.049911691230058335
9021,-246.3,102615.91107654572,0.049911691230058335
9022,-248.15,53596.47008476034,0.049911691230058335
9023,-244.70000000000002,35963.62969708443,0.049911691230058335
9024,-248.8,54107.14240074158,0.049911691230058335
9025,-250.0,73180.81188239157,0.049911691230058335
9026,-252.35000000000002,72795.0263004303,0.049911691230058335
9027,-297.70000000000005,107354.57011926174,0.049911691230058335
9028,-292.3,40807.47204208374,0.049911691230058335
9029,-304.40000000000003,247014.98042201996,0.049911691230058335
9030,-359.70000000000005,234655.48134030402,0.049911691230058335
9031,-419.65000000000003,47037.9889344573,0.049911691230058335
9032,-422.85,44326.07996597886,0.049911691230058335
9033,-426.05,142622.6972746402,0.049911691230058335
9034,-429.25,21032.427721381187,0.049911691230058335
9035,-432.45000000000005,266844.312595129,0.049911691230058335
9036,-435.65000000000003,25575.205172035843,0.049911691230058335
9037,-438.85,21485.523276925087,0.049911691230058335
9038,-442.05,103062.74651145935,0.049911691230058335
9039,-445.25,92349.6040353775,0.049911691230058335
9040,-497.8,47142.81660050154,0.049911691230058335
9041,-501.0,94481.58849358559,0.049911691230058335
9042,-488.15000000000003,44600.97947859764,0.049911691230058335
9043,-487.85,89836.00299653411,0.049911691230058335
9044,-549.6,258211.78765410185,0.049911691230058335
9045,-611.35,87796.29863405228,0.049911691230058335
9046,-614.6,20854.744020283222,0.049911691230058335
9047,-617.85,87969.74803376198,0.049911691230058335
9048,-553.7,86568.07309889793,0.049911691230058335
9049,-557.95,58051.065602362156,0.049911691230058335
9050,-561.2,116741.97913992405,0.049911691230058335
9051,-622.95,53373.41218850389,0.049911691230058335
9052,-626.2,59042.40650367737,0.049911691230058335
9053,-516.6500000000001,40462.153070390224,0.049911691230058335
9054,-495.5,114971.5134020187,0.049911691230058335
9055,-499.20000000000005,91712.84252232686,0.049911691230058335
9056,-506.05,64661.478994403034,0.049911691230058335
9057,-512.0,140359.26909071207,0.049911691230058335
9058,-324.75,75094.88887810707,0.049911691230058335
9059,-326.3,50777.060668841004,0.049911691230058335
9060,-330.3,46079.39390420914,0.049911691230058335
9061,-335.40000000000003,36733.8675454855,0.049911691230058335
9062,-322.75,111616.80918461084,0.049911691230058335
9063,-223.65,62742.29031589627,0.049911691230058335
9064,-225.05,164052.5761909485,0.049911691230058335
9065,-229.05,110147.10966861248,0.049911691230058335
9066,-216.35000000000002,97566.88575595617,0.049911691230058335
9067,-218.0,109503.83109003305,0.049911691230058335
9068,-259.45000000000005,29169.481195688248,0.049911691230058335
9069,-262.65,58601.76956534386,0.049911691230058335
9070,-265.85,55575.93329489231,0.049911691230058335
9071,-269.05,305424.57341754436,0.049911691230058335
9072,-293.45000000000005,112779.62493163347,0.049911691230058335
9073,-318.6,46853.19975564256,0.049911691230058335
9074,-321.55,89074.88458460942,0.049911691230058335
9075,-305.8,66650.41255177557,0.049911691230058335
9076,-309.65000000000003,188144.9631229788,0.049911691230058335
9077,-313.55,146047.5187075138,0.049911691230058335
9078,-331.0,51776.928344249725,0.049911691230058335
9079,-353.5,76187.62383282557,0.049911691230058335
9080,-394.20000000000005,66131.4322937727,0.049911691230058335
9081,-375.5,53327.08094036579,0.049911691230058335
9082,-433.6,57770.78149008751,0.049911691230058335
9083,-437.75,17432.015471175313,0.049911691230058335
9084,-440.90000000000003,60456.54980355501,0.049911691230058335
9085,-444.05,45927.90889906883,0.049911691230058335
9086,-448.20000000000005,55940.04566574097,0.049911691230058335
9087,-427.70000000000005,43740.45391994715,0.049911691230058335
9088,-431.85,188981.17183339596,0.049911691230058335
9089,-489.70000000000005,230939.09230422974,0.049911691230058335
9090,-492.85,82942.49205589294,0.049911691230058335
9091,-555.7,77999.0463744402,0.049911691230058335
9092,-611.5500000000001,48191.1954882741,0.049911691230058335
9093,-614.7,87621.9021512419,0.049911691230058335
9094,-617.85,28180.993421554565,0.049911691230058335
9095,-478.8,55929.55098040402,0.049911691230058335
9096,-483.70000000000005,72699.93490850925,0.049911691230058335
9097,-546.4000000000001,62649.333101034164,0.049911691230058335
9098,-549.55,49558.90724809468,0.049911691230058335
9099,-552.7,51186.43340438604,0.049911691230058335
9100,-555.85,58439.70765376091,0.049911691230058335
9101,-559.0,27813.061199218035,0.049911691230058335
9102,-620.85,155133.56669885293,0.049911691230058335
9103,-631.9,253065.08719867468,0.049911691230058335
9104,-618.0500000000001,34399.56710577011,0.049911691230058335
9105,-589.6,24790.296466365457,0.049911691230058335
9106,-561.4,73999.37392234802,0.049911691230058335
9107,-549.2,97419.34693199396,0.049911691230058335
9108,-520.1500000000001,217407.44251775742,0.049911691230058335
9109,-496.0,155907.78598145023,0.049911691230058335
9110,-376.65000000000003,186702.08607456088,0.049911691230058335
9111,-379.70000000000005,62284.49451448023,0.049911691230058335
9112,-379.85,106299.67506873608,0.049911691230058335
9113,-381.25,49825.9679517746,0.049911691230058335
9114,-385.25,150295.1369332075,0.049911691230058335
9115,-372.85,136396.2145882994,0.049911691230058335
9116,-377.5,80761.16018475592,0.049911691230058335
9117,-381.55,254110.91952562332,0.049911691230058335
9118,-296.65,247566.10203689337,0.049911691230058335
9119,-351.5,88656.85945034027,0.049911691230058335
9120,-354.55,240189.7634525299,0.049911691230058335
9121,-357.6,82247.36334881186,0.049911691230058335
9122,-395.3,172337.7842347622,0.049911691230058335
9123,-442.70000000000005,22790.63774396479,0.049911691230058335
9124,-407.85,24535.191071510315,0.049911691230058335
9125,-410.90000000000003,35583.70526224375,0.049911691230058335
9126,-413.95000000000005,44868.69817376137,0.049911691230058335
9127,-253.4,189514.75453811884,0.049911691230058335
9128,-255.3,136557.77329540253,0.049911691230058335
9129,-202.05,200107.12608338892,0.049911691230058335
9130,-181.6,102160.74247336388,0.049911691230058335
9131,-184.6,91322.59282174706,0.049911691230058335
9132,-189.70000000000002,80061.91426897049,0.049911691230058335
9133,-192.8,176525.68921017647,0.049911691230058335
9134,-238.05,131950.0614835024,0.049911691230058335
9135,-249.35000000000002,56482.74522191286,0.049911691230058335
9136,-276.5,81655.01439124718,0.049911691230058335
9137,-270.25,58300.193362131715,0.049911691230058335
9138,-265.0,200577.0610460639,0.049911691230058335
9139,-314.7,79622.51521682739,0.049911691230058335
9140,-316.8,100196.13936899602,0.049911691230058335
9141,-320.95,40322.242117881775,0.049911691230058335
9142,-379.8,54211.27391445637,0.049911691230058335
9143,-382.95000000000005,73377.72882457078,0.049911691230058335
9144,-412.85,36084.02594405413,0.049911691230058335
9145,-415.95000000000005,72133.04269479588,0.049911691230058335
9146,-419.05,226370.2363963127,0.049911691230058335
9147,-422.15000000000003,197914.42827749252,0.049911691230058335
9148,-426.25,60239.79881286621,0.049911691230058335
9149,-429.35,73592.33488607407,0.049911691230058335
9150,-432.45000000000005,43397.88351094723,0.049911691230058335
9151,-473.8,129150.54611873627,0.049911691230058335
9152,-491.55,79494.25571361184,0.049911691230058335
9153,-494.65000000000003,31039.87991476059,0.049911691230058335
9154,-497.75,124173.58035970107,0.049911691230058335
9155,-500.85,66709.84567332268,0.049911691230058335
9156,-544.55,33760.656514406204,0.049911691230058335
9157,-606.3000000000001,55598.33171226084,0.049911691230058335
9158,-609.5,144783.91913181543,0.049911691230058335
9159,-667.5500000000001,146797.3328514099,0.049911691230058335
9160,-670.7,82164.98735326529,0.049911691230058335
9161,-673.85,49499.98828178644,0.049911691230058335
9162,-670.3000000000001,85200.4664490223,0.049911691230058335
9163,-728.75,44527.14959394932,0.049911691230058335
9164,-445.35,202862.59546089172,0.049911691230058335
9165,-392.75,52126.56144690886,0.049911691230058335
9166,-322.45,291917.77922844887,0.049911691230058335
9167,-272.35,143262.16292655468,0.049911691230058335
9168,-147.15,78346.01663696766,0.049911691230058335
9169,-138.8,63994.82898509875,0.049911691230058335
9170,-130.8,183437.07214727998,0.049911691230058335
9171,-117.4,74520.57180880383,0.049911691230058335
9172,-112.5,57730.92709726468,0.049911691230058335
9173,-109.2,58398.305592063814,0.049911691230058335
9174,-109.8,175021.2566189766,0.049911691230058335
9175,-111.45,337070.4644303322,0.049911691230058335
9176,-118.2,18842.374867096543,0.049911691230058335
9177,-112.5,68907.23419907689,0.049911691230058335
9178,-114.10000000000001,147766.0412797928,0.049911691230058335
9179,-115.85000000000001,56202.31344559789,0.049911691230058335
9180,-136.25,81508.45504367352,0.049911691230058335
9181,-187.35,116820.32155489922,0.049911691230058335
9182,-175.5,51321.217809319496,0.049911691230058335
9183,-175.70000000000002,241378.4455295503,0.049911691230058335
9184,-155.75,55097.08607536554,0.049911691230058335
9185,-153.15,38786.06754864752,0.049911691230058335
9186,-155.60000000000002,135662.2614274621,0.049911691230058335
9187,-195.1,81342.96014547348,0.049911691230058335
9188,-199.35,46715.52308380604,0.049911691230058335
9189,-198.0,121418.97868150473,0.049911691230058335
9190,-220.9,129457.40988564491,0.049911691230058335
9191,-224.0,48302.48230600357,0.049911691230058335
9192,-228.15,326163.0673184395,0.049911691230058335
9193,-292.9,57407.30403256416,0.049911691230058335
9194,-296.20000000000005,139674.10474520922,0.049911691230058335
9195,-327.55,23093.6828289032,0.049911691230058335
9196,-331.6,62757.24893569946,0.049911691230058335
9197,-334.65000000000003,42498.928750641644,0.049911691230058335
9198,-338.75,73593.11705681682,0.049911691230058335
9199,-342.90000000000003,126961.08656847477,0.049911691230058335
9200,-404.6,183815.33388614655,0.049911691230058335
9201,-407.95000000000005,49046.18339061737,0.049911691230058335
9202,-410.3,35521.63041928783,0.049911691230058335
9203,-413.65000000000003,26945.82134437561,0.049911691230058335
9204,-476.8,109600.18637132645,0.049911691230058335
9205,-480.15000000000003,37108.125163555145,0.049911691230058335
9206,-543.8,90136.87100395933,0.049911691230058335
9207,-547.1500000000001,102494.24714272097,0.049911691230058335
9208,-550.5,57055.413169920444,0.049911691230058335
9209,-553.85,96232.19855388999,0.049911691230058335
9210,-557.2,122478.94151186943,0.049911691230058335
9211,-560.55,72942.90070462227,0.049911691230058335
9212,-626.2,50784.833519518375,0.049911691230058335
9213,-630.5500000000001,194556.1369446516,0.049911691230058335
9214,-632.9,69640.93105053902,0.049911691230058335
9215,-630.2,65188.11761337519,0.049911691230058335
9216,-583.35,192975.1646347642,0.049911691230058335
9217,-587.6,269171.3487391472,0.049911691230058335
9218,-579.9,36905.46554028988,0.049911691230058335
9219,-584.25,97198.12616157532,0.049911691230058335
9220,-586.5,68887.82794252783,0.049911691230058335
9221,-591.85,175157.87941886485,0.049911691230058335
9222,-596.3000000000001,35458.95380806923,0.049911691230058335
9223,-599.75,93976.5534286499,0.049911691230058335
9224,-602.2,71796.82514733076,0.049911691230058335
9225,-657.5,119883.82788649201,0.049911691230058335
9226,-716.45,62101.24130475521,0.049911691230058335
9227,-719.75,44826.59384316206,0.049911691230058335
9228,-723.0500000000001,112613.28308951855,0.049911691230058335
9229,-726.35,46040.38913112879,0.049911691230058335
9230,-729.6500000000001,36804.83769764006,0.049911691230058335
9231,-732.95,81965.08845597506,0.049911691230058335
9232,-736.25,20535.608577027917,0.049911691230058335
9233,-739.5500000000001,127949.09315681458,0.049911691230058335
9234,-743.9000000000001,143111.291349411,0.049911691230058335
9235,-747.25,157352.24132861197,0.049911691230058335
9236,-734.5500000000001,65100.373829841614,0.049911691230058335
9237,-706.1500000000001,111234.66988039017,0.049911691230058335
9238,-677.6500000000001,38232.94336605072,0.049911691230058335
9239,-650.3000000000001,94180.64041347802,0.049911691230058335
9240,-621.85,39809.902433782816,0.049911691230058335
9241,-595.4,89841.64681196213,0.049911691230058335
9242,-566.8000000000001,150627.7750980854,0.049911691230058335
9243,-199.8,93452.88155832887,0.049911691230058335
9244,-182.55,280901.87658786774,0.049911691230058335
9245,-234.60000000000002,74440.43785333633,0.049911691230058335
9246,-266.9,74743.19200444221,0.049911691230058335
9247,-270.05,305080.2841888666,0.049911691230058335
9248,-273.20000000000005,77503.51309776306,0.049911691230058335
9249,-276.35,66462.57731199265,0.049911691230058335
9250,-271.0,29694.077095508575,0.049911691230058335
9251,-274.05,77717.72993564606,0.049911691230058335
9252,-316.8,41649.7080257535,0.049911691230058335
9253,-366.25,123043.66549897194,0.049911691230058335
9254,-369.45000000000005,36222.09240216017,0.049911691230058335
9255,-414.20000000000005,25709.91229891777,0.049911691230058335
9256,-409.3,112672.64164626598,0.049911691230058335
9257,-398.05,168032.5619752705,0.049911691230058335
9258,-386.70000000000005,83170.14620018005,0.049911691230058335
9259,-375.8,130372.27648055553,0.049911691230058335
9260,-372.95000000000005,68287.76242095232,0.049911691230058335
9261,-375.65000000000003,75443.58296406269,0.049911691230058335
9262,-380.45000000000005,110652.60941314697,0.049911691230058335
9263,-384.25,196223.5076568164,0.049911691230058335
9264,-388.15000000000003,147088.62464547157,0.049911691230058335
9265,-390.90000000000003,63833.41824436188,0.049911691230058335
9266,-394.8,159927.92843723297,0.049911691230058335
9267,-398.8,33029.71648043394,0.049911691230058335
9268,-402.85,353173.400159359,0.049911691230058335
9269,-439.35,121330.23594880104,0.049911691230058335
9270,-442.5,18955.376662492752,0.049911691230058335
9271,-445.65000000000003,51647.672625780106,0.049911691230058335
9272,-448.8,71102.53226852417,0.049911691230058335
9273,-427.6,217112.24177986383,0.049911691230058335
9274,-430.70000000000005,86164.35427039862,0.049911691230058335
9275,-396.6,48349.883539676666,0.049911691230058335
9276,-330.05,184027.59907770157,0.049911691230058335
9277,-369.95000000000005,97327.21597613394,0.049911691230058335
9278,-359.05,63662.93144130707,0.049911691230058335
9279,-227.60000000000002,129728.35951900482,0.049911691230058335
9280,-253.75,226241.40576541424,0.049911691230058335
9281,-314.5,19042.105953872204,0.049911691230058335
9282,-317.7,103096.27390450612,0.049911691230058335
9283,-298.75,81090.93986701965,0.049911691230058335
9284,-329.55,86849.47321167961,0.049911691230058335
9285,-308.6,93480.28410875797,0.049911691230058335
9286,-344.7,185993.05114217103,0.049911691230058335
9287,-347.8,112783.52391747385,0.049911691230058335
9288,-393.95000000000005,162340.83870360255,0.049911691230058335
9289,-397.15000000000003,36514.8108240962,0.049911691230058335
9290,-400.35,30559.22803676501,0.049911691230058335
9291,-392.3,37863.12722814083,0.049911691230058335
9292,-396.45000000000005,101934.99989296496,0.049911691230058335
9293,-400.65000000000003,54627.876947402954,0.049911691230058335
9294,-403.85,74255.25972163677,0.049911691230058335
9295,-407.05,386478.72404515743,0.049911691230058335
9296,-445.35,77357.01731681824,0.049911691230058335
9297,-433.8,63443.8225505352,0.049911691230058335
9298,-439.90000000000003,20524.73941487074,0.049911691230058335
9299,-402.5,51548.29396319762,0.049911691230058335
9300,-389.45000000000005,143507.18658065796,0.049911691230058335
9301,-377.55,180821.50733333826,0.049911691230058335
9302,-327.25,50677.15987586975,0.049911691230058335
9303,-376.15000000000003,199715.35629345477,0.049911691230058335
9304,-362.90000000000003,84132.40931594372,0.049911691230058335
9305,-324.65000000000003,39605.21807336807,0.049911691230058335
9306,-326.5,52575.15731622279,0.049911691230058335
9307,-390.25,33260.95248867571,0.049911691230058335
9308,-392.75,125985.14265203476,0.049911691230058335
9309,-395.95000000000005,89552.78363195062,0.049911691230058335
9310,-399.15000000000003,89483.94578409195,0.049911691230058335
9311,-402.35,67173.02547228336,0.049911691230058335
9312,-452.8,173723.2264304161,0.049911691230058335
9313,-447.55,32636.49954366684,0.049911691230058335
9314,-436.75,35038.946189403534,0.049911691230058335
9315,-273.8,50364.15925073624,0.049911691230058335
9316,-275.70000000000005,69576.68651604652,0.049911691230058335
9317,-275.55,131846.4619398117,0.049911691230058335
9318,-264.1,36286.30254423618,0.049911691230058335
9319,-242.45000000000002,173334.14216327667,0.049911691230058335
9320,-232.70000000000002,36702.34569954872,0.049911691230058335
9321,-233.95000000000002,62511.85490375757,0.049911691230058335
9322,-235.25,54997.75372695923,0.049911691230058335
9323,-239.05,137748.7561338246,0.049911691230058335
9324,-242.9,75146.98087882996,0.049911691230058335
9325,-270.75,134064.71533727646,0.049911691230058335
9326,-302.85,23695.723590254784,0.049911691230058335
9327,-306.05,176350.18756484985,0.049911691230058335
9328,-290.0,106668.83530449867,0.049911691230058335
9329,-320.5,72493.70417191088,0.049911691230058335
9330,-379.85,140215.34724521637,0.049911691230058335
9331,-383.1,60703.9999987036,0.049911691230058335
9332,-386.35,47221.534305512905,0.049911691230058335
9333,-443.70000000000005,143216.07940506935,0.049911691230058335
9334,-498.65000000000003,164626.67164601386,0.049911691230058335
9335,-501.90000000000003,69828.02899634838,0.049911691230058335
9336,-505.15000000000003,42852.26709371805,0.049911691230058335
9337,-507.0,213189.72915542126,0.049911691230058335
9338,-511.25,21786.117563545704,0.049911691230058335
9339,-514.5,68547.1186800003,0.049911691230058335
9340,-517.75,100225.11710548401,0.049911691230058335
9341,-521.0,38219.795703172684,0.049911691230058335
9342,-524.25,197648.70212483406,0.049911691230058335
9343,-527.5,195326.37552306056,0.049911691230058335
9344,-530.75,23263.11000958085,0.049911691230058335
9345,-534.0,57776.88081240654,0.049911691230058335
9346,-546.75,257800.83584594727,0.049911691230058335
9347,-534.85,167240.04477909207,0.049911691230058335
9348,-514.45,29909.583024024963,0.049911691230058335
9349,-551.55,116599.07934117317,0.049911691230058335
9350,-554.75,74195.49159383774,0.049911691230058335
9351,-557.95,173232.5262094736,0.049911691230058335
9352,-546.35,46081.99938035011,0.049911691230058335
9353,-533.7,131684.5142506361,0.049911691230058335
9354,-521.05,47753.66578772664,0.049911691230058335
9355,-508.40000000000003,212667.169580698,0.049911691230058335
9356,-564.05,36004.18843507767,0.049911691230058335
9357,-471.6,68294.2079012096,0.049911691230058335
9358,-527.55,138217.28060245514,0.049911691230058335
9359,-530.75,41428.81937927008,0.049911691230058335
9360,-533.95,53791.46804136038,0.049911691230058335
9361,-537.1500000000001,85200.24581980705,0.049911691230058335
9362,-536.5,39383.46590042114,0.049911691230058335
9363,-539.5,118720.06193827093,0.049911691230058335
9364,-542.5,67447.63260269165,0.049911691230058335
9365,-531.0,103588.4286758937,0.049911691230058335
9366,-519.5,161027.2552933693,0.049911691230058335
9367,-522.4000000000001,88176.47264504433,0.049911691230058335
9368,-495.05,74710.85099047422,0.049911691230058335
9369,-483.70000000000005,37505.76643897593,0.049911691230058335
9370,-487.5,95198.54321578145,0.049911691230058335
9371,-491.35,114351.22319668531,0.049911691230058335
9372,-495.25,135090.76774615422,0.049911691230058335
9373,-457.95000000000005,43564.79836976528,0.049911691230058335
9374,-459.5,95188.68616451323,0.049911691230058335
9375,-463.55,38247.43187600374,0.049911691230058335
9376,-255.9,77360.64616978541,0.049911691230058335
9377,-291.6,115497.7917509079,0.049911691230058335
9378,-294.70000000000005,54392.2257168293,0.049911691230058335
9379,-298.85,69053.41618657112,0.049911691230058335
9380,-347.7,65498.816954791546,0.049911691230058335
9381,-349.65000000000003,80843.92492204905,0.049911691230058335
9382,-353.8,41483.21469962597,0.049911691230058335
9383,-355.85,74589.37663984299,0.049911691230058335
9384,-360.0,46650.4353055954,0.049911691230058335
9385,-363.15000000000003,63713.02242517471,0.049911691230058335
9386,-366.3,181140.6820011139,0.049911691230058335
9387,-369.45000000000005,91828.49676391482,0.049911691230058335
9388,-414.70000000000005,36727.422009930015,0.049911691230058335
9389,-417.85,104292.25571131706,0.049911691230058335
9390,-421.0,62593.28458982706,0.049911691230058335
9391,-424.15000000000003,71532.5216307491,0.049911691230058335
9392,-422.65000000000003,56298.642401218414,0.049911691230058335
9393,-475.25,272117.1173931509,0.049911691230058335
9394,-516.1500000000001,39301.5285449028,0.049911691230058335
9395,-517.25,145181.00137245655,0.049911691230058335
9396,-577.75,51732.093891739845,0.049911691230058335
9397,-580.85,32645.620505809784,0.049911691230058335
9398,-583.95,44449.87362769246,0.049911691230058335
9399,-587.0500000000001,72978.91318804398,0.049911691230058335
9400,-590.15,38816.842383146286,0.049911691230058335
9401,-593.25,54121.87836480141,0.049911691230058335
9402,-597.35,287976.9696214944,0.049911691230058335
9403,-497.3,41937.1472851634,0.049911691230058335
9404,-484.95000000000005,291118.8434613645,0.049911691230058335
9405,-488.0,29121.22922283411,0.049911691230058335
9406,-488.20000000000005,39673.753635287285,0.049911691230058335
9407,-489.75,154530.8549194336,0.049911691230058335
9408,-513.6500000000001,57165.78919721022,0.049911691230058335
9409,-516.85,228269.65740442276,0.049911691230058335
9410,-521.1,56462.76989746094,0.049911691230058335
9411,-522.35,24217.741742908955,0.049911691230058335
9412,-524.6,67899.94621634483,0.049911691230058335
9413,-566.45,23533.186021327972,0.049911691230058335
9414,-612.2,55901.986451506615,0.049911691230058335
9415,-602.3000000000001,58084.057122353464,0.049911691230058335
9416,-605.5,103895.66385350004,0.049911691230058335
9417,-476.1,169560.44978250563,0.049911691230058335
9418,-481.25,47861.53090441227,0.049911691230058335
9419,-378.95000000000005,107266.83268571272,0.049911691230058335
9420,-365.65000000000003,184226.44308173656,0.049911691230058335
9421,-364.95000000000005,81108.16414481401,0.049911691230058335
9422,-385.45000000000005,46474.21644496918,0.049911691230058335
9423,-389.15000000000003,53372.682798445225,0.049911691230058335
9424,-404.70000000000005,94041.73394423723,0.049911691230058335
9425,-421.35,55034.76995563507,0.049911691230058335
9426,-317.45,67256.65136647224,0.049911691230058335
9427,-368.65000000000003,214456.1369767189,0.049911691230058335
9428,-371.75,142447.82205721736,0.049911691230058335
9429,-374.85,24242.579761862755,0.049911691230058335
9430,-377.95000000000005,99582.65443992615,0.049911691230058335
9431,-383.15000000000003,376891.3620157242,0.049911691230058335
9432,-381.6,56517.73751497269,0.049911691230058335
9433,-385.75,247070.97040462494,0.049911691230058335
9434,-435.8,66826.77659749985,0.049911691230058335
9435,-440.0,151798.90370225906,0.049911691230058335
9436,-443.20000000000005,33701.52787780762,0.049911691230058335
9437,-446.40000000000003,68684.34287238494,0.049911691230058335
9438,-508.20000000000005,41177.38267612457,0.049911691230058335
9439,-491.8,128744.41517728567,0.049911691230058335
9440,-494.90000000000003,118278.84529924393,0.049911691230058335
9441,-498.0,129805.97763216496,0.049911691230058335
9442,-502.15000000000003,55688.76869136095,0.049911691230058335
9443,-506.35,72000.3839930296,0.049911691230058335
9444,-509.55,84559.5194875747,0.049911691230058335
9445,-512.75,50902.824712365866,0.049911691230058335
9446,-504.40000000000003,138395.2231912613,0.049911691230058335
9447,-558.35,226675.299233675,0.049911691230058335
9448,-562.6500000000001,99939.06745910645,0.049911691230058335
9449,-563.95,148857.8836336732,0.049911691230058335
9450,-566.25,63396.17690193653,0.049911691230058335
9451,-553.1,76640.70589208603,0.049911691230058335
9452,-556.4000000000001,81211.14372181892,0.049911691230058335
9453,-559.7,50416.66334152222,0.049911691230058335
9454,-560.0,89382.46238225698,0.049911691230058335
9455,-564.3000000000001,57739.98295643926,0.049911691230058335
9456,-548.55,134532.40452241898,0.049911691230058335
9457,-563.5,38099.86391505599,0.049911691230058335
9458,-473.1,43634.95534388721,0.049911691230058335
9459,-454.65000000000003,115846.92791720107,0.049911691230058335
9460,-437.5,190831.97455501556,0.049911691230058335
9461,-434.0,28838.25346803665,0.049911691230058335
9462,-438.90000000000003,22328.24081993103,0.049911691230058335
9463,-442.85,59377.81860011816,0.049911691230058335
9464,-446.85,99192.55666530132,0.049911691230058335
9465,-416.20000000000005,26962.948879256845,0.049911691230058335
9466,-403.40000000000003,183518.08834427595,0.049911691230058335
9467,-168.95000000000002,176043.02840423584,0.049911691230058335
9468,-173.45000000000002,45003.76196834445,0.049911691230058335
9469,-177.1,35445.70337033272,0.049911691230058335
9470,-171.8,58129.65484046936,0.049911691230058335
9471,-211.75,45489.17810845375,0.049911691230058335
9472,-214.95000000000002,123799.56175327301,0.049911691230058335
9473,-218.15,63619.763217989355,0.049911691230058335
9474,-221.35000000000002,40609.02855300903,0.049911691230058335
9475,-224.55,57161.017011880875,0.049911691230058335
9476,-251.35000000000002,204334.04603505135,0.049911691230058335
9477,-254.60000000000002,126581.10917758942,0.049911691230058335
9478,-307.25,94072.35132861137,0.049911691230058335
9479,-310.5,71719.18509459496,0.049911691230058335
9480,-313.75,80708.3417596817,0.049911691230058335
9481,-335.25,56329.01401138306,0.049911691230058335
9482,-368.65000000000003,98136.25689531863,0.049911691230058335
9483,-371.85,56340.3293235302,0.049911691230058335
9484,-376.1,133531.3911409378,0.049911691230058335
9485,-437.85,31548.92546305433,0.049911691230058335
9486,-441.1,107109.13499760628,0.049911691230058335
9487,-444.35,37160.37551343441,0.049911691230058335
9488,-447.6,183040.18475610018,0.049911691230058335
9489,-450.85,78387.08097984269,0.049911691230058335
9490,-454.1,52776.88569831848,0.049911691230058335
9491,-457.35,129740.85118377209,0.049911691230058335
9492,-524.1,72726.58512942493,0.049911691230058335
9493,-527.35,99325.8989098072,0.049911691230058335
9494,-530.6,91818.52958911657,0.049911691230058335
9495,-533.85,40947.05347275734,0.049911691230058335
9496,-538.1,148621.9072238095,0.049911691230058335
9497,-527.0,46656.40924319625,0.049911691230058335
9498,-530.25,46712.08624458313,0.049911691230058335
9499,-534.55,79336.19002091885,0.049911691230058335
9500,-493.35,122323.90702438354,0.049911691230058335
9501,-538.4000000000001,94292.85361160338,0.049911691230058335
9502,-565.2,119508.62823915482,0.049911691230058335
9503,-560.7,71165.19064372778,0.049911691230058335
9504,-593.4,275760.36393642426,0.049911691230058335
9505,-492.40000000000003,32685.191420212388,0.049911691230058335
9506,-306.85,79492.37696927786,0.049911691230058335
9507,-296.5,63712.05297541618,0.049911691230058335
9508,-259.0,147042.56098866463,0.049911691230058335
9509,-243.55,36880.893757641315,0.049911691230058335
9510,-248.45000000000002,173566.9655712843,0.049911691230058335
9511,-256.9,13824.503428831697,0.049911691230058335
9512,-242.15,41466.4497628212,0.049911691230058335
9513,-285.15,89979.0444188118,0.049911691230058335
9514,-310.2,57941.80419847369,0.049911691230058335
9515,-353.90000000000003,86991.04275776446,0.049911691230058335
9516,-357.1,27711.55324602127,0.049911691230058335
9517,-419.70000000000005,158061.47658658028,0.049911691230058335
9518,-422.95000000000005,97555.59072303772,0.049911691230058335
9519,-426.20000000000005,20468.153468672186,0.049911691230058335
9520,-429.45000000000005,108440.90525078773,0.049911691230058335
9521,-474.40000000000003,28995.097205638885,0.049911691230058335
9522,-469.25,38225.198231473565,0.049911691230058335
9523,-472.35,99905.2610887438,0.049911691230058335
9524,-475.45000000000005,184795.8382601887,0.049911691230058335
9525,-479.6,38953.583497047424,0.049911691230058335
9526,-541.35,74337.6054658033,0.049911691230058335
9527,-501.95000000000005,306070.97876650095,0.049911691230058335
9528,-488.8,31833.935606896877,0.049911691230058335
9529,-492.70000000000005,22810.36781579256,0.049911691230058335
9530,-498.75,87248.04814338684,0.049911691230058335
9531,-466.35,148414.21125394106,0.049911691230058335
9532,-537.05,83558.92957019806,0.049911691230058335
9533,-545.35,54067.557748794556,0.049911691230058335
9534,-546.8,103205.3708319664,0.049911691230058335
9535,-534.6500000000001,115883.47011829168,0.049911691230058335
9536,-538.85,80138.12130600214,0.049911691230058335
9537,-541.05,59201.14475607872,0.049911691230058335
9538,-543.25,35066.99890476465,0.049911691230058335
9539,-546.8,142322.53443145752,0.049911691230058335
9540,-584.2,49398.40131689608,0.049911691230058335
9541,-571.3000000000001,132514.05395111814,0.049911691230058335
9542,-472.05,29806.582555532455,0.049911691230058335
9543,-467.05,95589.87031818926,0.049911691230058335
9544,-463.90000000000003,88376.46508967876,0.049911691230058335
9545,-460.70000000000005,43754.83498954773,0.049911691230058335
9546,-390.0,227331.5393884182,0.049911691230058335
9547,-208.60000000000002,65882.81513881683,0.049911691230058335
9548,-211.3,76160.73385953903,0.049911691230058335
9549,-190.70000000000002,157230.29267793894,0.049911691230058335
9550,-238.60000000000002,119293.76301530004,0.049911691230058335
9551,-283.35,109754.17661309242,0.049911691230058335
9552,-241.85000000000002,38641.22284736112,0.049911691230058335
9553,-239.60000000000002,84818.1269068718,0.049911691230058335
9554,-243.25,18408.807814598083,0.049911691230058335
9555,-293.95000000000005,17159.3314165473,0.049911691230058335
9556,-299.0,120915.78431558609,0.049911691230058335
9557,-301.6,317790.48732566833,0.049911691230058335
9558,-365.0,38448.86853981018,0.049911691230058335
9559,-368.25,50475.50093944371,0.049911691230058335
9560,-431.6,94990.45751419663,0.049911691230058335
9561,-434.90000000000003,32843.39214166999,0.049911691230058335
9562,-438.20000000000005,40671.7644995451,0.049911691230058335
9563,-441.5,42445.83285856247,0.049911691230058335
9564,-444.8,37770.98333932459,0.049911691230058335
9565,-448.1,46304.42390060425,0.049911691230058335
9566,-417.8,41872.132685005665,0.049911691230058335
9567,-420.95000000000005,113756.52347397804,0.049911691230058335
9568,-425.15000000000003,25971.707038462162,0.049911691230058335
9569,-428.35,67863.88478910923,0.049911691230058335
9570,-432.6,102114.6582198143,0.049911691230058335
9571,-497.45000000000005,85697.3708933331,0.049911691230058335
9572,-561.1,69532.37380504608,0.049911691230058335
9573,-615.0500000000001,65573.59151983261,0.049911691230058335
9574,-602.5500000000001,112764.86251033843,0.049911691230058335
9575,-605.8000000000001,240066.12560749054,0.049911691230058335
9576,-611.6,52474.933006346226,0.049911691230058335
9577,-487.25,58277.34795385599,0.049911691230058335
9578,-295.5,105978.27418243885,0.049911691230058335
9579,-288.45000000000005,44773.61017036438,0.049911691230058335
9580,-280.70000000000005,52640.052257835865,0.049911691230058335
9581,-250.3,68591.65808314085,0.049911691230058335
9582,-268.65,106670.47487199306,0.049911691230058335
9583,-265.15,94858.14051818848,0.049911691230058335
9584,-292.0,290862.1982727051,0.049911691230058335
9585,-290.25,48927.69185680151,0.049911691230058335
9586,-293.35,63397.58184081316,0.049911691230058335
9587,-301.95,87631.39924192429,0.049911691230058335
9588,-278.70000000000005,62424.05671977997,0.049911691230058335
9589,-256.9,36005.19584156573,0.049911691230058335
9590,-262.9,219814.87971270084,0.049911691230058335
9591,-265.35,22920.666224304587,0.049911691230058335
9592,-270.20000000000005,290963.56783914566,0.049911691230058335
9593,-269.9,152832.49773783982,0.049911691230058335
9594,-299.95000000000005,121863.52717758715,0.049911691230058335
9595,-304.2,53989.4686011076,0.049911691230058335
9596,-348.55,45676.48010575771,0.049911691230058335
9597,-418.90000000000003,189859.87221216038,0.049911691230058335
9598,-479.55,152188.64344215393,0.049911691230058335
9599,-482.90000000000003,44245.02752996981,0.049911691230058335
9600,-486.25,107954.26949191093,0.049911691230058335
9601,-501.75,19239.061073362827,0.049911691230058335
9602,-505.0,30200.70691871643,0.049911691230058335
9603,-543.85,60596.70764598623,0.049911691230058335
9604,-512.0,169057.8648955822,0.049911691230058335
9605,-515.3,68749.22484880686,0.049911691230058335
9606,-508.85,75100.36786699295,0.049911691230058335
9607,-513.1500000000001,99005.56213583052,0.049911691230058335
9608,-501.35,97362.69313980639,0.049911691230058335
9609,-346.40000000000003,88483.15132421628,0.049911691230058335
9610,-351.65000000000003,49201.65374851599,0.049911691230058335
9611,-356.95,77800.1625816822,0.049911691230058335
9612,-357.25,171221.40414094925,0.049911691230058335
9613,-358.95000000000005,46914.4313454628,0.049911691230058335
9614,-395.05,35008.63931244612,0.049911691230058335
9615,-428.75,123652.90035635233,0.049911691230058335
9616,-421.8,31992.37453091517,0.049911691230058335
9617,-421.70000000000005,71807.59293818474,0.049911691230058335
9618,-414.20000000000005,170106.69368994236,0.049911691230058335
9619,-413.55,41415.9632563591,0.049911691230058335
9620,-407.15000000000003,34102.36179865897,0.049911691230058335
9621,-411.40000000000003,44995.868650346994,0.049911691230058335
9622,-403.45000000000005,54169.17783624306,0.049911691230058335
9623,-404.95000000000005,80729.66994014382,0.049911691230058335
9624,-409.20000000000005,24907.821964159608,0.049911691230058335
9625,-412.45000000000005,84102.02466654778,0.049911691230058335
9626,-381.85,149769.84081315994,0.049911691230058335
9627,-371.55,32623.43087113276,0.049911691230058335
9628,-360.5,64725.80122664943,0.049911691230058335
9629,-364.6,182624.25780034065,0.049911691230058335
9630,-368.70000000000005,106505.08548164368,0.049911691230058335
9631,-359.70000000000005,53718.939636707306,0.049911691230058335
9632,-298.20000000000005,225136.8526391983,0.049911691230058335
9633,-302.5,76340.68644320965,0.049911691230058335
9634,-368.15000000000003,37040.00644785538,0.049911691230058335
9635,-372.5,50363.77881258726,0.049911691230058335
9636,-434.15000000000003,98006.00612854958,0.049911691230058335
9637,-437.5,79819.22096645832,0.049911691230058335
9638,-440.85,142236.26261031628,0.049911691230058335
9639,-444.20000000000005,104487.40139997005,0.049911691230058335
9640,-447.55,53542.14927186072,0.049911691230058335
9641,-515.2,67387.06485462189,0.049911691230058335
9642,-582.85,32771.62865892053,0.049911691230058335
9643,-585.2,123488.19746464491,0.049911691230058335
9644,-641.85,46694.13000828028,0.049911691230058335
9645,-645.0500000000001,83017.46487309039,0.049911691230058335
9646,-648.3000000000001,199858.5777130127,0.049911691230058335
9647,-651.5500000000001,177743.36729431152,0.049911691230058335
9648,-558.15,26593.78291630745,0.049911691230058335
9649,-549.75,181072.37006306648,0.049911691230058335
9650,-529.5,35234.16133822501,0.049911691230058335
9651,-509.5,66390.3469171524,0.049911691230058335
9652,-487.6,277775.12350292504,0.049911691230058335
9653,-413.1,66614.07256442308,0.049911691230058335
9654,-467.3,55861.20805348456,0.049911691230058335
9655,-470.55,226242.16909169033,0.049911691230058335
9656,-418.90000000000003,32368.725565075874,0.049911691230058335
9657,-423.0,80337.76989710331,0.049911691230058335
9658,-426.0,122920.97650891542,0.049911691230058335
9659,-427.95000000000005,43580.06989604235,0.049911691230058335
9660,-408.05,47138.107792019844,0.049911691230058335
9661,-411.95000000000005,81024.60220719874,0.049911691230058335
9662,-415.90000000000003,91676.82847595215,0.049911691230058335
9663,-419.90000000000003,85397.06653384864,0.049911691230058335
9664,-418.40000000000003,145226.3235821724,0.049911691230058335
9665,-419.5,86414.63965024427,0.049911691230058335
9666,-421.0,74187.0825265348,0.049911691230058335
9667,-422.95000000000005,171031.08280229568,0.049911691230058335
9668,-405.20000000000005,29401.026656240225,0.049911691230058335
9669,-362.95000000000005,134765.7130765915,0.049911691230058335
9670,-358.35,64762.84892183542,0.049911691230058335
9671,-359.85,80392.17214202881,0.049911691230058335
9672,-260.20000000000005,61848.327492296696,0.049911691230058335
9673,-264.9,63942.545548439026,0.049911691230058335
9674,-268.65,76402.79800504819,0.049911691230058335
9675,-273.55,102428.41239792109,0.049911691230058335
9676,-262.5,40448.17498910427,0.049911691230058335
9677,-249.4,35200.81593763828,0.049911691230058335
9678,-239.4,76974.66815900803,0.049911691230058335
9679,-226.35000000000002,93493.75778217614,0.049911691230058335
9680,-215.4,61454.60562160611,0.049911691230058335
9681,-250.85000000000002,40928.93139505386,0.049911691230058335
9682,-303.20000000000005,198479.05146038532,0.049911691230058335
9683,-343.0,35601.688814640045,0.049911691230058335
9684,-408.05,149875.59827500582,0.049911691230058335
9685,-412.40000000000003,86656.19634056091,0.049911691230058335
9686,-473.05,25736.64227628708,0.049911691230058335
9687,-469.55,101659.28920352831,0.049911691230058335
9688,-466.0,81932.36024808884,0.049911691230058335
9689,-469.25,74886.98033057898,0.049911691230058335
9690,-472.5,79323.26073408127,0.049911691230058335
9691,-475.75,121856.5184764862,0.049911691230058335
9692,-479.0,160588.05258065462,0.049911691230058335
9693,-533.25,22640.759692907333,0.049911691230058335
9694,-536.5,88917.3743019104,0.049911691230058335
9695,-568.0,90339.58303284645,0.049911691230058335
9696,-556.9000000000001,93872.2185216546,0.049911691230058335
9697,-545.1,100376.69701957703,0.049911691230058335
9698,-534.7,192161.44355219603,0.049911691230058335
9699,-484.3,101129.02146148682,0.049911691230058335
9700,-546.05,46788.60183477402,0.049911691230058335
9701,-549.3,148453.4257502705,0.049911691230058335
9702,-552.55,81575.39934515953,0.049911691230058335
9703,-555.8,31057.902520149946,0.049911691230058335
9704,-617.5500000000001,92159.13945174217,0.049911691230058335
9705,-562.5500000000001,36273.56308925152,0.049911691230058335
9706,-447.3,44677.04352873564,0.049911691230058335
9707,-469.1,410918.1367124319,0.049911691230058335
9708,-473.20000000000005,46287.50742942095,0.049911691230058335
9709,-477.8,78122.1888923049,0.049911691230058335
9710,-477.70000000000005,42049.49462559819,0.049911691230058335
9711,-481.70000000000005,60466.0265096426,0.049911691230058335
9712,-484.95000000000005,119492.673361063,0.049911691230058335
9713,-425.3,196442.7722337246,0.049911691230058335
9714,-249.70000000000002,26046.28637702763,0.049911691230058335
9715,-186.15,143899.35142230988,0.049911691230058335
9716,-193.4,139559.9712961316,0.049911691230058335
9717,-193.85000000000002,48035.6475212574,0.049911691230058335
9718,-247.5,26814.554757356644,0.049911691230058335
9719,-290.9,34797.47411830723,0.049911691230058335
9720,-351.85,70584.65536201,0.049911691230058335
9721,-315.95,33217.22823232412,0.049911691230058335
9722,-234.8,83359.3034939766,0.049911691230058335
9723,-225.5,445603.4010505676,0.049911691230058335
9724,-252.35000000000002,30973.633275985718,0.049911691230058335
9725,-248.55,97612.62222623825,0.049911691230058335
9726,-274.75,27008.907305002213,0.049911691230058335
9727,-278.8,56380.343543201685,0.049911691230058335
9728,-281.85,76147.70814538002,0.049911691230058335
9729,-284.9,125777.88517111912,0.049911691230058335
9730,-282.55,58529.2940826118,0.049911691230058335
9731,-287.6,170660.50621926785,0.049911691230058335
9732,-338.3,23854.671539071947,0.049911691230058335
9733,-341.35,73140.00951135159,0.049911691230058335
9734,-344.40000000000003,209558.6680317074,0.049911691230058335
9735,-391.20000000000005,63702.829988487065,0.049911691230058335
9736,-395.25,33567.06905604899,0.049911691230058335
9737,-398.3,69883.72447067499,0.049911691230058335
9738,-401.35,71594.27997785807,0.049911691230058335
9739,-404.40000000000003,139767.76313209534,0.049911691230058335
9740,-407.45000000000005,77024.88000795618,0.049911691230058335
9741,-403.45000000000005,37169.70281113684,0.049911691230058335
9742,-393.1,67952.09994649887,0.049911691230058335
9743,-395.95000000000005,57709.395471636206,0.049911691230058335
9744,-418.3,39961.76623147726,0.049911691230058335
9745,-455.75,114391.22090172768,0.049911691230058335
9746,-488.3,69850.08476210013,0.049911691230058335
9747,-419.40000000000003,148359.91862988472,0.049911691230058335
9748,-395.45000000000005,221292.79109260812,0.049911691230058335
9749,-310.40000000000003,156426.78778600693,0.049911691230058335
9750,-196.25,16859.619038581848,0.049911691230058335
9751,-199.70000000000002,36416.043129205704,0.049911691230058335
9752,-188.6,137041.9440791607,0.049911691230058335
9753,-181.9,117287.79084968567,0.049911691230058335
9754,-211.65,59231.97851151228,0.049911691230058335
9755,-214.8,77231.57237446308,0.049911691230058335
9756,-218.0,69311.35072004795,0.049911691230058335
9757,-278.70000000000005,56409.447061538696,0.049911691230058335
9758,-299.70000000000005,39151.30324668065,0.049911691230058335
9759,-299.1,112057.0113283135,0.049911691230058335
9760,-302.3,24327.497323635966,0.049911691230058335
9761,-303.6,45637.964459210634,0.049911691230058335
9762,-307.8,73841.40657433867,0.049911691230058335
9763,-311.0,63408.84467601776,0.049911691230058335
9764,-314.2,110268.54827916622,0.049911691230058335
9765,-300.6,164491.15696525574,0.049911691230058335
9766,-304.75,37950.00984489918,0.049911691230058335
9767,-307.90000000000003,253528.47345542908,0.049911691230058335
9768,-311.05,73852.71821257472,0.049911691230058335
9769,-328.55,145660.14354407787,0.049911691230058335
9770,-332.75,68948.68696314096,0.049911691230058335
9771,-306.95,43089.70374508202,0.049911691230058335
9772,-310.15000000000003,49076.00635123253,0.049911691230058335
9773,-313.35,62728.589649662375,0.049911691230058335
9774,-316.55,52045.16518229246,0.049911691230058335
9775,-319.75,160535.0668349266,0.049911691230058335
9776,-381.6,58590.504755973816,0.049911691230058335
9777,-443.35,37895.095366477966,0.049911691230058335
9778,-446.6,54427.795588076115,0.049911691230058335
9779,-445.3,52275.68299461901,0.049911691230058335
9780,-499.0,281275.6497962475,0.049911691230058335
9781,-546.9000000000001,55050.895022097975,0.049911691230058335
9782,-590.25,126414.39215196669,0.049911691230058335
9783,-593.5500000000001,107511.75516411662,0.049911691230058335
9784,-595.85,52454.89830458164,0.049911691230058335
9785,-599.15,43706.635254178196,0.049911691230058335
9786,-602.45,97774.03889012337,0.049911691230058335
9787,-605.75,118680.4433581829,0.049911691230058335
9788,-609.0500000000001,46435.09050011635,0.049911691230058335
9789,-612.35,196759.10144758224,0.049911691230058335
9790,-565.85,59680.26972579956,0.049911691230058335
9791,-530.8,20692.16739320755,0.049911691230058335
9792,-508.3,112377.09159946442,0.049911691230058335
9793,-511.1,94555.39598166943,0.049911691230058335
9794,-515.0,36862.37666455284,0.049911691230058335
9795,-520.0,75868.6339158155,0.049911691230058335
9796,-389.25,66154.33668720722,0.049911691230058335
9797,-378.5,179843.93372625113,0.049911691230058335
9798,-325.05,67365.1641497612,0.049911691230058335
9799,-328.25,35356.77795789018,0.049911691230058335
9800,-331.45,75239.66970601678,0.049911691230058335
9801,-335.7,35057.63568830863,0.049911691230058335
9802,-340.0,24650.651243899018,0.049911691230058335
9803,-400.5,90912.1956268698,0.049911691230058335
9804,-468.20000000000005,118121.25001370907,0.049911691230058335
9805,-362.05,141888.9789443016,0.049911691230058335
9806,-332.55,60568.53108882904,0.049911691230058335
9807,-338.65000000000003,80729.84856510162,0.049911691230058335
9808,-342.85,48537.87353295088,0.049911691230058335
9809,-396.75,54051.4303150177,0.049911691230058335
9810,-459.45000000000005,73901.78469397128,0.049911691230058335
9811,-462.75,193133.207903862,0.049911691230058335
9812,-525.45,62114.9970304966,0.049911691230058335
9813,-589.15,62811.88794440031,0.049911691230058335
9814,-458.20000000000005,52822.50244104862,0.049911691230058335
9815,-439.3,51706.21704673767,0.049911691230058335
9816,-407.95000000000005,92388.62262779474,0.049911691230058335
9817,-394.0,181309.26619960368,0.049911691230058335
9818,-367.35,75207.16341775656,0.049911691230058335
9819,-352.5,105390.8426258564,0.049911691230058335
9820,-323.7,52397.39842136577,0.049911691230058335
9821,-300.5,149397.011906147,0.049911691230058335
9822,-287.3,169233.6739575863,0.049911691230058335
9823,-258.95000000000005,237974.34826417267,0.049911691230058335
9824,-282.35,173241.79324895516,0.049911691230058335
9825,-269.25,107472.77914239839,0.049911691230058335
9826,-264.75,75843.46077954769,0.049911691230058335
9827,-264.05,101590.39251685143,0.049911691230058335
9828,-267.65,150515.87315014377,0.049911691230058335
9829,-269.45000000000005,48655.15626680851,0.049911691230058335
9830,-273.75,30582.12659573555,0.049911691230058335
9831,-306.3,223335.05367413163,0.049911691230058335
9832,-295.85,207235.38093415275,0.049911691230058335
9833,-294.0,181625.84535560012,0.049911691230058335
9834,-293.20000000000005,42057.85094603896,0.049911691230058335
9835,-288.20000000000005,33277.18092894554,0.049911691230058335
9836,-291.0,167589.51516509056,0.049911691230058335
9837,-295.9,98050.08974599838,0.049911691230058335
9838,-298.8,16201.50260925293,0.049911691230058335
9839,-287.55,48782.13997840881,0.049911691230058335
9840,-276.3,104382.66974139214,0.049911691230058335
9841,-280.25,54617.62331736088,0.049911691230058335
9842,-284.25,121874.26448082924,0.049911691230058335
9843,-281.55,260759.29288244247,0.049911691230058335
9844,-279.85,43890.17317071557,0.049911691230058335
9845,-336.95,96223.53172159195,0.049911691230058335
9846,-341.0,39318.39256334305,0.049911691230058335
9847,-349.55,26566.279237508774,0.049911691230058335
9848,-352.7,28017.895943060517,0.049911691230058335
9849,-350.95,37438.31162047386,0.049911691230058335
9850,-350.15000000000003,167043.24637699127,0.049911691230058335
9851,-347.85,56726.37515907362,0.049911691230058335
9852,-350.0,177449.89205896854,0.049911691230058335
9853,-267.9,93744.37613905966,0.049911691230058335
9854,-305.90000000000003,224207.17511177063,0.049911691230058335
9855,-307.6,71435.39732994139,0.049911691230058335
9856,-310.7,75591.76778697968,0.049911691230058335
9857,-278.70000000000005,102793.5886439085,0.049911691230058335
9858,-258.15,82211.45961260796,0.049911691230058335
9859,-243.85000000000002,90360.52892905474,0.049911691230058335
9860,-223.60000000000002,143201.0784777403,0.049911691230058335
9861,-287.05,160411.4579833746,0.049911691230058335
9862,-347.85,31360.61406302452,0.049911691230058335
9863,-351.05,78806.76923426986,0.049911691230058335
9864,-411.85,117654.98899170756,0.049911691230058335
9865,-472.65000000000003,86719.272114411,0.049911691230058335
9866,-475.85,368115.89391452074,0.049911691230058335
9867,-536.6500000000001,33164.64282198623,0.049911691230058335
9868,-578.8000000000001,93175.60706229508,0.049911691230058335
9869,-479.15000000000003,127362.06354051828,0.049911691230058335
9870,-481.55,128187.62258054316,0.049911691230058335
9871,-539.7,116632.8367036581,0.049911691230058335
9872,-542.55,127395.0694065094,0.049911691230058335
9873,-545.4000000000001,69674.37088251114,0.049911691230058335
9874,-549.25,183115.04811367393,0.049911691230058335
9875,-421.70000000000005,67164.15712562576,0.049911691230058335
9876,-424.35,125043.81570309494,0.049911691230058335
9877,-427.1,63550.28219277039,0.049911691230058335
9878,-428.85,24416.929172575474,0.049911691230058335
9879,-431.6,34985.806574344635,0.049911691230058335
9880,-434.35,77664.89596557617,0.049911691230058335
9881,-437.1,67666.24301862717,0.049911691230058335
9882,-439.85,133946.2719510235,0.049911691230058335
9883,-442.6,51679.421041965485,0.049911691230058335
9884,-445.35,90478.44370573759,0.049911691230058335
9885,-394.75,241782.1714322567,0.049911691230058335
9886,-440.3,70680.47147989273,0.049911691230058335
9887,-444.25,61417.01411986351,0.049911691230058335
9888,-443.65000000000003,94083.51335024834,0.049911691230058335
9889,-445.55,63193.29157926142,0.049911691230058335
9890,-450.45000000000005,132339.05838274956,0.049911691230058335
9891,-454.35,68874.14962410927,0.049911691230058335
9892,-458.25,49367.36115539074,0.049911691230058335
9893,-462.15000000000003,255390.81347084045,0.049911691230058335
9894,-484.05,69110.27644956112,0.049911691230058335
9895,-485.20000000000005,29984.21350452304,0.049911691230058335
9896,-489.20000000000005,86676.4003905356,0.049911691230058335
9897,-492.20000000000005,123358.58326384798,0.049911691230058335
9898,-479.15000000000003,56912.46875786781,0.049911691230058335
9899,-460.65000000000003,83656.85240709782,0.049911691230058335
9900,-280.0,99403.38453233242,0.049911691230058335
9901,-233.5,26469.454711914062,0.049911691230058335
9902,-211.05,186645.29549320042,0.049911691230058335
9903,-215.0,100643.5308150202,0.049911691230058335
9904,-253.10000000000002,268782.11998702586,0.049911691230058335
9905,-310.15000000000003,63128.944419145584,0.049911691230058335
9906,-334.45,153856.6765024662,0.049911691230058335
9907,-390.55,47823.251243427396,0.049911691230058335
9908,-426.70000000000005,142364.45196586847,0.049911691230058335
9909,-430.45000000000005,29677.322745919228,0.049911691230058335
9910,-433.15000000000003,38179.98866845667,0.049911691230058335
9911,-455.35,71359.88491663337,0.049911691230058335
9912,-450.8,26715.118089437485,0.049911691230058335
9913,-445.25,25398.82580122724,0.049911691230058335
9914,-439.65000000000003,52377.403676986694,0.049911691230058335
9915,-429.6,89612.276790414,0.049911691230058335
9916,-432.8,56662.605221990496,0.049911691230058335
9917,-467.95000000000005,45886.770022928715,0.049911691230058335
9918,-471.25,96627.71393013,0.049911691230058335
9919,-472.5,304717.5640194416,0.049911691230058335
9920,-474.75,23460.117567121983,0.049911691230058335
9921,-477.05,74533.95696213841,0.049911691230058335
9922,-479.35,73398.71858558059,0.049911691230058335
9923,-480.95000000000005,47748.44398523867,0.049911691230058335
9924,-484.20000000000005,98501.13509877026,0.049911691230058335
9925,-341.7,185502.7026567459,0.049911691230058335
9926,-345.3,84740.06931781769,0.049911691230058335
9927,-327.75,92181.62441927195,0.049911691230058335
9928,-332.40000000000003,33316.00921654701,0.049911691230058335
9929,-336.1,63724.28932738304,0.049911691230058335
9930,-396.65000000000003,166466.41252565384,0.049911691230058335
9931,-400.5,105634.83565950394,0.049911691230058335
9932,-403.35,79357.21402865648,0.049911691230058335
9933,-406.20000000000005,159032.06746709347,0.049911691230058335
9934,-328.8,35969.616411179304,0.049911691230058335
9935,-317.40000000000003,65605.82999944687,0.049911691230058335
9936,-254.5,71722.84301263094,0.049911691230058335
9937,-304.6,28883.75550109148,0.049911691230058335
9938,-307.6,109171.10624790192,0.049911691230058335
9939,-309.6,118385.16132068634,0.049911691230058335
9940,-365.6,84227.9667019844,0.049911691230058335
9941,-368.6,47002.28103929758,0.049911691230058335
9942,-425.6,127456.24717348814,0.049911691230058335
9943,-482.6,81300.42856069654,0.049911691230058335
9944,-485.6,64377.955357164145,0.049911691230058335
9945,-488.6,121256.32217593491,0.049911691230058335
9946,-491.6,135516.58373713493,0.049911691230058335
9947,-494.6,90083.76385082304,0.049911691230058335
9948,-497.6,44755.68239021301,0.049911691230058335
9949,-554.6,158574.6352213621,0.049911691230058335
9950,-556.8000000000001,34760.989693164825,0.049911691230058335
9951,-558.6,147095.64041161537,0.049911691230058335
9952,-565.4,91422.06171798706,0.049911691230058335
9953,-568.4,40149.33269786835,0.049911691230058335
9954,-571.4,38946.852778315544,0.049911691230058335
9955,-564.5500000000001,102060.25476765633,0.049911691230058335
9956,-559.2,33986.139726266265,0.049911691230058335
9957,-563.15,180765.82190799713,0.049911691230058335
9958,-566.1,36625.737332344055,0.049911691230058335
9959,-569.0500000000001,34482.920555233955,0.049911691230058335
9960,-572.0,63082.14344997704,0.049911691230058335
9961,-574.95,39931.23094262183,0.049911691230058335
9962,-574.25,201902.1867749691,0.049911691230058335
9963,-574.0500000000001,81493.02022749186,0.049911691230058335
9964,-348.90000000000003,221682.5603609085,0.049911691230058335
9965,-247.45000000000002,37842.94284999743,0.049911691230058335
9966,-276.0,141356.09775379673,0.049911691230058335
9967,-273.1,67337.2682518959,0.049911691230058335
9968,-276.8,65129.46659165621,0.049911691230058335
9969,-279.3,40541.03644624725,0.049911691230058335
9970,-282.3,18913.596848607063,0.049911691230058335
9971,-284.0,98145.16775673628,0.049911691230058335
9972,-253.3,72189.86236830056,0.049911691230058335
9973,-184.8,39707.076612234116,0.049911691230058335
9974,-187.35,58941.42935016751,0.049911691230058335
9975,-217.85000000000002,170738.49616527557,0.049911691230058335
9976,-221.85000000000002,195045.33741685748,0.049911691230058335
9977,-275.85,49505.89213055745,0.049911691230058335
9978,-278.9,36599.733806312084,0.049911691230058335
9979,-336.85,131794.49411179125,0.049911691230058335
9980,-339.90000000000003,57666.39090583101,0.049911691230058335
9981,-342.95,44936.15636968613,0.049911691230058335
9982,-401.90000000000003,71428.80788907781,0.049911691230058335
9983,-404.95000000000005,85643.26989459991,0.049911691230058335
9984,-461.90000000000003,76199.72169113159,0.049911691230058335
9985,-464.95000000000005,101812.92433863878,0.049911691230058335
9986,-518.25,190854.8968219757,0.049911691230058335
9987,-521.3,194443.14383983612,0.049911691230058335
9988,-464.85,36093.12704658508,0.049911691230058335
9989,-421.75,65975.1389093399,0.049911691230058335
9990,-396.05,179544.6606645584,0.049911691230058335
9991,-399.70000000000005,78146.42312312126,0.049911691230058335
9992,-433.0,316026.88145828247,0.049911691230058335
9993,-423.5,104588.13204574585,0.049911691230058335
9994,-415.6,15817.430493549444,0.049911691230058335
9995,-411.70000000000005,37713.77993518114,0.049911691230058335
9996,-470.65000000000003,69783.3327627182,0.049911691230058335
9997,-473.75,130381.9388833046,0.049911691230058335
9998,-476.85,52217.86447548866,0.049911691230058335
9999,-479.95000000000005,74214.78488987684,0.049911691230058335
10000,-485.85,80527.77063947916,0.049911691230058335
10001,-367.6,48448.727616194636,0.049911691230058335
10002,-371.20000000000005,105893.87907338142,0.049911691230058335
10003,-373.90000000000003,165419.23489832878,0.049911691230058335
10004,-378.75,149285.49236120284,0.049911691230058335
10005,-382.75,33920.39952009916,0.049911691230058335
10006,-385.8,68585.80232490599,0.049911691230058335
10007,-430.1,157312.370321393,0.049911691230058335
10008,-433.20000000000005,24959.928775310516,0.049911691230058335
10009,-437.35,51077.43660740554,0.049911691230058335
10010,-441.55,39946.830059051514,0.049911691230058335
10011,-444.75,58171.14225792885,0.049911691230058335
10012,-447.95000000000005,85390.99663287401,0.049911691230058335
10013,-451.15000000000003,108193.75964839756,0.049911691230058335
10014,-427.85,52008.82379999757,0.049911691230058335
10015,-434.6,199935.8648935929,0.049911691230058335
10016,-438.40000000000003,54724.84537388757,0.049911691230058335
10017,-443.3,72899.26623548567,0.049911691230058335
10018,-445.20000000000005,205486.56053614616,0.049911691230058335
10019,-447.6,83942.57737702131,0.049911691230058335
10020,-393.45000000000005,48331.49058921635,0.049911691230058335
10021,-396.20000000000005,157183.3062557876,0.049911691230058335
10022,-435.3,68418.49053025246,0.049911691230058335
10023,-492.20000000000005,16610.755953401327,0.049911691230058335
10024,-496.25,203778.04206669703,0.049911691230058335
10025,-479.20000000000005,46825.26296171546,0.049911691230058335
10026,-481.0,54254.62200456858,0.049911691230058335
10027,-487.0,67587.70200252533,0.049911691230058335
10028,-488.90000000000003,92102.55476349592,0.049911691230058335
10029,-492.90000000000003,64891.258219242096,0.049911691230058335
10030,-549.9000000000001,88337.06495884061,0.049911691230058335
10031,-552.9000000000001,95352.48914970458,0.049911691230058335
10032,-555.9000000000001,141467.1299753189,0.049911691230058335
10033,-612.9,39131.9547662735,0.049911691230058335
10034,-615.9,130620.00235438347,0.049911691230058335
10035,-672.5500000000001,112222.59334278107,0.049911691230058335
10036,-730.5,114812.91234493256,0.049911691230058335
10037,-734.5500000000001,214812.37471807003,0.049911691230058335
10038,-738.6,82157.84245173633,0.049911691230058335
10039,-745.4000000000001,87325.08352398872,0.049911691230058335
10040,-748.5,204237.2360343933,0.049911691230058335
10041,-751.6,33874.6460313946,0.049911691230058335
10042,-755.7,38064.27288496494,0.049911691230058335
10043,-730.5500000000001,25848.086982369423,0.049911691230058335
10044,-733.6,102717.64576363564,0.049911691230058335
10045,-736.6500000000001,72256.17998375371,0.049911691230058335
10046,-740.75,79780.04598283768,0.049911691230058335
10047,-717.1,65901.12852331996,0.049911691230058335
10048,-720.2,90275.8678856492,0.049911691230058335
10049,-708.6,45076.13263221085,0.049911691230058335
10050,-710.25,324103.7238726616,0.049911691230058335
10051,-683.6500000000001,121555.41454541683,0.049911691230058335
10052,-554.1500000000001,77706.5864033699,0.049911691230058335
10053,-544.7,34070.205305337906,0.049911691230058335
10054,-548.95,32517.62208032608,0.049911691230058335
10055,-552.2,66716.82119935751,0.049911691230058335
10056,-555.45,51468.84498310089,0.049911691230058335
10057,-558.7,54670.21037012339,0.049911691230058335
10058,-561.95,177670.97052395344,0.049911691230058335
10059,-565.2,27480.636920452118,0.049911691230058335
10060,-535.8,73733.92431706563,0.049911691230058335
10061,-539.0,80795.91748109832,0.049911691230058335
10062,-573.5500000000001,33452.47001552582,0.049911691230058335
10063,-492.1,120070.04705047607,0.049911691230058335
10064,-463.25,45130.81706786156,0.049911691230058335
10065,-452.15000000000003,165326.19990479946,0.049911691230058335
10066,-239.20000000000002,26770.336917877197,0.049911691230058335
10067,-256.0,118428.2239317894,0.049911691230058335
10068,-311.6,214341.5574347973,0.049911691230058335
10069,-316.75,109931.88382774591,0.049911691230058335
10070,-319.90000000000003,25852.80968606472,0.049911691230058335
10071,-320.3,87484.49621969834,0.049911691230058335
10072,-323.40000000000003,23491.306934595108,0.049911691230058335
10073,-138.8,57412.80865720287,0.049911691230058335
10074,-169.55,233269.49531507492,0.049911691230058335
10075,-204.25,62833.64408814907,0.049911691230058335
10076,-207.75,165355.16138327122,0.049911691230058335
10077,-210.25,63873.81487983838,0.049911691230058335
10078,-254.95000000000002,125266.92678999901,0.049911691230058335
10079,-257.55,130197.9171873331,0.049911691230058335
10080,-307.95,112450.14548784494,0.049911691230058335
10081,-310.55,64790.468069806695,0.049911691230058335
10082,-313.15000000000003,27976.062687397003,0.049911691230058335
10083,-357.6,75524.97530889511,0.049911691230058335
10084,-407.95000000000005,32563.54236087203,0.049911691230058335
10085,-410.6,33852.384651869535,0.049911691230058335
10086,-460.95000000000005,34820.426646057516,0.049911691230058335
10087,-420.8,55780.65952254832,0.049911691230058335
10088,-407.70000000000005,206790.41377151012,0.049911691230058335
10089,-401.5,68401.71721744537,0.049911691230058335
10090,-404.20000000000005,114243.92944461107,0.049911691230058335
10091,-406.90000000000003,65516.30006301403,0.049911691230058335
10092,-409.6,91185.85126125813,0.049911691230058335
10093,-464.70000000000005,66896.8922214508,0.049911691230058335
10094,-466.5,26492.15263336897,0.049911691230058335
10095,-469.3,72390.42734628916,0.049911691230058335
10096,-472.1,36694.18898358941,0.049911691230058335
10097,-371.35,283766.8198206425,0.049911691230058335
10098,-405.25,34525.02963413298,0.049911691230058335
10099,-378.55,175353.15333977714,0.049911691230058335
10100,-376.05,55110.56317383051,0.049911691230058335
10101,-358.65000000000003,156418.9651899077,0.049911691230058335
10102,-325.7,65501.452964782715,0.049911691230058335
10103,-330.05,146779.9325875193,0.049911691230058335
10104,-334.5,91648.80160537362,0.049911691230058335
10105,-335.85,41123.89101648331,0.049911691230058335
10106,-305.75,93499.01941191033,0.049911691230058335
10107,-308.05,75561.26372122765,0.049911691230058335
10108,-367.6,56791.91600084305,0.049911691230058335
10109,-370.45000000000005,22938.070061564445,0.049911691230058335
10110,-202.0,43493.829773157835,0.049911691230058335
10111,-167.85000000000002,82053.64819866419,0.049911691230058335
10112,-171.7,41644.061191070825,0.049911691230058335
10113,-222.70000000000002,112500.2131096758,0.049911691230058335
10114,-279.75,61673.27329537645,0.049911691230058335
10115,-282.70000000000005,219609.88244891167,0.049911691230058335
10116,-285.65,67107.7085852623,0.049911691230058335
10117,-319.95,112326.76581287384,0.049911691230058335
10118,-371.95000000000005,37166.5456212908,0.049911691230058335
10119,-373.95000000000005,156688.88751152158,0.049911691230058335
10120,-416.25,103732.08323669434,0.049911691230058335
10121,-419.25,77896.11052685976,0.049911691230058335
10122,-422.25,40563.67802238464,0.049911691230058335
10123,-425.25,104336.25157260895,0.049911691230058335
10124,-482.25,51882.64743041992,0.049911691230058335
10125,-538.25,63560.67321038246,0.049911691230058335
10126,-541.25,42825.34267258644,0.049911691230058335
10127,-544.25,36218.18928672373,0.049911691230058335
10128,-527.25,283034.1719566472,0.049911691230058335
10129,-530.2,57334.170610800385,0.049911691230058335
10130,-534.2,68813.90947632864,0.049911691230058335
10131,-543.0,25540.32745218277,0.049911691230058335
10132,-546.05,91149.01007843018,0.049911691230058335
10133,-549.1,55850.518726468086,0.049911691230058335
10134,-533.1500000000001,32922.03381347656,0.049911691230058335
10135,-536.25,75260.14587187767,0.049911691230058335
10136,-467.35,100519.51591968536,0.049911691230058335
10137,-308.55,69827.67521578074,0.049911691230058335
10138,-295.8,93460.89000613987,0.049911691230058335
10139,-281.05,66127.93355417252,0.049911691230058335
10140,-261.1,28541.901127278805,0.049911691230058335
10141,-150.85000000000002,190413.1934146285,0.049911691230058335
10142,-153.4,102431.13428640366,0.049911691230058335
10143,-158.15,9275.37894192338,0.049911691230058335
10144,-161.95,91400.78035974875,0.049911691230058335
10145,-165.8,77897.20364570618,0.049911691230058335
10146,-168.65,73973.4786002636,0.049911691230058335
10147,-171.05,42114.90778851509,0.049911691230058335
10148,-176.0,29314.830620855093,0.049911691230058335
10149,-177.35,63721.48178690672,0.049911691230058335
10150,-194.8,57257.84078902006,0.049911691230058335
10151,-201.65,38059.49180817604,0.049911691230058335
10152,-204.55,32509.495383635163,0.049911691230058335
10153,-208.5,83494.02345108986,0.049911691230058335
10154,-198.8,124371.55688911676,0.049911691230058335
10155,-234.15,49959.36309361458,0.049911691230058335
10156,-237.05,28807.029111266136,0.049911691230058335
10157,-240.85000000000002,94738.60048866272,0.049911691230058335
10158,-246.75,226395.5476102829,0.049911691230058335
10159,-246.9,57935.45795561373,0.049911691230058335
10160,-267.65,59913.21795782447,0.049911691230058335
10161,-268.25,84514.63040155545,0.049911691230058335
10162,-327.90000000000003,47811.659934818745,0.049911691230058335
10163,-389.20000000000005,57373.55005121231,0.049911691230058335
10164,-392.40000000000003,19034.160389721394,0.049911691230058335
10165,-395.6,137974.2757603824,0.049911691230058335
10166,-438.45000000000005,149419.0755701065,0.049911691230058335
10167,-441.55,72760.83488845825,0.049911691230058335
10168,-441.15000000000003,99138.01905620098,0.049911691230058335
10169,-504.05,50127.759820610285,0.049911691230058335
10170,-564.85,214890.62626791,0.049911691230058335
10171,-568.0500000000001,48952.64054208994,0.049911691230058335
10172,-571.25,253334.2516722679,0.049911691230058335
10173,-574.45,97135.38081073761,0.049911691230058335
10174,-577.65,81054.24399280548,0.049911691230058335
10175,-564.8000000000001,33742.6432377249,0.049911691230058335
10176,-567.95,44939.58974528313,0.049911691230058335
10177,-594.1,80057.32145607471,0.049911691230058335
10178,-597.15,62191.7043838501,0.049911691230058335
10179,-625.35,58635.60883820057,0.049911691230058335
10180,-629.5,340620.256783247,0.049911691230058335
10181,-632.65,108655.82583975792,0.049911691230058335
10182,-635.8000000000001,36517.79469656944,0.049911691230058335
10183,-622.9,65339.6387398839,0.049911691230058335
10184,-609.95,49375.23421241343,0.049911691230058335
10185,-441.1,69273.67733299732,0.049911691230058335
10186,-434.20000000000005,91967.20338213816,0.049911691230058335
10187,-420.65000000000003,92250.52852586284,0.049911691230058335
10188,-331.95,66798.28652143478,0.049911691230058335
10189,-338.85,27821.109782591462,0.049911691230058335
10190,-326.55,290882.8135099411,0.049911691230058335
10191,-325.8,49628.47296023369,0.049911691230058335
10192,-327.15000000000003,173836.50725865364,0.049911691230058335
10193,-328.5,96780.33147419989,0.049911691230058335
10194,-336.45,51951.652253896,0.049911691230058335
10195,-340.45,132077.21332499385,0.049911691230058335
10196,-340.5,73110.36086964607,0.049911691230058335
10197,-338.40000000000003,45372.277894079685,0.049911691230058335
10198,-340.25,33495.2314491272,0.049911691230058335
10199,-345.2,168387.51441931725,0.049911691230058335
10200,-296.5,74263.34263378382,0.049911691230058335
10201,-209.4,142821.1909418106,0.049911691230058335
10202,-201.15,107393.91033679247,0.049911691230058335
10203,-206.05,86063.58534038067,0.049911691230058335
10204,-209.0,50872.74749803543,0.049911691230058335
10205,-206.95000000000002,44452.57796025276,0.049911691230058335
10206,-206.25,48939.514292016625,0.049911691230058335
10207,-210.20000000000002,174035.60158742964,0.049911691230058335
10208,-231.4,79774.78229190409,0.049911691230058335
10209,-167.60000000000002,21044.999604821205,0.049911691230058335
10210,-208.15,56264.868783950806,0.049911691230058335
10211,-260.15,56234.008725225925,0.049911691230058335
10212,-264.3,45454.139366447926,0.049911691230058335
10213,-307.45,34285.6165971756,0.049911691230058335
10214,-356.25,44114.07937349379,0.049911691230058335
10215,-417.0,166806.07488965988,0.049911691230058335
10216,-463.40000000000003,232323.252481699,0.049911691230058335
10217,-466.6,29623.587707936764,0.049911691230058335
10218,-469.8,83971.27079176903,0.049911691230058335
10219,-473.0,58020.14835205674,0.049911691230058335
10220,-486.85,139651.00882339478,0.049911691230058335
10221,-522.5,16557.102824658155,0.049911691230058335
10222,-525.7,197477.72275188565,0.049911691230058335
10223,-528.9000000000001,22583.722607254982,0.049911691230058335
10224,-532.1,37295.71212822199,0.049911691230058335
10225,-535.3,60543.45136894286,0.049911691230058335
10226,-538.5,27353.732819736004,0.049911691230058335
10227,-541.7,56817.29340982437,0.049911691230058335
10228,-544.9000000000001,43560.823066711426,0.049911691230058335
10229,-548.1,22272.892297387123,0.049911691230058335
10230,-551.3,128557.13503265381,0.049911691230058335
10231,-554.5,156972.7594871521,0.049911691230058335
10232,-557.7,19970.856371164322,0.049911691230058335
10233,-622.5,73659.5714378357,0.049911691230058335
10234,-659.0,51704.53646802902,0.049911691230058335
10235,-646.4,302460.83615374565,0.049911691230058335
10236,-649.5500000000001,50645.025488987565,0.049911691230058335
10237,-614.3000000000001,36187.956926345825,0.049911691230058335
10238,-619.4,31915.083872810006,0.049911691230058335
10239,-622.5,81194.40544900298,0.049911691230058335
10240,-625.6,124727.70847344398,0.049911691230058335
10241,-387.15000000000003,43532.22401162982,0.049911691230058335
10242,-389.35,47207.11677801609,0.049911691230058335
10243,-392.85,40640.054650366306,0.049911691230058335
10244,-396.75,112992.59081733227,0.049911691230058335
10245,-401.70000000000005,84193.79148435593,0.049911691230058335
10246,-404.70000000000005,22756.56759095192,0.049911691230058335
10247,-407.70000000000005,35656.26791879535,0.049911691230058335
10248,-411.75,29176.109618782997,0.049911691230058335
10249,-416.85,35003.24255586043,0.049911691230058335
10250,-414.85,99007.09000122547,0.049911691230058335
10251,-402.05,46644.57444918156,0.049911691230058335
10252,-374.3,57610.82565553486,0.049911691230058335
10253,-362.3,117101.89913225174,0.049911691230058335
10254,-365.25,35839.59399855882,0.049911691230058335
10255,-366.25,195157.5297780037,0.049911691230058335
10256,-366.35,111156.95530128479,0.049911691230058335
10257,-365.35,58672.85461187363,0.049911691230058335
10258,-360.15000000000003,131175.57378691435,0.049911691230058335
10259,-253.0,148674.11743952334,0.049911691230058335
10260,-245.85000000000002,105661.6514351964,0.049911691230058335
10261,-226.65,56558.71785068512,0.049911691230058335
10262,-275.15,40967.8266193904,0.049911691230058335
10263,-335.1,151601.38338840008,0.049911691230058335
10264,-338.15000000000003,117697.17088484764,0.049911691230058335
10265,-341.2,87622.07330799103,0.049911691230058335
10266,-397.15000000000003,160077.21646595,0.049911691230058335
10267,-400.20000000000005,65083.975450634956,0.049911691230058335
10268,-461.5,57004.786547124386,0.049911691230058335
10269,-464.65000000000003,127840.66830921173,0.049911691230058335
10270,-467.8,88666.15306809545,0.049911691230058335
10271,-470.95000000000005,21238.1067661047,0.049911691230058335
10272,-530.8,119227.4724817276,0.049911691230058335
10273,-590.65,155502.82604994252,0.049911691230058335
10274,-522.85,215402.43975426257,0.049911691230058335
10275,-525.9000000000001,34183.25817203522,0.049911691230058335
10276,-531.05,51434.25896753371,0.049911691230058335
10277,-573.7,73045.24495315552,0.049911691230058335
10278,-637.3000000000001,341694.30569937825,0.049911691230058335
10279,-640.5500000000001,74131.27574157715,0.049911691230058335
10280,-643.8000000000001,41882.82281906903,0.049911691230058335
10281,-647.0500000000001,39187.969075739384,0.049911691230058335
10282,-650.3000000000001,143313.19829934835,0.049911691230058335
10283,-653.5500000000001,136344.21021594107,0.049911691230058335
10284,-652.35,83468.18297088146,0.049911691230058335
10285,-427.0,165742.118070513,0.049911691230058335
10286,-416.6,170997.19355010986,0.049911691230058335
10287,-378.05,46057.87569627166,0.049911691230058335
10288,-225.20000000000002,101412.49033546448,0.049911691230058335
10289,-216.3,45872.98509013653,0.049911691230058335
10290,-205.4,139304.92479601502,0.049911691230058335
10291,-184.45000000000002,86132.84663606063,0.049911691230058335
10292,-177.05,27977.007590055466,0.049911691230058335
10293,-173.55,47611.92421850562,0.049911691230058335
10294,-173.25,153115.37046903372,0.049911691230058335
10295,-174.8,27527.32312119007,0.049911691230058335
10296,-179.25,84582.5164694786,0.049911691230058335
10297,-186.95000000000002,64432.4960128963,0.049911691230058335
10298,-191.75,112588.69732949883,0.049911691230058335
10299,-189.45000000000002,133541.22823011875,0.049911691230058335
10300,-189.85,206978.5857154131,0.049911691230058335
10301,-193.25,25113.56088115275,0.049911691230058335
10302,-195.95000000000002,122444.85623311996,0.049911691230058335
10303,-195.9,31630.62116152048,0.049911691230058335
10304,-199.35000000000002,131503.445397377,0.049911691230058335
10305,-186.5,67067.65766607597,0.049911691230058335
10306,-191.35,117860.19606256485,0.049911691230058335
10307,-194.25,22587.60323265195,0.049911691230058335
10308,-196.15,136926.11732530594,0.049911691230058335
10309,-199.05,86409.44312955439,0.049911691230058335
10310,-201.95000000000002,42557.494348380715,0.049911691230058335
10311,-202.5,190612.65865261853,0.049911691230058335
10312,-203.3,182908.5951011181,0.049911691230058335
10313,-199.70000000000002,123034.65769386292,0.049911691230058335
10314,-196.60000000000002,86958.08434724808,0.049911691230058335
10315,-233.8,33869.80222463608,0.049911691230058335
10316,-145.75,98704.41767334938,0.049911691230058335
10317,-150.35000000000002,118858.71371221542,0.049911691230058335
10318,-163.7,102968.96074193716,0.049911691230058335
10319,-224.45000000000002,56494.847754493356,0.049911691230058335
10320,-225.3,136201.45192825794,0.049911691230058335
10321,-229.4,31045.550855889916,0.049911691230058335
10322,-241.95000000000002,91017.28085760772,0.049911691230058335
10323,-268.1,109685.28327345848,0.049911691230058335
10324,-268.0,49351.71421122551,0.049911691230058335
10325,-267.95000000000005,255560.01430797577,0.049911691230058335
10326,-296.20000000000005,31875.792174875736,0.049911691230058335
10327,-345.15000000000003,169644.32366633415,0.049911691230058335
10328,-389.65000000000003,68922.3207230568,0.049911691230058335
10329,-349.45000000000005,57073.64613413811,0.049911691230058335
10330,-352.15000000000003,84404.96648406982,0.049911691230058335
10331,-357.95000000000005,36587.85120499134,0.049911691230058335
10332,-360.8,41574.28588294983,0.049911691230058335
10333,-363.65000000000003,51764.73601484299,0.049911691230058335
10334,-356.85,53790.7112272121,0.049911691230058335
10335,-307.85,106906.82346594334,0.049911691230058335
10336,-310.15000000000003,106549.94513320923,0.049911691230058335
10337,-343.7,50218.84397506714,0.049911691230058335
10338,-346.65000000000003,134025.6482463032,0.049911691230058335
10339,-267.1,98372.72861853242,0.049911691230058335
10340,-268.55,103629.94650462642,0.049911691230058335
10341,-305.7,63370.859333992004,0.049911691230058335
10342,-308.3,141691.2784691006,0.049911691230058335
10343,-311.2,42443.24793493748,0.049911691230058335
10344,-314.15000000000003,103038.96308779716,0.049911691230058335
10345,-316.1,29952.02124428749,0.049911691230058335
10346,-317.05,216059.99972391129,0.049911691230058335
10347,-320.0,82514.4509677887,0.049911691230058335
10348,-298.1,27849.409958422184,0.049911691230058335
10349,-292.0,40255.97394295037,0.049911691230058335
10350,-295.0,66467.34531289339,0.049911691230058335
10351,-298.0,95059.91353166103,0.049911691230058335
10352,-302.05,81185.82329046726,0.049911691230058335
10353,-305.1,49542.22851717472,0.049911691230058335
10354,-308.15000000000003,90312.74111747742,0.049911691230058335
10355,-311.2,41694.135214567184,0.049911691230058335
10356,-314.25,222405.64595855772,0.049911691230058335
10357,-374.85,86059.68504953384,0.049911691230058335
10358,-378.0,109246.33945274353,0.049911691230058335
10359,-378.1,69498.63859990612,0.049911691230058335
10360,-381.25,31126.285704255104,0.049911691230058335
10361,-384.40000000000003,160284.15020932257,0.049911691230058335
10362,-378.70000000000005,79130.62417030334,0.049911691230058335
10363,-381.8,127986.10973133147,0.049911691230058335
10364,-385.95000000000005,86399.16641284525,0.049911691230058335
10365,-381.1,66624.07399016991,0.049911691230058335
10366,-376.25,31580.817177399993,0.049911691230058335
10367,-429.55,97538.39601325989,0.049911691230058335
10368,-490.65000000000003,63304.399770498276,0.049911691230058335
10369,-493.85,54075.478797733784,0.049911691230058335
10370,-497.05,149245.9452326931,0.049911691230058335
10371,-559.5500000000001,48430.82329592109,0.049911691230058335
10372,-563.85,44267.92463168502,0.049911691230058335
10373,-553.6,237340.8610575199,0.049911691230058335
10374,-506.55,66214.44123804569,0.049911691230058335
10375,-509.70000000000005,26736.26932424307,0.049911691230058335
10376,-374.3,131862.06835329533,0.049911691230058335
10377,-420.1,115397.99443006516,0.049911691230058335
10378,-436.85,57705.85063537955,0.049911691230058335
10379,-440.95000000000005,29962.022711992264,0.049911691230058335
10380,-490.8,63604.24631482363,0.049911691230058335
10381,-493.90000000000003,112608.35529589653,0.049911691230058335
10382,-497.05,85603.27169436216,0.049911691230058335
10383,-501.25,82404.88880312443,0.049911691230058335
10384,-503.45000000000005,87769.90977311134,0.049911691230058335
10385,-506.65000000000003,78454.47869443893,0.049911691230058335
10386,-459.45000000000005,159713.98651064932,0.049911691230058335
10387,-396.65000000000003,61204.95320113003,0.049911691230058335
10388,-397.75,64387.031118392944,0.049911691230058335
10389,-399.3,113795.89730727673,0.049911691230058335
10390,-398.75,173801.22939198092,0.049911691230058335
10391,-398.75,38832.42445832491,0.049911691230058335
10392,-397.90000000000003,168856.86753821373,0.049911691230058335
10393,-442.45000000000005,30662.100058048964,0.049911691230058335
10394,-266.25,35612.947708729655,0.049911691230058335
10395,-269.8,141358.56441140175,0.049911691230058335
10396,-272.35,223572.60864079,0.049911691230058335
10397,-277.0,28410.672216534615,0.049911691230058335
10398,-278.55,78997.2442690134,0.049911691230058335
10399,-281.15,140306.58144558966,0.049911691230058335
10400,-282.3,31050.299146175385,0.049911691230058335
10401,-284.95000000000005,57348.89237345755,0.049911691230058335
10402,-288.65,103703.59163188934,0.049911691230058335
10403,-292.4,199811.5048367977,0.049911691230058335
10404,-298.3,23217.45649766922,0.049911691230058335
10405,-301.15000000000003,74362.56314602494,0.049911691230058335
10406,-307.2,50444.56283086538,0.049911691230058335
10407,-312.35,184605.6017589569,0.049911691230058335
10408,-371.55,61416.25244319439,0.049911691230058335
10409,-375.8,39072.02919328213,0.049911691230058335
10410,-433.40000000000003,67006.01885122433,0.049911691230058335
10411,-436.65000000000003,90015.03975301981,0.049911691230058335
10412,-439.90000000000003,96009.49300765991,0.049911691230058335
10413,-444.15000000000003,65995.68705737591,0.049911691230058335
10414,-448.40000000000003,74062.50400960445,0.049911691230058335
10415,-451.65000000000003,67173.64394950867,0.049911691230058335
10416,-454.90000000000003,57208.23698091507,0.049911691230058335
10417,-508.1,241134.43427497149,0.049911691230058335
10418,-568.6,186976.06807804108,0.049911691230058335
10419,-571.85,47095.7299246788,0.049911691230058335
10420,-575.1,70235.64932949841,0.049911691230058335
10421,-578.35,89406.28331953287,0.049911691230058335
10422,-581.6,25562.983972791582,0.049911691230058335
10423,-643.35,90886.83769071102,0.049911691230058335
10424,-646.6,271824.3152987957,0.049911691230058335
10425,-649.85,53510.27907986939,0.049911691230058335
10426,-477.95000000000005,124459.91020607948,0.049911691230058335
10427,-483.05,58654.35962873697,0.049911691230058335
10428,-403.85,145400.18181721866,0.049911691230058335
10429,-460.70000000000005,41771.08879899979,0.049911691230058335
10430,-464.85,58939.669496536255,0.049911691230058335
10431,-515.4000000000001,151908.21138596535,0.049911691230058335
10432,-578.0,25171.19656068459,0.049911691230058335
10433,-581.2,29002.538038492203,0.049911691230058335
10434,-526.05,112529.12853002548,0.049911691230058335
10435,-498.65000000000003,112476.55281829834,0.049911691230058335
10436,-501.70000000000005,59942.672768592834,0.049911691230058335
10437,-504.75,32886.235919777304,0.049911691230058335
10438,-506.8,107357.37130500376,0.049911691230058335
10439,-458.20000000000005,132040.04254817963,0.049911691230058335
10440,-443.5,18808.05620765686,0.049911691230058335
10441,-426.6,87756.98944473267,0.049911691230058335
10442,-431.45000000000005,68700.6286350824,0.049911691230058335
10443,-436.35,33097.07480311394,0.049911691230058335
10444,-440.25,87461.25729870796,0.049911691230058335
10445,-444.15000000000003,136673.47169817984,0.049911691230058335
10446,-448.1,39217.891199052334,0.049911691230058335
10447,-264.95000000000005,62752.594215765595,0.049911691230058335
10448,-273.55,94507.04631704092,0.049911691230058335
10449,-277.15,123405.81064939499,0.049911691230058335
10450,-279.85,31890.281543508172,0.049911691230058335
10451,-285.70000000000005,35352.90252267197,0.049911691230058335
10452,-285.45000000000005,122627.34283423424,0.049911691230058335
10453,-274.95000000000005,48979.24174952507,0.049911691230058335
10454,-272.9,42478.219807863235,0.049911691230058335
10455,-270.0,154705.98867225647,0.049911691230058335
10456,-230.9,30522.596929017454,0.049911691230058335
10457,-259.70000000000005,44681.37763956189,0.049911691230058335
10458,-262.5,115608.1824709773,0.049911691230058335
10459,-267.4,113877.46767759323,0.049911691230058335
10460,-270.15,50752.63278198242,0.049911691230058335
10461,-270.8,167667.5809175372,0.049911691230058335
10462,-259.75,24066.653794527054,0.049911691230058335
10463,-318.2,107969.57894146815,0.049911691230058335
10464,-321.2,71937.87812069431,0.049911691230058335
10465,-324.2,153486.9283889532,0.049911691230058335
10466,-379.55,51774.7327876091,0.049911691230058335
10467,-382.55,26575.73336595297,0.049911691230058335
10468,-386.55,85438.28219294548,0.049911691230058335
10469,-389.6,44153.31933367252,0.049911691230058335
10470,-392.65000000000003,134751.98488414288,0.049911691230058335
10471,-450.6,23599.90530017391,0.049911691230058335
10472,-508.55,78920.84239244461,0.049911691230058335
10473,-511.6,42039.393268719316,0.049911691230058335
10474,-498.6,69734.3787044026,0.049911691230058335
10475,-408.15000000000003,61185.35468405485,0.049911691230058335
10476,-412.15000000000003,220135.31872548163,0.049911691230058335
10477,-414.15000000000003,96904.66479098797,0.049911691230058335
10478,-419.20000000000005,37297.23063659668,0.049911691230058335
10479,-477.15000000000003,95233.99151110649,0.049911691230058335
10480,-534.1,31534.108617782593,0.049911691230058335
10481,-537.1500000000001,180909.8456954956,0.049911691230058335
10482,-595.1,72946.37570738792,0.049911691230058335
10483,-441.3,106658.7372454144,0.049911691230058335
10484,-444.85,175138.30104392767,0.049911691230058335
10485,-447.40000000000003,50593.94827365875,0.049911691230058335
10486,-451.0,164226.0590379238,0.049911691230058335
10487,-454.65000000000003,243317.12828493118,0.049911691230058335
10488,-457.3,28941.468865454197,0.049911691230058335
10489,-459.95000000000005,60044.91800546646,0.049911691230058335
10490,-462.6,72046.30614113808,0.049911691230058335
10491,-452.3,91087.78617370129,0.049911691230058335
10492,-454.90000000000003,57492.62246859074,0.049911691230058335
10493,-458.55,71504.44939428568,0.049911691230058335
10494,-462.25,90462.02214282751,0.049911691230058335
10495,-452.85,139315.5843616724,0.049911691230058335
10496,-386.65000000000003,39067.846678733826,0.049911691230058335
10497,-391.1,57066.10406303406,0.049911691230058335
10498,-443.90000000000003,28908.641328811646,0.049911691230058335
10499,-436.6,34692.533844567835,0.049911691230058335
10500,-420.75,66806.2283577919,0.049911691230058335
10501,-407.25,163732.1051917076,0.049911691230058335
10502,-131.2,28373.617511823773,0.049911691230058335
10503,-120.45,48420.4122171402,0.049911691230058335
10504,-123.0,145200.45483483374,0.049911691230058335
10505,-123.2,32247.123650312424,0.049911691230058335
10506,-129.55,100493.01654917002,0.049911691230058335
10507,-132.8,192820.1574931778,0.049911691230058335
10508,-136.5,168570.82339159027,0.049911691230058335
10509,-140.10000000000002,128763.01903666556,0.049911691230058335
10510,-143.60000000000002,105597.40984582901,0.049911691230058335
10511,-144.2,49274.357801914215,0.049911691230058335
10512,-145.7,110916.97194650769,0.049911691230058335
10513,-147.25,31541.6339251101,0.049911691230058335
10514,-150.05,97136.36271478236,0.049911691230058335
10515,-151.8,17371.54186463356,0.049911691230058335
10516,-155.65,105360.89828920364,0.049911691230058335
10517,-159.55,229840.36390331388,0.049911691230058335
10518,-162.45,24100.90911579132,0.049911691230058335
10519,-156.9,27198.57856488228,0.049911691230058335
10520,-153.55,8573.760810419917,0.049911691230058335
10521,-161.9,43350.58345782757,0.049911691230058335
10522,-161.0,84353.53942549229,0.049911691230058335
10523,-163.4,37822.62727794051,0.049911691230058335
10524,-159.75,90383.63857029378,0.049911691230058335
10525,-163.3,244790.98874759674,0.049911691230058335
10526,-225.5,43460.50087180734,0.049911691230058335
10527,-228.55,67069.18645906448,0.049911691230058335
10528,-231.60000000000002,107382.55073356628,0.049911691230058335
10529,-284.55,259102.77357172966,0.049911691230058335
10530,-287.6,58541.64564192295,0.049911691230058335
10531,-290.65,61471.09339103103,0.049911691230058335
10532,-348.6,100721.78366443515,0.049911691230058335
10533,-407.55,64701.50428945199,0.049911691230058335
10534,-410.6,83677.60442638397,0.049911691230058335
10535,-468.55,179938.34651350975,0.049911691230058335
10536,-472.6,41380.810849905014,0.049911691230058335
10537,-476.65000000000003,62698.85119852796,0.049911691230058335
10538,-480.70000000000005,91099.15258431435,0.049911691230058335
10539,-483.75,66822.92857459188,0.049911691230058335
10540,-486.8,15230.442893594503,0.049911691230058335
10541,-488.85,163617.9519519806,0.049911691230058335
10542,-491.90000000000003,112500.85217094421,0.049911691230058335
10543,-549.85,48217.50494194031,0.049911691230058335
10544,-581.95,117371.18435135484,0.049911691230058335
10545,-574.95,72861.51758420467,0.049911691230058335
10546,-569.3000000000001,53455.42786628008,0.049911691230058335
10547,-511.75,55177.31353509426,0.049911691230058335
10548,-515.25,151822.71971154213,0.049911691230058335
10549,-508.8,49760.65886503458,0.049911691230058335
10550,-502.75,67104.93314313889,0.049911691230058335
10551,-496.05,60919.49936041236,0.049911691230058335
10552,-382.55,167571.57645606995,0.049911691230058335
10553,-383.1,40774.915741443634,0.049911691230058335
10554,-383.6,58542.8078083694,0.049911691230058335
10555,-349.25,139810.1597003378,0.049911691230058335
10556,-352.3,43888.64033419266,0.049911691230058335
10557,-355.35,65766.8882226944,0.049911691230058335
10558,-358.40000000000003,85889.76590543985,0.049911691230058335
10559,-360.45000000000005,20885.917637243867,0.049911691230058335
10560,-362.5,147599.18626589328,0.049911691230058335
10561,-362.15000000000003,46679.97380876541,0.049911691230058335
10562,-365.15000000000003,31016.295752108097,0.049911691230058335
10563,-369.20000000000005,96890.41860765219,0.049911691230058335
10564,-372.25,187923.3818669021,0.049911691230058335
10565,-369.75,16768.32875135541,0.049911691230058335
10566,-371.70000000000005,26915.136695507914,0.049911691230058335
10567,-376.75,59354.97073808685,0.049911691230058335
10568,-379.8,109180.04450583458,0.049911691230058335
10569,-382.85,77928.76190032065,0.049911691230058335
10570,-385.90000000000003,61198.110129892826,0.049911691230058335
10571,-388.95000000000005,48002.227148771286,0.049911691230058335
10572,-388.15000000000003,25255.166697382927,0.049911691230058335
10573,-371.85,37559.86170524359,0.049911691230058335
10574,-372.15000000000003,98445.77484560013,0.049911691230058335
10575,-371.8,55860.46597456932,0.049911691230058335
10576,-387.75,50856.26143693924,0.049911691230058335
10577,-317.5,122631.77196216583,0.049911691230058335
10578,-219.05,46372.434567570686,0.049911691230058335
10579,-286.6,179127.12857367098,0.049911691230058335
10580,-348.35,300366.93187332153,0.049911691230058335
10581,-351.6,74424.92709159851,0.049911691230058335
10582,-413.35,52529.73723084107,0.049911691230058335
10583,-416.6,43481.752795729786,0.049911691230058335
10584,-419.85,170616.95472371578,0.049911691230058335
10585,-423.1,98174.31788549572,0.049911691230058335
10586,-426.35,34193.54755592346,0.049911691230058335
10587,-429.6,86214.0313179642,0.049911691230058335
10588,-432.85,102739.8743262589,0.049911691230058335
10589,-496.6,88353.12721091509,0.049911691230058335
10590,-556.35,40024.55891883373,0.049911691230058335
10591,-559.6,245528.9202914834,0.049911691230058335
10592,-562.85,25978.00394630432,0.049911691230058335
10593,-566.1,99538.71026200056,0.049911691230058335
10594,-569.35,42993.9659383297,0.049911691230058335
10595,-572.6,89377.31979835033,0.049911691230058335
10596,-595.4,123906.68362714723,0.049911691230058335
10597,-599.75,53256.71969792247,0.049911691230058335
10598,-639.1,71073.6973567009,0.049911691230058335
10599,-642.25,47825.42689335346,0.049911691230058335
10600,-633.2,118899.83733016253,0.049911691230058335
10601,-623.45,59974.60706496239,0.049911691230058335
10602,-485.90000000000003,65651.42496195436,0.049911691230058335
10603,-527.55,144319.22690339386,0.049911691230058335
10604,-528.8,82572.32182008028,0.049911691230058335
10605,-210.10000000000002,77701.57992315292,0.049911691230058335
10606,-215.0,506763.3714914322,0.049911691230058335
10607,-260.45000000000005,136219.83234286308,0.049911691230058335
10608,-263.6,35047.55011796951,0.049911691230058335
10609,-280.75,49607.64190512989,0.049911691230058335
10610,-328.8,72188.74638748169,0.049911691230058335
10611,-332.0,82908.94830083847,0.049911691230058335
10612,-391.90000000000003,43138.2001658082,0.049911691230058335
10613,-417.1,35918.78275960684,0.049911691230058335
10614,-421.25,124987.89462495223,0.049911691230058335
10615,-482.55,249213.06109189987,0.049911691230058335
10616,-485.75,45271.462774693966,0.049911691230058335
10617,-488.95000000000005,40577.85970169678,0.049911691230058335
10618,-492.15000000000003,63687.57536122948,0.049911691230058335
10619,-495.35,166141.88683706522,0.049911691230058335
10620,-556.1500000000001,102354.84148168564,0.049911691230058335
10621,-616.95,123698.63110340014,0.049911691230058335
10622,-677.75,164456.96699896455,0.049911691230058335
10623,-680.95,24854.765495300293,0.049911691230058335
10624,-684.1500000000001,15839.489652603865,0.049911691230058335
10625,-687.35,67090.84639978409,0.049911691230058335
10626,-690.5500000000001,27523.779190778732,0.049911691230058335
10627,-693.75,114501.60359670222,0.049911691230058335
10628,-709.6,162739.35390986502,0.049911691230058335
10629,-697.0500000000001,51869.36308915913,0.049911691230058335
10630,-683.45,36568.28523860872,0.049911691230058335
10631,-614.5,43986.5068128109,0.049911691230058335
10632,-602.4,227809.98206168413,0.049911691230058335
10633,-605.45,36437.2739559412,0.049911691230058335
10634,-582.2,66754.61742210388,0.049911691230058335
10635,-586.25,33530.406875133514,0.049911691230058335
10636,-590.35,102819.07407617569,0.049911691230058335
10637,-594.5,39905.568212557584,0.049911691230058335
10638,-439.20000000000005,30757.7760207057,0.049911691230058335
10639,-429.1,49750.2789812088,0.049911691230058335
10640,-416.95000000000005,59771.2150349617,0.049911691230058335
10641,-377.45000000000005,227762.7875905633,0.049911691230058335
10642,-325.85,53889.965799450874,0.049911691230058335
10643,-158.8,34817.81463766098,0.049911691230058335
10644,-156.95,45710.08263027668,0.049911691230058335
10645,-160.95,103996.9807267189,0.049911691230058335
10646,-163.75,175393.04299081862,0.049911691230058335
10647,-168.0,113706.96974440292,0.049911691230058335
10648,-131.5,45439.882102787495,0.049911691230058335
10649,-134.60000000000002,61997.848744392395,0.049911691230058335
10650,-141.05,39113.589869111776,0.049911691230058335
10651,-144.9,178042.39020442963,0.049911691230058335
10652,-177.70000000000002,43846.51386234164,0.049911691230058335
10653,-195.35,93056.61870870367,0.049911691230058335
10654,-198.45000000000002,140217.75271618366,0.049911691230058335
10655,-201.55,39947.12296180427,0.049911691230058335
10656,-205.65,31477.741319790483,0.049911691230058335
10657,-205.85,142300.34690982103,0.049911691230058335
10658,-206.35,26667.629552185535,0.049911691230058335
10659,-206.85000000000002,57933.19896283746,0.049911691230058335
10660,-211.95000000000002,144734.66666460037,0.049911691230058335
10661,-254.5,103073.97576522827,0.049911691230058335
10662,-258.65,41606.2079308033,0.049911691230058335
10663,-263.8,24693.029967069626,0.049911691230058335
10664,-268.95000000000005,45688.30165308714,0.049911691230058335
10665,-273.1,54220.68132642284,0.049911691230058335
10666,-320.25,29031.5877494812,0.049911691230058335
10667,-323.40000000000003,42334.02210652828,0.049911691230058335
10668,-383.25,36569.44831466675,0.049911691230058335
10669,-386.40000000000003,159104.13398064673,0.049911691230058335
10670,-446.25,107868.85818719864,0.049911691230058335
10671,-449.40000000000003,188724.3276028633,0.049911691230058335
10672,-452.55,67057.32488149405,0.049911691230058335
10673,-455.70000000000005,75217.33977556229,0.049911691230058335
10674,-458.85,43604.6773609221,0.049911691230058335
10675,-462.0,52126.37854015827,0.049911691230058335
10676,-465.15000000000003,44377.7764390707,0.049911691230058335
10677,-468.3,80604.14396049082,0.049911691230058335
10678,-528.1500000000001,191411.67965704203,0.049911691230058335
10679,-559.5,113857.00113095343,0.049911691230058335
10680,-546.85,48036.75274288654,0.049911691230058335
10681,-492.6,132968.44226390123,0.049911691230058335
10682,-488.05,65507.234108924866,0.049911691230058335
10683,-493.05,36763.141119509935,0.049911691230058335
10684,-498.15000000000003,123646.96721237898,0.049911691230058335
10685,-501.25,89916.81286883354,0.049911691230058335
10686,-504.35,87018.31750106812,0.049911691230058335
10687,-496.6,62935.12319135666,0.049911691230058335
10688,-499.65000000000003,20363.446973387152,0.049911691230058335
10689,-502.70000000000005,154123.24581193924,0.049911691230058335
10690,-506.8,48550.14268100262,0.049911691230058335
10691,-498.95000000000005,158894.55096054077,0.049911691230058335
10692,-502.0,45314.459676384926,0.049911691230058335
10693,-494.1,101886.64073479176,0.049911691230058335
10694,-545.25,27307.327758044004,0.049911691230058335
10695,-548.4000000000001,148171.35084688663,0.049911691230058335
10696,-609.25,64801.475047171116,0.049911691230058335
10697,-612.4,52445.30086660385,0.049911691230058335
10698,-656.65,42289.00614994764,0.049911691230058335
10699,-648.7,159453.77214336395,0.049911691230058335
10700,-453.15000000000003,111881.07407343388,0.049911691230058335
10701,-212.8,67362.9688629955,0.049911691230058335
10702,-199.60000000000002,105313.70246553421,0.049911691230058335
10703,-206.65,130992.3111743927,0.049911691230058335
10704,-203.20000000000002,37369.57430817187,0.049911691230058335
10705,-207.20000000000002,87584.28147172928,0.049911691230058335
10706,-249.85000000000002,325110.95826911926,0.049911691230058335
10707,-300.6,33435.18590307236,0.049911691230058335
10708,-304.55,42532.873514950275,0.049911691230058335
10709,-306.55,58286.64439469576,0.049911691230058335
10710,-303.35,216996.06353759766,0.049911691230058335
10711,-305.85,56161.909812152386,0.049911691230058335
10712,-363.8,61332.95663896203,0.049911691230058335
10713,-366.85,40179.44801354408,0.049911691230058335
10714,-369.90000000000003,81654.52183128893,0.049911691230058335
10715,-372.95000000000005,43712.28498494625,0.049911691230058335
10716,-432.3,242719.23661762476,0.049911691230058335
10717,-435.40000000000003,131923.4092080593,0.049911691230058335
10718,-494.3,49182.28943502903,0.049911691230058335
10719,-497.40000000000003,116292.5231398493,0.049911691230058335
10720,-556.3,69471.61147528887,0.049911691230058335
10721,-559.4,171363.44634070992,0.049911691230058335
10722,-562.5,31841.693653468043,0.049911691230058335
10723,-565.6,151152.59067759663,0.049911691230058335
10724,-525.75,34408.866386026144,0.049911691230058335
10725,-463.20000000000005,90868.94387090579,0.049911691230058335
10726,-527.8,31017.4023154974,0.049911691230058335
10727,-587.65,34388.84435400367,0.049911691230058335
10728,-590.8000000000001,44230.778519928455,0.049911691230058335
10729,-593.95,76771.48022580147,0.049911691230058335
10730,-583.75,67070.85884261131,0.049911691230058335
10731,-587.9,127048.13753449917,0.049911691230058335
10732,-578.1,59288.62994766235,0.049911691230058335
10733,-568.75,66166.0331722498,0.049911691230058335
10734,-560.85,87117.82981956005,0.049911691230058335
10735,-580.2,30436.718985557556,0.049911691230058335
10736,-554.85,84862.8805782944,0.049911691230058335
10737,-416.95000000000005,129264.62707012892,0.049911691230058335
10738,-236.70000000000002,148332.6488738656,0.049911691230058335
10739,-228.8,153609.14455366135,0.049911691230058335
10740,-230.0,76348.8332689777,0.049911691230058335
10741,-220.25,132745.97166860104,0.049911691230058335
10742,-209.35000000000002,53619.83014488593,0.049911691230058335
10743,-211.35000000000002,54815.509917378426,0.049911691230058335
10744,-215.25,62064.12506330013,0.049911691230058335
10745,-219.20000000000002,109958.84673500061,0.049911691230058335
10746,-222.15,84799.15617951751,0.049911691230058335
10747,-223.0,96265.52872252464,0.049911691230058335
10748,-225.9,47427.66817057133,0.049911691230058335
10749,-230.9,71683.32780367136,0.049911691230058335
10750,-236.0,79475.16898345947,0.049911691230058335
10751,-239.10000000000002,198799.8123333603,0.049911691230058335
10752,-243.25,38299.75133134425,0.049911691230058335
10753,-246.4,51323.39659537375,0.049911691230058335
10754,-249.55,61171.490878641605,0.049911691230058335
10755,-305.95,130111.19793605804,0.049911691230058335
10756,-309.0,71302.65304040909,0.049911691230058335
10757,-313.1,131495.77813649178,0.049911691230058335
10758,-316.2,76424.15114605427,0.049911691230058335
10759,-319.3,73367.24831324816,0.049911691230058335
10760,-322.40000000000003,36546.7458524704,0.049911691230058335
10761,-325.5,94753.54398937896,0.049911691230058335
10762,-384.40000000000003,71799.01953095198,0.049911691230058335
10763,-386.5,76296.0289092958,0.049911691230058335
10764,-414.5,50388.67425394058,0.049911691230058335
10765,-417.55,73073.61704392731,0.049911691230058335
10766,-419.6,215757.43542291597,0.049911691230058335
10767,-423.70000000000005,161692.0086069256,0.049911691230058335
10768,-425.8,160297.01169216633,0.049911691230058335
10769,-429.95000000000005,164201.04662454128,0.049911691230058335
10770,-489.8,66204.74242985249,0.049911691230058335
10771,-492.95000000000005,65210.80054974556,0.049911691230058335
10772,-552.8,45075.32616867125,0.049911691230058335
10773,-611.65,114266.29210233688,0.049911691230058335
10774,-672.5,80518.82422311604,0.049911691230058335
10775,-675.6500000000001,171906.72393173352,0.049911691230058335
10776,-678.8000000000001,135155.5264853686,0.049911691230058335
10777,-582.2,35924.56722763553,0.049911691230058335
10778,-569.7,325268.85288238525,0.049911691230058335
10779,-573.35,159489.72141951323,0.049911691230058335
10780,-548.3,74524.27567237616,0.049911691230058335
10781,-550.3,63482.652819395065,0.049911691230058335
10782,-551.25,181256.85372372344,0.049911691230058335
10783,-552.2,60684.72742539644,0.049911691230058335
10784,-555.1,71275.64323076606,0.049911691230058335
10785,-556.0,46762.37759757042,0.049911691230058335
10786,-556.9,36046.15699195862,0.049911691230058335
10787,-558.75,120378.05907988548,0.049911691230058335
10788,-559.6,108915.45964741707,0.049911691230058335
10789,-561.4,34261.44742871821,0.049911691230058335
10790,-584.1,147098.47534704208,0.049911691230058335
10791,-420.15000000000003,137392.43926370144,0.049911691230058335
10792,-425.20000000000005,101037.43068265915,0.049911691230058335
10793,-266.05,23187.005694735795,0.049911691230058335
10794,-200.75,40110.22567117214,0.049911691230058335
10795,-187.35000000000002,132273.03108036518,0.049911691230058335
10796,-153.65,89191.19614836574,0.049911691230058335
10797,-133.10000000000002,69981.04553540051,0.049911691230058335
10798,-134.65,29404.625576496124,0.049911691230058335
10799,-154.25,80115.07237100601,0.049911691230058335
10800,-151.9,78649.08928162232,0.049911691230058335
10801,-156.60000000000002,101802.53939819336,0.049911691230058335
10802,-164.55,49601.07615804672,0.049911691230058335
10803,-166.4,251129.61222083867,0.049911691230058335
10804,-169.75,56328.99370099604,0.049911691230058335
10805,-221.0,218070.66657319665,0.049911691230058335
10806,-251.75,131708.0889725685,0.049911691230058335
10807,-249.70000000000002,92310.57034999132,0.049911691230058335
10808,-260.0,92991.5926027298,0.049911691230058335
10809,-317.0,31060.98403072357,0.049911691230058335
10810,-320.0,243355.58610010147,0.049911691230058335
10811,-323.0,72589.49101448059,0.049911691230058335
10812,-380.0,62516.29506379366,0.049911691230058335
10813,-437.0,32794.13280427456,0.049911691230058335
10814,-440.0,219734.47329861298,0.049911691230058335
10815,-443.0,108739.19865870476,0.049911691230058335
10816,-446.0,124479.02147769928,0.049911691230058335
10817,-450.05,42124.32044714689,0.049911691230058335
10818,-453.1,123147.75111794472,0.049911691230058335
10819,-456.15000000000003,56562.15042901039,0.049911691230058335
10820,-459.20000000000005,68174.16416186094,0.049911691230058335
10821,-462.25,42466.70961911976,0.049911691230058335
10822,-520.2,84825.12745508552,0.049911691230058335
10823,-523.25,82579.26350313425,0.049911691230058335
10824,-526.3,57734.11643308401,0.049911691230058335
10825,-529.35,43367.72720295191,0.049911691230058335
10826,-555.85,30552.222741127014,0.049911691230058335
10827,-559.85,74057.43001458421,0.049911691230058335
10828,-562.85,155169.7047714144,0.049911691230058335
10829,-454.20000000000005,94722.68614149094,0.049911691230058335
10830,-446.3,111572.07229590416,0.049911691230058335
10831,-340.35,70033.82622672617,0.049911691230058335
10832,-334.45,47617.78988969326,0.049911691230058335
10833,-324.85,241561.25819815695,0.049911691230058335
10834,-327.7,130734.9472681284,0.049911691230058335
10835,-328.25,64660.93900384009,0.049911691230058335
10836,-326.95,84953.78466582298,0.049911691230058335
10837,-332.40000000000003,259965.82692301646,0.049911691230058335
10838,-338.3,88274.76285809278,0.049911691230058335
10839,-342.25,34641.986243247986,0.049911691230058335
10840,-348.35,128682.83429154754,0.049911691230058335
10841,-351.45,70883.44404578209,0.049911691230058335
10842,-354.55,38083.28231525421,0.049911691230058335
10843,-357.65000000000003,48248.49752610922,0.049911691230058335
10844,-358.0,28449.479177728295,0.049911691230058335
10845,-360.6,81725.1716247797,0.049911691230058335
10846,-347.40000000000003,477012.6268582344,0.049911691230058335
10847,-350.3,95987.00611406565,0.049911691230058335
10848,-356.3,56688.28724694252,0.049911691230058335
10849,-360.35,94727.52613663673,0.049911691230058335
10850,-364.40000000000003,54579.38374590874,0.049911691230058335
10851,-385.25,76013.27720050886,0.049911691230058335
10852,-257.1,57753.507096767426,0.049911691230058335
10853,-302.40000000000003,276383.5280644931,0.049911691230058335
10854,-304.45,88078.75592899323,0.049911691230058335
10855,-355.8,100519.17568212748,0.049911691230058335
10856,-358.85,123598.54078245163,0.049911691230058335
10857,-361.90000000000003,79930.0846786648,0.049911691230058335
10858,-364.95000000000005,87353.17045783997,0.049911691230058335
10859,-368.0,67998.54620742798,0.049911691230058335
10860,-364.75,34158.82933006063,0.049911691230058335
10861,-368.75,277235.19621658325,0.049911691230058335
10862,-371.65000000000003,25539.767685472965,0.049911691230058335
10863,-420.8,79799.01400709152,0.049911691230058335
10864,-268.4,155209.70511496067,0.049911691230058335
10865,-320.1,27839.376598332077,0.049911691230058335
10866,-323.35,60065.41086897254,0.049911691230058335
10867,-385.1,67324.89459562302,0.049911691230058335
10868,-446.85,113548.14398755133,0.049911691230058335
10869,-508.6,77687.42175483704,0.049911691230058335
10870,-511.85,75143.9549498558,0.049911691230058335
10871,-577.6,72243.22434086353,0.049911691230058335
10872,-638.35,81041.62788188457,0.049911691230058335
10873,-641.6,66512.1299276352,0.049911691230058335
10874,-520.85,46252.403634130955,0.049911691230058335
10875,-516.45,110668.99314498901,0.049911691230058335
10876,-519.25,181180.35242153704,0.049911691230058335
10877,-514.6500000000001,101702.47260046005,0.049911691230058335
10878,-510.20000000000005,51232.385575428605,0.049911691230058335
10879,-511.8,42658.562491863966,0.049911691230058335
10880,-355.90000000000003,163760.43921482563,0.049911691230058335
10881,-359.25,319846.96969890594,0.049911691230058335
10882,-326.85,50180.993324279785,0.049911691230058335
10883,-329.95,107840.82137829065,0.049911691230058335
10884,-331.5,37511.189499258995,0.049911691230058335
10885,-335.6,116252.78482198715,0.049911691230058335
10886,-384.05,286724.11482299864,0.049911691230058335
10887,-331.40000000000003,180472.67543939129,0.049911691230058335
10888,-330.45,75019.45449519157,0.049911691230058335
10889,-386.70000000000005,43206.20093822479,0.049911691230058335
10890,-382.6,153427.48739827052,0.049911691230058335
10891,-386.70000000000005,44438.55865097046,0.049911691230058335
10892,-389.8,61160.15669444576,0.049911691230058335
10893,-393.75,477834.40533030033,0.049911691230058335
10894,-396.75,105612.06115722656,0.049911691230058335
10895,-399.0,63471.43812817335,0.049911691230058335
10896,-386.90000000000003,38830.919089347124,0.049911691230058335
10897,-373.75,53617.84003986418,0.049911691230058335
10898,-371.25,742878.8432035446,0.049911691230058335
10899,-376.5,131348.99881216884,0.049911691230058335
10900,-379.75,55505.415204524994,0.049911691230058335
10901,-383.0,45954.0486638546,0.049911691230058335
10902,-386.25,36171.8155040741,0.049911691230058335
10903,-389.5,126852.56374335289,0.049911691230058335
10904,-392.75,125307.32418091595,0.049911691230058335
10905,-396.0,136948.31136602163,0.049911691230058335
10906,-399.25,59658.20443505049,0.049911691230058335
10907,-458.25,41017.404386520386,0.049911691230058335
10908,-461.5,168351.83055450022,0.049911691230058335
10909,-523.25,38136.41026562452,0.049911691230058335
10910,-526.5,144708.21714365482,0.049911691230058335
10911,-529.75,85914.29273509979,0.049911691230058335
10912,-591.5,72524.47300815582,0.049911691230058335
10913,-594.75,183284.14638149738,0.049911691230058335
10914,-598.0,55148.199379861355,0.049911691230058335
10915,-659.75,127802.19133496284,0.049911691230058335
10916,-692.4000000000001,26056.824275616556,0.049911691230058335
10917,-679.6,211306.11306405067,0.049911691230058335
10918,-454.05,106075.76732158661,0.049911691230058335
10919,-449.55,76890.03271985054,0.049911691230058335
10920,-333.7,112205.76987075806,0.049911691230058335
10921,-336.2,77167.5583857894,0.049911691230058335
10922,-339.45,92599.36872625351,0.049911691230058335
10923,-341.75,87788.55330047011,0.049911691230058335
10924,-283.20000000000005,90856.21638405323,0.049911691230058335
10925,-274.5,75217.30644869804,0.049911691230058335
10926,-266.05,286350.5403833389,0.049911691230058335
10927,-270.75,29944.44599469006,0.049911691230058335
10928,-275.8,78926.58485269547,0.049911691230058335
10929,-277.5,48316.58579146862,0.049911691230058335
10930,-280.20000000000005,20151.391913831234,0.049911691230058335
10931,-282.65,167872.2481777668,0.049911691230058335
10932,-287.75,60017.32894432545,0.049911691230058335
10933,-277.70000000000005,143988.88246649504,0.049911691230058335
10934,-283.9,57602.6735804677,0.049911691230058335
10935,-288.1,59979.43889045715,0.049911691230058335
10936,-292.3,42709.42234668508,0.049911691230058335
10937,-296.5,106058.43282677233,0.049911691230058335
10938,-321.45,46863.95903158188,0.049911691230058335
10939,-324.65000000000003,108266.18759995699,0.049911691230058335
10940,-373.40000000000003,67508.07702328265,0.049911691230058335
10941,-376.65000000000003,184596.80721986294,0.049911691230058335
10942,-379.90000000000003,43819.053065150976,0.049911691230058335
10943,-383.15000000000003,50832.98783804476,0.049911691230058335
10944,-386.40000000000003,38731.70894265175,0.049911691230058335
10945,-389.65000000000003,164255.110571146,0.049911691230058335
10946,-392.90000000000003,72299.72475862503,0.049911691230058335
10947,-396.15000000000003,100093.0274887681,0.049911691230058335
10948,-444.1,45779.29007220268,0.049911691230058335
10949,-493.85,51908.46172846109,0.049911691230058335
10950,-497.20000000000005,60781.78277397156,0.049911691230058335
10951,-500.55,205567.35652065277,0.049911691230058335
10952,-485.1,158525.62712927163,0.049911691230058335
10953,-457.45000000000005,163086.14839923382,0.049911691230058335
10954,-460.75,151996.56705965102,0.049911691230058335
10955,-525.1,57809.88880634308,0.049911691230058335
10956,-528.45,50354.75393807888,0.049911691230058335
10957,-592.1,83207.3263318874,0.049911691230058335
10958,-655.75,76644.93532544747,0.049911691230058335
10959,-719.4000000000001,105218.80228042603,0.049911691230058335
10960,-784.0500000000001,86770.10840439796,0.049911691230058335
10961,-756.0,62476.68018698692,0.049911691230058335
10962,-517.9000000000001,104184.22570204735,0.049911691230058335
10963,-405.40000000000003,40929.6654047966,0.049911691230058335
10964,-377.75,50131.09074725211,0.049911691230058335
10965,-381.65000000000003,33198.0615208745,0.049911691230058335
10966,-384.20000000000005,82289.66328155994,0.049911691230058335
10967,-389.20000000000005,275832.7694530487,0.049911691230058335
10968,-210.9,62160.77909189463,0.049911691230058335
10969,-237.35000000000002,158031.89468353987,0.049911691230058335
10970,-274.55,162913.00316286087,0.049911691230058335
10971,-256.6,61601.239055633545,0.049911691230058335
10972,-231.70000000000002,88507.95369911194,0.049911691230058335
10973,-280.55,48911.479882240295,0.049911691230058335
10974,-284.75,159078.1839454472,0.049911691230058335
10975,-304.5,62583.75587159395,0.049911691230058335
10976,-308.05,40168.03332364559,0.049911691230058335
10977,-369.20000000000005,50673.336899757385,0.049911691230058335
10978,-372.45000000000005,69762.10104998946,0.049911691230058335
10979,-374.20000000000005,57764.83073031902,0.049911691230058335
10980,-377.40000000000003,34120.35022749007,0.049911691230058335
10981,-380.6,103026.13570290804,0.049911691230058335
10982,-442.95000000000005,67341.30662178993,0.049911691230058335
10983,-504.70000000000005,86872.83609593287,0.049911691230058335
10984,-562.75,82520.22684937716,0.049911691230058335
10985,-593.9,39056.6379160434,0.049911691230058335
10986,-570.45,114987.34442973137,0.049911691230058335
10987,-547.0,60074.78948736191,0.049911691230058335
10988,-523.45,80329.78422951698,0.049911691230058335
10989,-526.3,134222.45943641663,0.049911691230058335
10990,-503.6,75330.19222487509,0.049911691230058335
10991,-480.90000000000003,56580.03908731043,0.049911691230058335
10992,-483.55,61611.29658985138,0.049911691230058335
10993,-485.20000000000005,41190.60935807228,0.049911691230058335
10994,-487.90000000000003,65541.34687829018,0.049911691230058335
10995,-485.65000000000003,68829.55345988274,0.049911691230058335
10996,-288.9,86310.77535259724,0.049911691230058335
10997,-282.45000000000005,123950.16272568703,0.049911691230058335
10998,-277.1,38931.74552842975,0.049911691230058335
10999,-269.8,80059.98951627314,0.049911691230058335
11000,-260.45000000000005,73347.03786087036,0.049911691230058335
11001,-253.20000000000002,62831.728796854615,0.049911691230058335
11002,-269.4,27534.03977882862,0.049911691230058335
11003,-239.05,97410.89200097322,0.049911691230058335
11004,-245.0,217801.7666348219,0.049911691230058335
11005,-136.60000000000002,30944.90060889721,0.049911691230058335
11006,-179.55,133083.83990383148,0.049911691230058335
11007,-182.45000000000002,116664.9006871283,0.049911691230058335
11008,-231.9,88100.22081643343,0.049911691230058335
11009,-274.3,155519.65201342106,0.049911691230058335
11010,-277.35,40434.33398631215,0.049911691230058335
11011,-312.1,193653.0759935379,0.049911691230058335
11012,-364.1,66889.02175629139,0.049911691230058335
11013,-421.95000000000005,53063.57329428196,0.049911691230058335
11014,-425.1,50056.83581611514,0.049911691230058335
11015,-485.95000000000005,60469.28536081314,0.049911691230058335
11016,-545.8,188772.40825104713,0.049911691230058335
11017,-549.95,148732.3437716402,0.049911691230058335
11018,-581.75,22836.379048258066,0.049911691230058335
11019,-585.0500000000001,54351.244941949844,0.049911691230058335
11020,-646.85,136234.98929327726,0.049911691230058335
11021,-644.3000000000001,168102.75863695145,0.049911691230058335
11022,-646.45,56899.95296251774,0.049911691230058335
11023,-649.6,74025.33953990042,0.049911691230058335
11024,-653.8000000000001,158391.5062814057,0.049911691230058335
11025,-548.0,17706.618009001017,0.049911691230058335
11026,-464.8,92036.66403481737,0.049911691230058335
11027,-394.20000000000005,40312.67033043504,0.049911691230058335
11028,-254.85000000000002,113501.56047564745,0.049911691230058335
11029,-242.20000000000002,33311.57671815157,0.049911691230058335
11030,-257.4,47093.27154433727,0.049911691230058335
11031,-244.3,68496.36501455307,0.049911691230058335
11032,-228.5,76375.99799442291,0.049911691230058335
11033,-211.75,70699.91582584381,0.049911691230058335
11034,-196.15,100471.29139995575,0.049911691230058335
11035,-201.05,40082.14813043177,0.049911691230058335
11036,-207.15,51046.9936154224,0.049911691230058335
11037,-210.25,116468.44928914309,0.049911691230058335
11038,-213.35000000000002,20808.55763937533,0.049911691230058335
11039,-216.45000000000002,37012.12734410167,0.049911691230058335
11040,-215.10000000000002,192721.40916335583,0.049911691230058335
11041,-209.70000000000002,219833.29952612892,0.049911691230058335
11042,-202.10000000000002,56891.03103257716,0.049911691230058335
11043,-198.55,107795.18100309372,0.049911691230058335
11044,-197.75,44789.95582032204,0.049911691230058335
11045,-194.20000000000002,39020.670585393906,0.049911691230058335
11046,-189.60000000000002,69670.5330182463,0.049911691230058335
11047,-184.9,369872.65154761076,0.049911691230058335
11048,-165.8,42504.96326994896,0.049911691230058335
11049,-155.65,74203.52221250534,0.049911691230058335
11050,-145.5,42294.19235742092,0.049911691230058335
11051,-133.85000000000002,126328.21966791153,0.049911691230058335
11052,-131.65,54279.51061394811,0.049911691230058335
11053,-133.85000000000002,51209.194701075554,0.049911691230058335
11054,-136.2,77676.47001838684,0.049911691230058335
11055,-132.7,151710.10563230515,0.049911691230058335
11056,-127.7,78052.11462306976,0.049911691230058335
11057,-136.55,51133.11684179306,0.049911691230058335
11058,-139.05,66519.86605203152,0.049911691230058335
11059,-142.60000000000002,60205.11909890175,0.049911691230058335
11060,-147.3,38961.316458672285,0.049911691230058335
11061,-150.05,44449.98921394348,0.049911691230058335
11062,-153.75,110288.78249263763,0.049911691230058335
11063,-159.55,39434.75373400748,0.049911691230058335
11064,-160.75,184933.6559691429,0.049911691230058335
11065,-202.85000000000002,187776.37242245674,0.049911691230058335
11066,-241.35000000000002,47829.128017663956,0.049911691230058335
11067,-245.15,34794.70138788223,0.049911691230058335
11068,-250.05,50599.66166448593,0.049911691230058335
11069,-252.95000000000002,53752.05336356163,0.049911691230058335
11070,-255.85000000000002,210794.14699709415,0.049911691230058335
11071,-258.75,87231.42592144385,0.049911691230058335
11072,-301.0,48151.72995901108,0.049911691230058335
11073,-350.55,177844.12177981436,0.049911691230058335
11074,-355.6,22172.292160883546,0.049911691230058335
11075,-359.65000000000003,59759.24243950844,0.049911691230058335
11076,-411.6,75969.20661985874,0.049911691230058335
11077,-471.95000000000005,112329.01170945168,0.049911691230058335
11078,-460.25,40113.62406171858,0.049911691230058335
11079,-448.90000000000003,192674.22563660145,0.049911691230058335
11080,-502.5,49815.50428152084,0.049911691230058335
11081,-505.70000000000005,100101.97905005515,0.049911691230058335
11082,-566.3000000000001,60820.99042904377,0.049911691230058335
11083,-535.85,347055.8420919776,0.049911691230058335
11084,-494.70000000000005,79918.88801532984,0.049911691230058335
11085,-472.8,17004.542422294617,0.049911691230058335
11086,-465.25,139395.04595136642,0.049911691230058335
11087,-457.75,43076.307691156864,0.049911691230058335
11088,-450.25,34185.8544883728,0.049911691230058335
11089,-442.75,29610.455080986023,0.049911691230058335
11090,-439.05,137251.63685156405,0.049911691230058335
11091,-444.05,132530.90379858017,0.049911691230058335
11092,-295.85,61780.611117720604,0.049911691230058335
11093,-299.90000000000003,111406.87834602967,0.049911691230058335
11094,-188.65,31071.127053052187,0.049911691230058335
11095,-136.9,59977.552590847015,0.049911691230058335
11096,-166.10000000000002,55141.83298482001,0.049911691230058335
11097,-163.2,113965.20693362132,0.049911691230058335
11098,-163.7,63774.96950221062,0.049911691230058335
11099,-165.5,42808.745730701834,0.049911691230058335
11100,-164.60000000000002,48222.80951440334,0.049911691230058335
11101,-164.05,63300.790863990784,0.049911691230058335
11102,-165.75,64955.77976614237,0.049911691230058335
11103,-166.20000000000002,157160.281478405,0.049911691230058335
11104,-167.9,19364.212952975184,0.049911691230058335
11105,-164.3,31410.146370563656,0.049911691230058335
11106,-164.05,51305.51558710635,0.049911691230058335
11107,-167.55,37392.23760333657,0.049911691230058335
11108,-166.25,210115.6907385923,0.049911691230058335
11109,-171.9,70273.07946730033,0.049911691230058335
11110,-174.6,40708.95316976309,0.049911691230058335
11111,-180.55,30491.018560230732,0.049911691230058335
11112,-184.55,103429.70014214516,0.049911691230058335
11113,-187.55,18738.769899487495,0.049911691230058335
11114,-191.6,44195.65664148331,0.049911691230058335
11115,-208.8,55841.901765499264,0.049911691230058335
11116,-244.45000000000002,21120.951806128025,0.049911691230058335
11117,-250.35000000000002,82063.26840341091,0.049911691230058335
11118,-252.20000000000002,70565.1345230937,0.049911691230058335
11119,-259.3,76987.82651051879,0.049911691230058335
11120,-262.35,49435.8722653985,0.049911691230058335
11121,-267.55,89081.2517285347,0.049911691230058335
11122,-271.8,49098.585198655725,0.049911691230058335
11123,-259.0,97654.87189531326,0.049911691230058335
11124,-262.20000000000005,173212.83181728423,0.049911691230058335
11125,-263.70000000000005,151542.94917608798,0.049911691230058335
11126,-266.85,25935.96250665188,0.049911691230058335
11127,-271.05,29209.515952840447,0.049911691230058335
11128,-275.3,37713.74616880715,0.049911691230058335
11129,-277.45000000000005,36553.47546720505,0.049911691230058335
11130,-281.70000000000005,74730.24066615105,0.049911691230058335
11131,-284.95000000000005,83061.95040798187,0.049911691230058335
11132,-288.20000000000005,65963.2575237751,0.049911691230058335
11133,-292.5,191151.18336695433,0.049911691230058335
11134,-295.8,39321.81734919548,0.049911691230058335
11135,-358.5,86271.59825970232,0.049911691230058335
11136,-425.20000000000005,41872.16365635395,0.049911691230058335
11137,-428.5,32379.92501653731,0.049911691230058335
11138,-430.8,41388.43235373497,0.049911691230058335
11139,-433.1,190043.7472025901,0.049911691230058335
11140,-495.8,44467.02088716626,0.049911691230058335
11141,-498.1,53805.38640165329,0.049911691230058335
11142,-530.7,31301.50492376089,0.049911691230058335
11143,-601.35,155783.5441030413,0.049911691230058335
11144,-606.65,146975.06385737658,0.049911691230058335
11145,-625.65,48352.752437233925,0.049911691230058335
11146,-620.1,141902.5625731945,0.049911691230058335
11147,-623.2,39393.35267162323,0.049911691230058335
11148,-626.3000000000001,41497.51362490654,0.049911691230058335
11149,-627.95,131703.52146434784,0.049911691230058335
11150,-631.0,54526.77738761902,0.049911691230058335
11151,-635.1,245003.9628083706,0.049911691230058335
11152,-638.2,63732.04886865616,0.049911691230058335
11153,-639.75,53371.92426979542,0.049911691230058335
11154,-641.6,16844.094005078077,0.049911691230058335
11155,-644.6,161240.26194000244,0.049911691230058335
11156,-645.85,196396.7339733839,0.049911691230058335
11157,-648.8000000000001,17731.14095327258,0.049911691230058335
11158,-639.6,220390.82829409838,0.049911691230058335
11159,-528.7,82288.58844095469,0.049911691230058335
11160,-531.55,165672.66214627028,0.049911691230058335
11161,-532.45,143485.54810285568,0.049911691230058335
11162,-556.35,55422.87983131409,0.049911691230058335
11163,-444.3,131087.3245792389,0.049911691230058335
11164,-272.9,46424.93041354418,0.049911691230058335
11165,-276.05,108312.23210763931,0.049911691230058335
11166,-324.1,142467.16441571712,0.049911691230058335
11167,-284.5,45524.974365923554,0.049911691230058335
11168,-253.85000000000002,143338.88656029478,0.049911691230058335
11169,-317.25,81072.52171182632,0.049911691230058335
11170,-378.05,119133.58295702934,0.049911691230058335
11171,-381.25,72797.12659364939,0.049911691230058335
11172,-443.05,110388.98369297758,0.049911691230058335
11173,-505.20000000000005,114024.16617429256,0.049911691230058335
11174,-508.45000000000005,78174.28082126379,0.049911691230058335
11175,-511.70000000000005,73610.25411891937,0.049911691230058335
11176,-514.95,26229.277752257884,0.049911691230058335
11177,-518.2,123375.18024802208,0.049911691230058335
11178,-556.8,74183.88930279016,0.049911691230058335
11179,-560.05,54768.67666453123,0.049911691230058335
11180,-564.3000000000001,25727.495608329773,0.049911691230058335
11181,-595.0,69742.00750249624,0.049911691230058335
11182,-597.2,110615.04705244303,0.049911691230058335
11183,-469.15000000000003,210503.8176304251,0.049911691230058335
11184,-322.7,98650.09957396984,0.049911691230058335
11185,-311.55,114580.46971309185,0.049911691230058335
11186,-288.3,108491.37478899956,0.049911691230058335
11187,-277.95000000000005,86755.232483387,0.049911691230058335
11188,-271.1,28151.406907320023,0.049911691230058335
11189,-270.95000000000005,33211.408619463444,0.049911691230058335
11190,-275.65,50686.39688483253,0.049911691230058335
11191,-280.55,90247.48410224915,0.049911691230058335
11192,-284.5,91525.41692626476,0.049911691230058335
11193,-287.45000000000005,98732.26431703568,0.049911691230058335
11194,-291.45000000000005,32384.658860087395,0.049911691230058335
11195,-294.45000000000005,157499.17348086834,0.049911691230058335
11196,-298.5,33195.908917307854,0.049911691230058335
11197,-300.1,179811.32288894057,0.049911691230058335
11198,-302.75,77556.2446205765,0.049911691230058335
11199,-307.85,82025.71584409475,0.049911691230058335
11200,-316.75,43699.97749149799,0.049911691230058335
11201,-318.7,88913.7644662857,0.049911691230058335
11202,-325.90000000000003,127268.36085963249,0.049911691230058335
11203,-321.7,73451.93105792999,0.049911691230058335
11204,-311.3,66194.0520991236,0.049911691230058335
11205,-230.95000000000002,127878.64027500153,0.049911691230058335
11206,-281.4,56296.17824846506,0.049911691230058335
11207,-285.75,37801.55419206619,0.049911691230058335
11208,-226.4,69487.35354423523,0.049911691230058335
11209,-204.70000000000002,32144.661155834794,0.049911691230058335
11210,-190.45000000000002,176514.25497156382,0.049911691230058335
11211,-238.15,94409.11643435061,0.049911691230058335
11212,-299.6,120182.47426636517,0.049911691230058335
11213,-302.8,187271.64668500423,0.049911691230058335
11214,-306.0,95078.24329096079,0.049911691230058335
11215,-309.2,225582.6978868246,0.049911691230058335
11216,-312.40000000000003,80585.44126224518,0.049911691230058335
11217,-315.6,98652.12827640772,0.049911691230058335
11218,-318.8,63666.237691402435,0.049911691230058335
11219,-322.0,163061.91819953918,0.049911691230058335
11220,-325.2,89902.25430834666,0.049911691230058335
11221,-328.40000000000003,52415.59629845619,0.049911691230058335
11222,-331.6,116531.40911960602,0.049911691230058335
11223,-334.8,108690.37854498625,0.049911691230058335
11224,-338.0,42626.118899822235,0.049911691230058335
11225,-341.2,136513.72873711586,0.049911691230058335
11226,-344.40000000000003,108055.73364645243,0.049911691230058335
11227,-347.6,50639.79547458887,0.049911691230058335
11228,-351.8,344819.1469742097,0.049911691230058335
11229,-356.0,80183.26109024882,0.049911691230058335
11230,-359.20000000000005,64725.30216080323,0.049911691230058335
11231,-363.40000000000003,130045.00034940243,0.049911691230058335
11232,-421.20000000000005,151404.9164212346,0.049911691230058335
11233,-483.0,26190.519967377186,0.049911691230058335
11234,-486.20000000000005,89702.51660251617,0.049911691230058335
11235,-487.8,82553.6492112875,0.049911691230058335
11236,-509.05,55891.15027284622,0.049911691230058335
11237,-320.3,135047.9580760002,0.049911691230058335
11238,-311.65000000000003,146561.5202012062,0.049911691230058335
11239,-262.6,38141.56316202879,0.049911691230058335
11240,-266.70000000000005,55822.59248274565,0.049911691230058335
11241,-269.8,139597.019115448,0.049911691230058335
11242,-264.8,77718.34725856781,0.049911691230058335
11243,-265.15,46872.357061862946,0.049911691230058335
11244,-253.95000000000002,70034.08895254135,0.049911691230058335
11245,-249.9,94730.46174025536,0.049911691230058335
11246,-241.10000000000002,73830.42924322188,0.049911691230058335
11247,-235.20000000000002,53564.48946672678,0.049911691230058335
11248,-225.5,204835.23875248432,0.049911691230058335
11249,-221.9,39923.49315673113,0.049911691230058335
11250,-268.9,47983.843363497406,0.049911691230058335
11251,-267.70000000000005,92326.27389298752,0.049911691230058335
11252,-267.5,95653.52310085297,0.049911691230058335
11253,-267.4,108163.13086819649,0.049911691230058335
11254,-267.20000000000005,152958.67026251927,0.049911691230058335
11255,-290.3,31380.856509685516,0.049911691230058335
11256,-324.95,66811.22131586075,0.049911691230058335
11257,-328.1,147411.4061356224,0.049911691230058335
11258,-377.40000000000003,159417.0522184968,0.049911691230058335
11259,-364.15000000000003,74371.14288556576,0.049911691230058335
11260,-365.15000000000003,45588.05237841606,0.049911691230058335
11261,-370.20000000000005,147116.9893309474,0.049911691230058335
11262,-366.20000000000005,67402.55243124068,0.049911691230058335
11263,-347.7,113415.55284786224,0.049911691230058335
11264,-351.8,61470.48190712929,0.049911691230058335
11265,-354.90000000000003,38282.82293224335,0.049911691230058335
11266,-359.05,79915.86869454384,0.049911691230058335
11267,-363.25,58158.37105059624,0.049911691230058335
11268,-366.45000000000005,35123.75572562218,0.049911691230058335
11269,-356.20000000000005,125979.80972987413,0.049911691230058335
11270,-347.15000000000003,68674.7855719626,0.049911691230058335
11271,-351.25,60605.47658061981,0.049911691230058335
11272,-355.40000000000003,31705.404663801193,0.049911691230058335
11273,-360.65000000000003,30207.30915480852,0.049911691230058335
11274,-363.90000000000003,76471.3365830183,0.049911691230058335
11275,-367.15000000000003,239414.87054267898,0.049911691230058335
11276,-370.40000000000003,35612.15058875084,0.049911691230058335
11277,-373.65000000000003,37989.30517530441,0.049911691230058335
11278,-376.90000000000003,139524.11623579636,0.049911691230058335
11279,-380.15000000000003,37123.43501891196,0.049911691230058335
11280,-381.25,142447.16703802347,0.049911691230058335
11281,-384.45000000000005,45739.36058270931,0.049911691230058335
11282,-387.65000000000003,61146.25179862976,0.049911691230058335
11283,-390.85,64855.206350684166,0.049911691230058335
11284,-395.1,37336.82195007801,0.049911691230058335
11285,-399.40000000000003,74064.16325942054,0.049911691230058335
11286,-402.70000000000005,208206.33181625605,0.049911691230058335
11287,-403.65000000000003,130398.22985735536,0.049911691230058335
11288,-408.95000000000005,55430.47625184059,0.049911691230058335
11289,-467.20000000000005,41426.43375915289,0.049911691230058335
11290,-526.95,119326.55871869624,0.049911691230058335
11291,-531.2,41464.808019816875,0.049911691230058335
11292,-535.45,34013.356299459934,0.049911691230058335
11293,-538.7,53583.37356120348,0.049911691230058335
11294,-541.95,68576.26494915783,0.049911691230058335
11295,-545.2,79715.79796895757,0.049911691230058335
11296,-548.45,68082.14042259753,0.049911691230058335
11297,-550.7,166807.83015403524,0.049911691230058335
11298,-553.95,62838.79545199871,0.049911691230058335
11299,-557.2,109162.22387686372,0.049911691230058335
11300,-601.6,45004.618584275246,0.049911691230058335
11301,-604.85,201313.94883424044,0.049911691230058335
11302,-665.6,202705.22106605768,0.049911691230058335
11303,-668.85,137732.43179744855,0.049911691230058335
11304,-672.1,41435.29747343063,0.049911691230058335
11305,-665.5,27754.89869204536,0.049911691230058335
11306,-659.9,26385.612709611654,0.049911691230058335
11307,-562.85,115333.8138692379,0.049911691230058335
11308,-508.8,189605.09660169482,0.049911691230058335
11309,-511.1,44262.22082270682,0.049911691230058335
11310,-515.25,104400.12646044791,0.049911691230058335
11311,-551.6500000000001,53044.45923675597,0.049911691230058335
11312,-554.9000000000001,66968.2516015768,0.049911691230058335
11313,-614.65,193897.8790564537,0.049911691230058335
11314,-617.9,178571.93545627594,0.049911691230058335
11315,-432.20000000000005,75873.89594632387,0.049911691230058335
11316,-424.1,62310.44577598572,0.049911691230058335
11317,-410.75,63976.335052490234,0.049911691230058335
11318,-399.1,155208.5766966939,0.049911691230058335
11319,-411.5,53435.43474367261,0.049911691230058335
11320,-395.1,77190.67194214836,0.049911691230058335
11321,-385.75,79546.39446637034,0.049911691230058335
11322,-380.70000000000005,47645.653104964644,0.049911691230058335
11323,-378.5,182558.36553764343,0.049911691230058335
11324,-376.75,57749.71876215935,0.049911691230058335
11325,-381.65000000000003,36095.632805630565,0.049911691230058335
11326,-382.1,38606.49839925766,0.049911691230058335
11327,-385.35,77847.45979693905,0.049911691230058335
11328,-354.15000000000003,44758.09070777893,0.049911691230058335
11329,-353.5,40103.829912249,0.049911691230058335
11330,-358.45000000000005,47055.626440286636,0.049911691230058335
11331,-355.8,66374.42256870866,0.049911691230058335
11332,-360.85,56219.13836622238,0.049911691230058335
11333,-363.90000000000003,184180.0196083784,0.049911691230058335
11334,-235.20000000000002,90722.45147383213,0.049911691230058335
11335,-238.25,189528.17957133055,0.049911691230058335
11336,-239.95000000000002,63201.216657578945,0.049911691230058335
11337,-230.4,56758.63680072129,0.049911691230058335
11338,-229.15,112268.01296905056,0.049911691230058335
11339,-228.95000000000002,109084.07422447205,0.049911691230058335
11340,-230.55,175474.52435922623,0.049911691230058335
11341,-232.65,79404.45538401604,0.049911691230058335
11342,-218.75,82566.83922329545,0.049911691230058335
11343,-140.95,42315.42835855484,0.049911691230058335
11344,-147.0,56156.48863697052,0.049911691230058335
11345,-198.6,138075.04386901855,0.049911691230058335
11346,-196.35,43384.37590146065,0.049911691230058335
11347,-200.5,169371.886775285,0.049911691230058335
11348,-203.65,78328.77659034729,0.049911691230058335
11349,-205.65,157684.79182249308,0.049911691230058335
11350,-270.65,193541.19260908663,0.049911691230058335
11351,-335.40000000000003,148115.88027811423,0.049911691230058335
11352,-337.65000000000003,22911.220826536417,0.049911691230058335
11353,-339.90000000000003,57032.02440871298,0.049911691230058335
11354,-342.15000000000003,87485.91047924757,0.049911691230058335
11355,-345.40000000000003,213771.7499818802,0.049911691230058335
11356,-348.65000000000003,130423.65090298653,0.049911691230058335
11357,-350.90000000000003,60598.86825850606,0.049911691230058335
11358,-354.15000000000003,91041.53381200135,0.049911691230058335
11359,-357.40000000000003,140522.61867523193,0.049911691230058335
11360,-360.65000000000003,140347.40269470215,0.049911691230058335
11361,-364.90000000000003,90427.94014644623,0.049911691230058335
11362,-367.15000000000003,42963.6944356896,0.049911691230058335
11363,-371.40000000000003,150261.16948351264,0.049911691230058335
11364,-433.15000000000003,80490.14016093314,0.049911691230058335
11365,-373.6,253618.9793816544,0.049911691230058335
11366,-368.8,226793.2670686245,0.049911691230058335
11367,-364.0,83755.58154824749,0.049911691230058335
11368,-367.90000000000003,65502.335694134235,0.049911691230058335
11369,-309.2,119344.71607339382,0.049911691230058335
11370,-305.7,92124.3213810958,0.049911691230058335
11371,-299.05,18372.61507946253,0.049911691230058335
11372,-301.25,52292.055015444756,0.049911691230058335
11373,-297.05,67215.40138019621,0.049911691230058335
11374,-318.45,45008.67075777054,0.049911691230058335
11375,-371.20000000000005,46547.36918258667,0.049911691230058335
11376,-374.35,124356.80798456445,0.049911691230058335
11377,-428.0,125202.65649402142,0.049911691230058335
11378,-431.25,111504.22523269057,0.049911691230058335
11379,-434.5,44066.57586765289,0.049911691230058335
11380,-483.05,66686.47467185557,0.049911691230058335
11381,-442.05,64669.80624675751,0.049911691230058335
11382,-445.15000000000003,187042.2529554367,0.049911691230058335
11383,-448.25,36334.17966198921,0.049911691230058335
11384,-428.75,63377.07263505459,0.049911691230058335
11385,-417.05,19648.20867371559,0.049911691230058335
11386,-421.15000000000003,54793.82080259919,0.049911691230058335
11387,-425.3,154625.58679819107,0.049911691230058335
11388,-460.40000000000003,124368.26963663474,0.049911691230058335
11389,-314.35,89495.55601556599,0.049911691230058335
11390,-311.95,130857.72840387002,0.049911691230058335
11391,-315.2,62948.36433506012,0.049911691230058335
11392,-318.45,16946.470648899674,0.049911691230058335
11393,-380.20000000000005,43048.63811182976,0.049911691230058335
11394,-383.45000000000005,36030.193093299866,0.049911691230058335
11395,-386.70000000000005,105236.17829829454,0.049911691230058335
11396,-456.45000000000005,38167.67330002785,0.049911691230058335
11397,-511.20000000000005,52673.48233002424,0.049911691230058335
11398,-514.45,244165.15013964474,0.049911691230058335
11399,-577.2,105365.79283118248,0.049911691230058335
11400,-581.45,43343.77729034424,0.049911691230058335
11401,-589.5,47664.15031439066,0.049911691230058335
11402,-576.4,47875.806134883314,0.049911691230058335
11403,-550.7,76399.16047000885,0.049911691230058335
11404,-221.20000000000002,38112.17037051916,0.049911691230058335
11405,-224.5,76206.4011619091,0.049911691230058335
11406,-227.85000000000002,177939.4603934288,0.049911691230058335
11407,-230.15,56765.237512648106,0.049911691230058335
11408,-233.55,60852.59850490093,0.049911691230058335
11409,-238.5,38274.81802666187,0.049911691230058335
11410,-233.65,157432.3327511549,0.049911691230058335
11411,-233.65,32322.416537225246,0.049911691230058335
11412,-238.60000000000002,28099.540878623724,0.049911691230058335
11413,-234.70000000000002,87792.13511759043,0.049911691230058335
11414,-230.85000000000002,112964.44625335932,0.049911691230058335
11415,-234.85000000000002,49110.32820607722,0.049911691230058335
11416,-237.85000000000002,50926.833812300116,0.049911691230058335
11417,-241.9,119050.55559158325,0.049911691230058335
11418,-243.85000000000002,28045.100118905306,0.049911691230058335
11419,-244.60000000000002,107073.8102107048,0.049911691230058335
11420,-247.60000000000002,56259.03167809546,0.049911691230058335
11421,-252.70000000000002,108780.35041189194,0.049911691230058335
11422,-255.8,153215.72408133745,0.049911691230058335
11423,-258.9,40727.81106644869,0.049911691230058335
11424,-245.95000000000002,26330.22679209709,0.049911691230058335
11425,-232.95000000000002,200155.34437948465,0.049911691230058335
11426,-281.9,118987.15911176801,0.049911691230058335
11427,-325.0,62026.15576817095,0.049911691230058335
11428,-384.0,66181.17426371574,0.049911691230058335
11429,-364.40000000000003,66132.44025719166,0.049911691230058335
11430,-397.1,58073.57119418681,0.049911691230058335
11431,-399.3,69632.52800555527,0.049911691230058335
11432,-440.20000000000005,42461.76726466417,0.049911691230058335
11433,-443.40000000000003,14219.826334062964,0.049911691230058335
11434,-446.6,37629.92721292749,0.049911691230058335
11435,-449.8,64479.997072935104,0.049911691230058335
11436,-450.5,19055.972536686808,0.049911691230058335
11437,-453.65000000000003,62475.286741793156,0.049911691230058335
11438,-465.3,123959.18319666386,0.049911691230058335
11439,-468.45000000000005,116150.58811986446,0.049911691230058335
11440,-472.65000000000003,28723.35037234798,0.049911691230058335
11441,-475.85,40019.2172370553,0.049911691230058335
11442,-479.05,106886.73937201872,0.049911691230058335
11443,-537.6500000000001,41194.9620385766,0.049911691230058335
11444,-540.9000000000001,77330.57904100418,0.049911691230058335
11445,-540.6,140559.24398845434,0.049911691230058335
11446,-602.35,32783.9003110528,0.049911691230058335
11447,-605.6,46568.2811675556,0.049911691230058335
11448,-608.85,31795.463014498353,0.049911691230058335
11449,-670.6,104161.92033207417,0.049911691230058335
11450,-733.35,81520.04118865728,0.049911691230058335
11451,-736.6,62977.09762008488,0.049911691230058335
11452,-739.85,206201.039290905,0.049911691230058335
11453,-743.1,50092.01397418976,0.049911691230058335
11454,-809.85,41907.29203954339,0.049911691230058335
11455,-813.1,117504.60051679611,0.049911691230058335
11456,-563.5,85460.02057468891,0.049911691230058335
11457,-521.7,20246.79058560729,0.049911691230058335
11458,-495.0,35228.925011992455,0.049911691230058335
11459,-472.0,57989.721620455384,0.049911691230058335
11460,-444.95000000000005,58597.76834344864,0.049911691230058335
11461,-439.55,73890.34832382202,0.049911691230058335
11462,-430.55,32148.895942363888,0.049911691230058335
11463,-423.0,43568.88283492625,0.049911691230058335
11464,-403.70000000000005,32602.794318050146,0.049911691230058335
11465,-289.3,32134.332564115524,0.049911691230058335
11466,-336.95,46318.80929066241,0.049911691230058335
11467,-340.1,201924.69606113434,0.049911691230058335
11468,-380.65000000000003,68270.51279425621,0.049911691230058335
11469,-383.95000000000005,170418.1433686018,0.049911691230058335
11470,-429.0,61249.71182489395,0.049911691230058335
11471,-432.25,97009.03647232056,0.049911691230058335
11472,-422.40000000000003,37177.68400657177,0.049911691230058335
11473,-412.5,63139.38398241997,0.049911691230058335
11474,-299.5,75749.63352775574,0.049911691230058335
11475,-359.5,192612.17695617676,0.049911691230058335
11476,-362.85,228201.4733185768,0.049911691230058335
11477,-366.20000000000005,68342.4257001616,0.049911691230058335
11478,-369.55,66652.70724770427,0.049911691230058335
11479,-372.90000000000003,57577.56198118627,0.049911691230058335
11480,-374.75,19412.063945025206,0.049911691230058335
11481,-379.1,122841.79144477844,0.049911691230058335
11482,-355.65000000000003,107598.13289248943,0.049911691230058335
11483,-344.65000000000003,136920.79562544823,0.049911691230058335
11484,-339.2,41705.952043771744,0.049911691230058335
11485,-333.55,77720.60673671961,0.049911691230058335
11486,-285.0,165496.39578905702,0.049911691230058335
11487,-323.7,40646.08155655861,0.049911691230058335
11488,-372.1,35018.76841402054,0.049911691230058335
11489,-430.05,35250.78241753578,0.049911691230058335
11490,-493.0,52877.06871283054,0.049911691230058335
11491,-549.95,37426.7174551487,0.049911691230058335
11492,-553.0,100218.8863120228,0.049911691230058335
11493,-508.25,167026.8163934946,0.049911691230058335
11494,-494.45000000000005,48114.33482313156,0.049911691230058335
11495,-467.05,23628.850930992514,0.049911691230058335
11496,-433.20000000000005,33160.612314879894,0.049911691230058335
11497,-395.25,37611.08448445797,0.049911691230058335
11498,-384.90000000000003,166436.71452909708,0.049911691230058335
11499,-368.95000000000005,64586.57996177673,0.049911691230058335
11500,-360.55,148210.00261741877,0.049911691230058335
11501,-345.5,29524.646450966597,0.049911691230058335
11502,-328.45,26066.548175662756,0.049911691230058335
11503,-323.65000000000003,177654.01451722533,0.049911691230058335
11504,-307.95,111439.16668725014,0.049911691230058335
11505,-285.25,88598.10804438591,0.049911691230058335
11506,-288.1,42296.65521598235,0.049911691230058335
11507,-347.25,153385.5100593567,0.049911691230058335
11508,-343.8,64537.65078163147,0.049911691230058335
11509,-343.5,22433.199882030487,0.049911691230058335
11510,-319.25,80566.49323642254,0.049911691230058335
11511,-324.1,67958.60480237007,0.049911691230058335
11512,-376.20000000000005,58652.56298005581,0.049911691230058335
11513,-379.25,36119.48603822291,0.049911691230058335
11514,-382.3,134924.8351997286,0.049911691230058335
11515,-382.75,34897.0513009429,0.049911691230058335
11516,-366.5,88081.40778889135,0.049911691230058335
11517,-420.1,68284.1591552794,0.049911691230058335
11518,-421.1,41975.59632018581,0.049911691230058335
11519,-479.70000000000005,138429.9282234311,0.049911691230058335
11520,-482.75,46143.61429595947,0.049911691230058335
11521,-485.8,33374.75958430767,0.049911691230058335
11522,-488.85,48153.895128801465,0.049911691230058335
11523,-540.25,183172.2737645656,0.049911691230058335
11524,-531.25,42666.33885908127,0.049911691230058335
11525,-589.3000000000001,212240.9718811512,0.049911691230058335
11526,-592.5,87603.54485940933,0.049911691230058335
11527,-595.7,57635.812679145485,0.049911691230058335
11528,-494.3,183799.6029932499,0.049911691230058335
11529,-448.15000000000003,132542.63468885422,0.049911691230058335
11530,-450.45000000000005,79589.43464016914,0.049911691230058335
11531,-455.55,23852.32047346607,0.049911691230058335
11532,-433.75,170800.11241680384,0.049911691230058335
11533,-435.75,19983.7787809968,0.049911691230058335
11534,-438.90000000000003,35420.08817988634,0.049911691230058335
11535,-440.05,104429.19622516632,0.049911691230058335
11536,-416.3,159854.41335260868,0.049911691230058335
11537,-420.40000000000003,13071.9684009552,0.049911691230058335
11538,-424.55,91543.59738840163,0.049911691230058335
11539,-427.70000000000005,51043.060288954526,0.049911691230058335
11540,-431.85,95090.98041319847,0.049911691230058335
11541,-436.0,20604.307547807693,0.049911691230058335
11542,-439.15000000000003,46163.56788665056,0.049911691230058335
11543,-442.3,21789.473788276315,0.049911691230058335
11544,-445.45000000000005,101565.8141759932,0.049911691230058335
11545,-447.6,315971.6039557457,0.049911691230058335
11546,-450.75,180706.1533174552,0.049911691230058335
11547,-453.90000000000003,34822.02620720863,0.049911691230058335
11548,-458.05,58447.93509197235,0.049911691230058335
11549,-462.20000000000005,66464.58770644665,0.049911691230058335
11550,-466.35,38541.18427455425,0.049911691230058335
11551,-471.5,60725.61472906172,0.049911691230058335
11552,-474.65000000000003,52055.953554689884,0.049911691230058335
11553,-477.8,268123.05452156067,0.049911691230058335
11554,-460.85,82777.32087242603,0.049911691230058335
11555,-458.70000000000005,47507.42891716957,0.049911691230058335
11556,-455.6,53487.92803579569,0.049911691230058335
11557,-448.0,38105.7580871582,0.049911691230058335
11558,-438.6,143033.78072066605,0.049911691230058335
11559,-432.35,61176.6076053381,0.049911691230058335
11560,-434.5,55478.68441534042,0.049911691230058335
11561,-436.65000000000003,91403.60637414455,0.049911691230058335
11562,-439.3,301972.6192345619,0.049911691230058335
11563,-478.05,26338.41804510355,0.049911691230058335
11564,-540.3,48561.72108666971,0.049911691230058335
11565,-543.55,131879.6485210657,0.049911691230058335
11566,-546.8,64484.39775023237,0.049911691230058335
11567,-450.8,80765.64299702644,0.049911691230058335
11568,-438.95000000000005,64444.0448881723,0.049911691230058335
11569,-288.75,126866.3377494812,0.049911691230058335
11570,-295.9,50108.94967842102,0.049911691230058335
11571,-299.05,178330.32444244623,0.049911691230058335
11572,-352.0,37021.56467616558,0.049911691230058335
11573,-356.25,45606.567031636834,0.049911691230058335
11574,-359.5,60851.51709583402,0.049911691230058335
11575,-362.75,95365.144359231,0.049911691230058335
11576,-366.0,40904.16781151295,0.049911691230058335
11577,-369.25,35893.56002879143,0.049911691230058335
11578,-372.5,57830.77704197168,0.049911691230058335
11579,-375.75,77171.8074966371,0.049911691230058335
11580,-420.75,158055.53514951468,0.049911691230058335
11581,-492.35,25170.97701740265,0.049911691230058335
11582,-551.0,101913.6709057726,0.049911691230058335
11583,-554.35,52442.40445064008,0.049911691230058335
11584,-557.7,142852.8201201856,0.049911691230058335
11585,-545.0,68316.15953469276,0.049911691230058335
11586,-532.45,26718.06271739304,0.049911691230058335
11587,-420.70000000000005,41613.9065435268,0.049911691230058335
11588,-487.90000000000003,63945.88544513285,0.049911691230058335
11589,-550.6,151894.52362895012,0.049911691230058335
11590,-616.3000000000001,125523.82306981087,0.049911691230058335
11591,-618.6,28221.15830463171,0.049911691230058335
11592,-621.9,108256.78107598796,0.049911691230058335
11593,-682.6,18746.36639213562,0.049911691230058335
11594,-700.2,13957.112913012505,0.049911691230058335
11595,-671.7,58944.00386095047,0.049911691230058335
11596,-641.1,49373.00222197175,0.049911691230058335
11597,-314.2,137976.4537077099,0.049911691230058335
11598,-341.40000000000003,30101.001953125,0.049911691230058335
11599,-344.1,55736.619814515114,0.049911691230058335
11600,-347.5,258044.03748895228,0.049911691230058335
11601,-396.75,98489.23314797878,0.049911691230058335
11602,-435.3,57063.94255334139,0.049911691230058335
11603,-303.0,74155.38370752335,0.049911691230058335
11604,-363.90000000000003,128384.10526305437,0.049911691230058335
11605,-368.25,87544.47194981575,0.049911691230058335
11606,-381.75,57311.44757324457,0.049911691230058335
11607,-366.90000000000003,79774.40805125237,0.049911691230058335
11608,-371.25,33988.12729741633,0.049911691230058335
11609,-374.5,37945.60026270151,0.049911691230058335
11610,-377.75,163393.83564198017,0.049911691230058335
11611,-439.5,79221.80058455467,0.049911691230058335
11612,-360.75,88191.26527673006,0.049911691230058335
11613,-355.90000000000003,193941.01470561326,0.049911691230058335
11614,-352.75,31000.19461241737,0.049911691230058335
11615,-357.75,164867.6199207306,0.049911691230058335
11616,-348.90000000000003,40916.36368262768,0.049911691230058335
11617,-343.25,90028.40996773541,0.049911691230058335
11618,-335.05,153744.98674547672,0.049911691230058335
11619,-237.9,30937.604419365525,0.049911691230058335
11620,-234.05,83791.72222436965,0.049911691230058335
11621,-239.15,142622.36289036646,0.049911691230058335
11622,-283.25,104525.26584529877,0.049911691230058335
11623,-328.65000000000003,46732.65432113409,0.049911691230058335
11624,-331.8,138090.87083172798,0.049911691230058335
11625,-321.7,57505.375785052776,0.049911691230058335
11626,-323.55,54159.30216065422,0.049911691230058335
11627,-377.0,84952.73372006416,0.049911691230058335
11628,-380.15000000000003,45660.36510002613,0.049911691230058335
11629,-383.3,75959.82041258365,0.049911691230058335
11630,-443.15000000000003,49304.284133806825,0.049911691230058335
11631,-503.0,76259.45223498344,0.049911691230058335
11632,-506.15000000000003,145405.1043972969,0.049911691230058335
11633,-509.3,150937.22027883306,0.049911691230058335
11634,-573.15,84599.3725644499,0.049911691230058335
11635,-576.3000000000001,63796.676530599594,0.049911691230058335
11636,-493.40000000000003,27181.135816756636,0.049911691230058335
11637,-474.45000000000005,89956.8215303421,0.049911691230058335
11638,-480.55,83270.68222964182,0.049911691230058335
11639,-528.0,43188.63184762001,0.049911691230058335
11640,-515.1500000000001,71850.57732647657,0.049911691230058335
11641,-500.0,72173.08916091919,0.049911691230058335
11642,-524.6,56775.82569050789,0.049911691230058335
11643,-582.6,286528.64198085666,0.049911691230058335
11644,-613.95,98367.44410467148,0.049911691230058335
11645,-617.1,31151.238342031837,0.049911691230058335
11646,-348.90000000000003,73137.18474674225,0.049911691230058335
11647,-326.40000000000003,200273.35976417735,0.049911691230058335
11648,-195.5,126587.90416631475,0.049911691230058335
11649,-228.85000000000002,75362.07890295982,0.049911691230058335
11650,-231.60000000000002,33244.435520648956,0.049911691230058335
11651,-234.25,87769.85850004852,0.049911691230058335
11652,-237.0,102068.238150388,0.049911691230058335
11653,-238.60000000000002,85142.09098704159,0.049911691230058335
11654,-240.85000000000002,128167.42689847946,0.049911691230058335
11655,-234.95000000000002,330164.4914050102,0.049911691230058335
11656,-238.5,135349.72288417816,0.049911691230058335
11657,-241.60000000000002,41102.71338772774,0.049911691230058335
11658,-247.3,37021.77499625087,0.049911691230058335
11659,-248.85000000000002,64218.27302695811,0.049911691230058335
11660,-251.4,62179.97107255459,0.049911691230058335
11661,-282.3,54390.25602546334,0.049911691230058335
11662,-314.7,41304.64540163055,0.049911691230058335
11663,-306.2,186637.33947974443,0.049911691230058335
11664,-310.5,40361.825656950474,0.049911691230058335
11665,-140.05,127619.71017165482,0.049911691230058335
11666,-141.10000000000002,32523.746270298958,0.049911691230058335
11667,-142.15,83808.50034302473,0.049911691230058335
11668,-144.2,102505.78032797575,0.049911691230058335
11669,-144.2,33307.299638703465,0.049911691230058335
11670,-144.15,169331.9772992134,0.049911691230058335
11671,-147.4,67646.54319620132,0.049911691230058335
11672,-149.8,68275.55092102289,0.049911691230058335
11673,-153.25,130566.86555618048,0.049911691230058335
11674,-157.8,27519.136437892914,0.049911691230058335
11675,-160.35000000000002,43129.94590485096,0.049911691230058335
11676,-165.0,152663.0874734074,0.049911691230058335
11677,-167.65,19785.429633378983,0.049911691230058335
11678,-172.4,138422.35350096226,0.049911691230058335
11679,-176.20000000000002,53907.84480005503,0.049911691230058335
11680,-180.05,23038.56427182257,0.049911691230058335
11681,-185.0,68867.49310097471,0.049911691230058335
11682,-189.0,277185.9275473356,0.049911691230058335
11683,-190.9,36889.04457073286,0.049911691230058335
11684,-194.9,30260.648101210594,0.049911691230058335
11685,-197.9,92324.94539830089,0.049911691230058335
11686,-200.9,36719.85065829754,0.049911691230058335
11687,-203.9,137095.81182718277,0.049911691230058335
11688,-206.9,32072.06919939816,0.049911691230058335
11689,-209.9,106636.62932062149,0.049911691230058335
11690,-212.9,75642.50864914432,0.049911691230058335
11691,-215.9,55871.437942266464,0.049911691230058335
11692,-250.60000000000002,125910.46447497606,0.049911691230058335
11693,-253.60000000000002,168587.91887187958,0.049911691230058335
11694,-291.0,66012.84579566121,0.049911691230058335
11695,-294.85,128252.24752396345,0.049911691230058335
11696,-298.8,125998.04231452942,0.049911691230058335
11697,-300.65000000000003,66481.99130859971,0.049911691230058335
11698,-304.6,78855.81594610214,0.049911691230058335
11699,-356.90000000000003,23625.36763650179,0.049911691230058335
11700,-359.8,75250.9649990201,0.049911691230058335
11701,-363.75,83076.44752585888,0.049911691230058335
11702,-366.70000000000005,40279.06137597561,0.049911691230058335
11703,-369.65000000000003,49651.16273158789,0.049911691230058335
11704,-426.5,48166.75668525696,0.049911691230058335
11705,-429.5,222344.41741670668,0.049911691230058335
11706,-471.0,42021.67737555504,0.049911691230058335
11707,-527.4000000000001,35758.54918563366,0.049911691230058335
11708,-530.4000000000001,49441.24673628807,0.049911691230058335
11709,-533.4000000000001,115805.32662403584,0.049911691230058335
11710,-589.0,46658.2490401268,0.049911691230058335
11711,-592.0500000000001,77090.699444592,0.049911691230058335
11712,-595.1,128897.39512872696,0.049911691230058335
11713,-598.15,53746.238751444966,0.049911691230058335
11714,-601.2,218780.06257930398,0.049911691230058335
11715,-604.25,23241.807660639286,0.049911691230058335
11716,-602.5,115306.20160007477,0.049911691230058335
11717,-665.5500000000001,29801.964769363403,0.049911691230058335
11718,-650.9,122309.98825341463,0.049911691230058335
11719,-624.85,97529.28208744526,0.049911691230058335
11720,-599.45,73238.50730061531,0.049911691230058335
11721,-589.6,49486.63748595491,0.049911691230058335
11722,-578.1,133176.92662084848,0.049911691230058335
11723,-493.40000000000003,182940.6113548316,0.049911691230058335
11724,-491.0,54829.57774806023,0.049911691230058335
11725,-493.0,43298.26374367252,0.049911691230058335
11726,-445.65000000000003,43788.28033697605,0.049911691230058335
11727,-359.70000000000005,82679.154721383,0.049911691230058335
11728,-362.8,53013.10262155533,0.049911691230058335
11729,-382.65000000000003,146444.56931853294,0.049911691230058335
11730,-385.85,132160.03191804886,0.049911691230058335
11731,-389.05,48028.70800590515,0.049911691230058335
11732,-392.25,23518.99936681986,0.049911691230058335
11733,-395.45000000000005,119169.04409480095,0.049911691230058335
11734,-374.1,89033.67411863804,0.049911691230058335
11735,-377.20000000000005,48775.28946578503,0.049911691230058335
11736,-380.3,47129.05471420288,0.049911691230058335
11737,-383.40000000000003,47761.168621495366,0.049911691230058335
11738,-422.5,96394.29814136028,0.049911691230058335
11739,-368.8,260523.0216499865,0.049911691230058335
11740,-416.45000000000005,137845.74507379532,0.049911691230058335
11741,-480.20000000000005,57987.62714916468,0.049911691230058335
11742,-483.45000000000005,72326.72793674469,0.049911691230058335
11743,-485.70000000000005,27456.370509386063,0.049911691230058335
11744,-546.45,31865.066827118397,0.049911691230058335
11745,-578.7,66308.92409612238,0.049911691230058335
11746,-582.85,249386.18119248748,0.049911691230058335
11747,-587.0,100002.11587946117,0.049911691230058335
11748,-592.2,23565.349713742733,0.049911691230058335
11749,-595.3000000000001,154727.54091459513,0.049911691230058335
11750,-630.0,50161.56984043121,0.049911691230058335
11751,-673.75,81703.00831019878,0.049911691230058335
11752,-721.3000000000001,27643.12937837839,0.049911691230058335
11753,-724.6,99907.915558815,0.049911691230058335
11754,-754.2,73926.53682792187,0.049911691230058335
11755,-741.4000000000001,66124.99348980188,0.049911691230058335
11756,-730.3000000000001,59920.076663378626,0.049911691230058335
11757,-718.35,79474.31572629511,0.049911691230058335
11758,-708.75,108252.31433007494,0.049911691230058335
11759,-354.90000000000003,248138.07456460595,0.049911691230058335
11760,-354.90000000000003,144182.58205736428,0.049911691230058335
11761,-354.70000000000005,114659.37714368105,0.049911691230058335
11762,-352.45000000000005,86157.3142911829,0.049911691230058335
11763,-352.65000000000003,71479.56689548492,0.049911691230058335
11764,-352.20000000000005,26586.794896125793,0.049911691230058335
11765,-337.8,255936.21145439148,0.049911691230058335
11766,-335.8,21019.478446155787,0.049911691230058335
11767,-336.85,60385.17508140206,0.049911691230058335
11768,-338.90000000000003,74922.59388065338,0.049911691230058335
11769,-341.40000000000003,67530.29945713282,0.049911691230058335
11770,-346.2,59100.57541997731,0.049911691230058335
11771,-349.05,16446.496990680695,0.049911691230058335
11772,-351.40000000000003,99100.06402051449,0.049911691230058335
11773,-337.15000000000003,85926.95698651671,0.049911691230058335
11774,-318.55,109260.71924686432,0.049911691230058335
11775,-320.0,23002.136168513447,0.049911691230058335
11776,-308.85,203145.8097974062,0.049911691230058335
11777,-312.55,56326.76762749255,0.049911691230058335
11778,-300.55,40138.070529937744,0.049911691230058335
11779,-305.35,92937.00479149818,0.049911691230058335
11780,-308.15000000000003,78305.06947159767,0.049911691230058335
11781,-312.0,120023.38712075353,0.049911691230058335
11782,-314.85,52548.73035436869,0.049911691230058335
11783,-317.7,41790.60650682449,0.049911691230058335
11784,-320.55,93578.62059183419,0.049911691230058335
11785,-321.7,125378.82142406702,0.049911691230058335
11786,-319.95,108069.65383350849,0.049911691230058335
11787,-262.25,109168.15504455566,0.049911691230058335
11788,-266.25,44824.05689424276,0.049911691230058335
11789,-270.3,18607.763995409012,0.049911691230058335
11790,-273.35,116553.32149142027,0.049911691230058335
11791,-318.75,63041.99882173538,0.049911691230058335
11792,-335.7,52890.801054894924,0.049911691230058335
11793,-339.7,98907.49610185623,0.049911691230058335
11794,-343.75,184304.48775362968,0.049911691230058335
11795,-329.6,142242.98286420107,0.049911691230058335
11796,-357.25,148571.32046353817,0.049911691230058335
11797,-360.40000000000003,60434.63705253601,0.049911691230058335
11798,-363.55,81379.70052565634,0.049911691230058335
11799,-365.70000000000005,31415.27745103836,0.049911691230058335
11800,-368.85,83342.90747833252,0.049911691230058335
11801,-372.0,87579.80459952354,0.049911691230058335
11802,-375.15000000000003,33865.87892794609,0.049911691230058335
11803,-378.3,44162.391417622566,0.049911691230058335
11804,-381.45000000000005,96962.76456856728,0.049911691230058335
11805,-384.6,93428.98701477051,0.049911691230058335
11806,-387.75,122529.20191198587,0.049911691230058335
11807,-390.90000000000003,26693.210508093238,0.049911691230058335
11808,-394.05,98896.32101398706,0.049911691230058335
11809,-398.20000000000005,38686.7144558914,0.049911691230058335
11810,-402.35,67187.12020540237,0.049911691230058335
11811,-406.5,54112.31304216385,0.049911691230058335
11812,-463.35,62495.791133493185,0.049911691230058335
11813,-466.5,81805.20653450489,0.049911691230058335
11814,-453.5,42488.17656338215,0.049911691230058335
11815,-456.5,42381.778738975525,0.049911691230058335
11816,-459.5,75082.33670735359,0.049911691230058335
11817,-462.5,55651.79599618912,0.049911691230058335
11818,-450.1,69629.09430064261,0.049911691230058335
11819,-453.1,121404.56044077873,0.049911691230058335
11820,-512.4000000000001,69706.390631143,0.049911691230058335
11821,-515.6,123402.07069551945,0.049911691230058335
11822,-518.8,58083.21562075615,0.049911691230058335
11823,-522.0,16998.054576173425,0.049911691230058335
11824,-525.2,34181.66737174988,0.049911691230058335
11825,-528.4000000000001,31839.356429100037,0.049911691230058335
11826,-589.2,165133.4561008364,0.049911691230058335
11827,-592.4,48739.456948161125,0.049911691230058335
11828,-595.6,50068.73542739451,0.049911691230058335
11829,-599.85,51285.93285758048,0.049911691230058335
11830,-603.1,297297.6308732964,0.049911691230058335
11831,-645.95,59090.679733753204,0.049911691230058335
11832,-649.2,50259.10815101862,0.049911691230058335
11833,-711.75,120114.57181765139,0.049911691230058335
11834,-715.0500000000001,271626.9981472492,0.049911691230058335
11835,-718.35,22724.76724433899,0.049911691230058335
11836,-721.6500000000001,76963.87095117569,0.049911691230058335
11837,-724.95,32690.536466747522,0.049911691230058335
11838,-728.25,177590.68356657028,0.049911691230058335
11839,-731.5500000000001,92058.66571366787,0.049911691230058335
11840,-605.65,65581.42369824648,0.049911691230058335
11841,-609.95,44974.13380020857,0.049911691230058335
11842,-613.15,60472.62157231569,0.049911691230058335
11843,-615.35,93426.71721887589,0.049911691230058335
11844,-600.9,139720.89851236343,0.049911691230058335
11845,-346.75,69496.12160360813,0.049911691230058335
11846,-372.85,139503.76753473282,0.049911691230058335
11847,-377.0,35968.723011016846,0.049911691230058335
11848,-370.35,60881.33666309714,0.049911691230058335
11849,-337.2,61793.825112104416,0.049911691230058335
11850,-337.3,94896.16052889824,0.049911691230058335
11851,-341.3,142405.59006226063,0.049911691230058335
11852,-216.85000000000002,39947.82432331145,0.049911691230058335
11853,-280.05,102963.81287753582,0.049911691230058335
11854,-283.45000000000005,29419.08635675907,0.049911691230058335
11855,-285.85,44381.76778999716,0.049911691230058335
11856,-334.2,117769.47322404385,0.049911691230058335
11857,-370.55,27361.257977962494,0.049911691230058335
11858,-373.90000000000003,88428.6536693573,0.049911691230058335
11859,-377.25,47890.56804907322,0.049911691230058335
11860,-402.75,352058.20426630974,0.049911691230058335
11861,-406.1,47614.34307485819,0.049911691230058335
11862,-407.45000000000005,63341.79905974865,0.049911691230058335
11863,-409.8,87805.47450214624,0.049911691230058335
11864,-412.15000000000003,49181.69640862942,0.049911691230058335
11865,-415.5,32710.31756567955,0.049911691230058335
11866,-418.85,117069.52690637112,0.049911691230058335
11867,-464.15000000000003,41979.56305295229,0.049911691230058335
11868,-467.45000000000005,190762.6381648183,0.049911691230058335
11869,-530.1500000000001,40385.59922236204,0.049911691230058335
11870,-533.45,63160.38023810461,0.049911691230058335
11871,-576.35,180332.37776052952,0.049911691230058335
11872,-579.6,17409.104798853397,0.049911691230058335
11873,-583.85,45448.29189777374,0.049911691230058335
11874,-588.1,143838.6941112429,0.049911691230058335
11875,-646.8000000000001,122582.00920915604,0.049911691230058335
11876,-650.0500000000001,93640.03385728598,0.049911691230058335
11877,-653.3000000000001,71837.9192915596,0.049911691230058335
11878,-656.5500000000001,111934.7037641257,0.049911691230058335
11879,-659.8000000000001,154257.2941711098,0.049911691230058335
11880,-663.0500000000001,38091.733107328415,0.049911691230058335
11881,-666.3000000000001,107492.36176411808,0.049911691230058335
11882,-728.0500000000001,133046.93669748306,0.049911691230058335
11883,-727.0,24536.191929101944,0.049911691230058335
11884,-699.95,41155.54033911601,0.049911691230058335
11885,-658.5500000000001,64637.40610408783,0.049911691230058335
11886,-636.7,49231.65645092726,0.049911691230058335
11887,-611.9,39687.936269536614,0.049911691230058335
11888,-603.65,97206.01755988598,0.049911691230058335
11889,-594.8000000000001,187734.81966677308,0.049911691230058335
11890,-536.9000000000001,83252.31730055809,0.049911691230058335
11891,-540.9000000000001,71532.42870718241,0.049911691230058335
11892,-481.8,39038.274793580174,0.049911691230058335
11893,-484.5,95021.6360616684,0.049911691230058335
11894,-488.3,76030.70698562264,0.049911691230058335
11895,-356.55,121993.27785336971,0.049911691230058335
11896,-354.20000000000005,32346.55069334805,0.049911691230058335
11897,-358.1,40727.28229135275,0.049911691230058335
11898,-363.1,119969.78720498085,0.049911691230058335
11899,-365.0,34858.580701068044,0.049911691230058335
11900,-370.05,177779.91226875782,0.049911691230058335
11901,-373.1,40071.71566462517,0.049911691230058335
11902,-376.15000000000003,19842.250805437565,0.049911691230058335
11903,-379.20000000000005,45532.68879927695,0.049911691230058335
11904,-382.25,41402.84859967232,0.049911691230058335
11905,-385.3,75888.72519266605,0.049911691230058335
11906,-372.05,109580.86814951897,0.049911691230058335
11907,-352.45000000000005,57721.52589869499,0.049911691230058335
11908,-355.20000000000005,102555.79157978296,0.049911691230058335
11909,-358.55,93805.35799606144,0.049911691230058335
11910,-198.70000000000002,507394.03757847846,0.049911691230058335
11911,-201.35000000000002,10522.230637855828,0.049911691230058335
11912,-251.65,30917.19348281622,0.049911691230058335
11913,-254.85000000000002,12244.710636794567,0.049911691230058335
11914,-258.05,86932.67610305548,0.049911691230058335
11915,-261.25,296289.5580394268,0.049911691230058335
11916,-275.55,103420.06541492045,0.049911691230058335
11917,-329.3,43070.70576059818,0.049911691230058335
11918,-333.55,51931.16381263733,0.049911691230058335
11919,-320.90000000000003,30299.622011009604,0.049911691230058335
11920,-313.95,159542.66947603226,0.049911691230058335
11921,-318.15000000000003,39666.54347705841,0.049911691230058335
11922,-322.35,81031.68053114414,0.049911691230058335
11923,-326.6,45549.038641572,0.049911691230058335
11924,-382.35,67904.70414334536,0.049911691230058335
11925,-383.45000000000005,82804.56443715096,0.049911691230058335
11926,-443.35,50795.944895386696,0.049911691230058335
11927,-447.6,23368.248693421483,0.049911691230058335
11928,-450.85,120511.73307180405,0.049911691230058335
11929,-500.85,56189.056458592415,0.049911691230058335
11930,-504.1,26191.579881370068,0.049911691230058335
11931,-507.35,86088.32679700851,0.049911691230058335
11932,-510.6,163914.0335597098,0.049911691230058335
11933,-513.85,120364.61237108707,0.049911691230058335
11934,-519.1,33243.947640001774,0.049911691230058335
11935,-507.3,64379.1066464223,0.049911691230058335
11936,-558.4000000000001,59263.92354649678,0.049911691230058335
11937,-562.7,76408.04013848305,0.049911691230058335
11938,-566.0,95508.71724557877,0.049911691230058335
11939,-634.3000000000001,47589.20976662636,0.049911691230058335
11940,-693.95,123155.55611103773,0.049911691230058335
11941,-578.45,78010.64257407188,0.049911691230058335
11942,-534.1500000000001,18838.521108165383,0.049911691230058335
11943,-537.35,164949.23415819183,0.049911691230058335
11944,-540.55,58059.82032752037,0.049911691230058335
11945,-502.05,30363.665519714355,0.049911691230058335
11946,-475.15000000000003,113578.19937622547,0.049911691230058335
11947,-448.40000000000003,39677.95135307312,0.049911691230058335
11948,-421.1,105741.24687314034,0.049911691230058335
11949,-409.5,68935.24138398468,0.049911691230058335
11950,-421.90000000000003,284813.0909035988,0.049911691230058335
11951,-425.1,46755.4618986994,0.049911691230058335
11952,-412.5,74134.28696584702,0.049911691230058335
11953,-385.90000000000003,52430.57119780779,0.049911691230058335
11954,-368.05,32281.65707245469,0.049911691230058335
11955,-372.1,42912.864466223866,0.049911691230058335
11956,-375.15000000000003,27015.809054881334,0.049911691230058335
11957,-379.25,253484.19380378723,0.049911691230058335
11958,-379.75,139033.11467075348,0.049911691230058335
11959,-383.95000000000005,29170.339997891337,0.049911691230058335
11960,-387.15000000000003,35416.75790975243,0.049911691230058335
11961,-431.95000000000005,93857.51936617494,0.049911691230058335
11962,-430.6,49161.02216422558,0.049911691230058335
11963,-422.75,87687.56958347932,0.049911691230058335
11964,-417.05,165848.29802584648,0.049911691230058335
11965,-414.75,22708.74224728346,0.049911691230058335
11966,-419.90000000000003,22484.50620508194,0.049911691230058335
11967,-424.1,39275.41977083683,0.049911691230058335
11968,-449.1,94576.12576033175,0.049911691230058335
11969,-436.5,144385.31086444855,0.049911691230058335
11970,-423.85,22214.862456434406,0.049911691230058335
11971,-253.3,60117.573550224304,0.049911691230058335
11972,-257.55,47689.83485603705,0.049911691230058335
11973,-261.8,27585.378758583218,0.049911691230058335
11974,-252.4,189009.0837264061,0.049911691230058335
11975,-241.55,28539.675682846457,0.049911691230058335
11976,-246.75,122413.20836424828,0.049911691230058335
11977,-249.95000000000002,114803.96319665015,0.049911691230058335
11978,-253.15,49430.426547050476,0.049911691230058335
11979,-257.4,140551.70884120464,0.049911691230058335
11980,-261.70000000000005,30378.95484355092,0.049911691230058335
11981,-265.0,172734.17685174942,0.049911691230058335
11982,-262.3,119150.22130820155,0.049911691230058335
11983,-256.85,163489.5441505909,0.049911691230058335
11984,-260.1,86482.74121439457,0.049911691230058335
11985,-264.4,28401.957146525383,0.049911691230058335
11986,-267.70000000000005,101444.01131463051,0.049911691230058335
11987,-271.0,31920.04515028,0.049911691230058335
11988,-274.3,159070.62364551798,0.049911691230058335
11989,-276.6,175095.4552335739,0.049911691230058335
11990,-280.9,111943.73119270802,0.049911691230058335
11991,-315.8,31825.76718261838,0.049911691230058335
11992,-317.95,50560.19238048792,0.049911691230058335
11993,-358.95000000000005,52290.612723350525,0.049911691230058335
11994,-418.25,76851.81978107989,0.049911691230058335
11995,-421.45000000000005,161417.00646090508,0.049911691230058335
11996,-424.65000000000003,36783.16436100006,0.049911691230058335
11997,-428.85,82895.01836338639,0.049911691230058335
11998,-433.05,43950.36814236641,0.049911691230058335
11999,-436.25,175186.98292648792,0.049911691230058335
12000,-439.45000000000005,29697.901473790407,0.049911691230058335
12001,-442.65000000000003,430425.6797031909,0.049911691230058335
12002,-455.6,32224.370698928833,0.049911691230058335
12003,-460.6,121969.14010381699,0.049911691230058335
12004,-371.15000000000003,75807.15849854052,0.049911691230058335
12005,-373.90000000000003,56642.18760108948,0.049911691230058335
12006,-379.8,34606.524269104004,0.049911691230058335
12007,-382.65000000000003,122741.41424049437,0.049911691230058335
12008,-338.8,31373.649467647076,0.049911691230058335
12009,-358.20000000000005,284040.84039379656,0.049911691230058335
12010,-329.7,36420.027692276984,0.049911691230058335
12011,-331.6,58798.36411692202,0.049911691230058335
12012,-326.95,68175.66382175684,0.049911691230058335
12013,-320.65000000000003,79107.40983451903,0.049911691230058335
12014,-315.35,58692.52607893944,0.049911691230058335
12015,-342.90000000000003,69060.83183193207,0.049911691230058335
12016,-347.1,87333.84040978551,0.049911691230058335
12017,-370.20000000000005,159240.16128879786,0.049911691230058335
12018,-375.8,208649.5270841457,0.049911691230058335
12019,-376.25,20228.96577143669,0.049911691230058335
12020,-379.1,35735.265737235546,0.049911691230058335
12021,-381.95000000000005,102518.916771546,0.049911691230058335
12022,-370.20000000000005,34656.67197275162,0.049911691230058335
12023,-374.3,154353.97531032935,0.049911691230058335
12024,-394.85,41943.589283287525,0.049911691230058335
12025,-399.05,22268.386080399156,0.049911691230058335
12026,-385.90000000000003,235271.87822246552,0.049911691230058335
12027,-391.45000000000005,33556.22702950239,0.049911691230058335
12028,-378.8,67553.67759132385,0.049911691230058335
12029,-363.15000000000003,33426.61941576004,0.049911691230058335
12030,-352.45,81321.63870429993,0.049911691230058335
12031,-356.55,23532.15044403076,0.049911691230058335
12032,-379.3,66534.8065534532,0.049911691230058335
12033,-383.5,106241.28413069248,0.049911691230058335
12034,-389.8,41805.89570784569,0.049911691230058335
12035,-395.15000000000003,40514.14801001549,0.049911691230058335
12036,-443.1,53739.66717297211,0.049911691230058335
12037,-486.15000000000003,93615.85898017883,0.049911691230058335
12038,-489.40000000000003,67216.75789676607,0.049911691230058335
12039,-492.65000000000003,133216.313086275,0.049911691230058335
12040,-496.95000000000005,36944.61219057441,0.049911691230058335
12041,-522.75,34340.48887194693,0.049911691230058335
12042,-526.05,49185.24414014816,0.049911691230058335
12043,-529.35,99352.8764193058,0.049911691230058335
12044,-589.35,144908.16473299265,0.049911691230058335
12045,-648.15,118774.95199991763,0.049911691230058335
12046,-651.4,103740.63746634126,0.049911691230058335
12047,-654.65,93358.43661051989,0.049911691230058335
12048,-657.9,40174.43635340035,0.049911691230058335
12049,-645.1,204869.38810804486,0.049911691230058335
12050,-632.3000000000001,48152.350755140185,0.049911691230058335
12051,-619.5500000000001,251173.11823290586,0.049911691230058335
12052,-606.7,102023.0772919096,0.049911691230058335
12053,-582.3000000000001,113878.0144495964,0.049911691230058335
12054,-426.45000000000005,37669.52068519592,0.049911691230058335
12055,-431.70000000000005,166449.1852671206,0.049911691230058335
12056,-434.95000000000005,75044.08627438545,0.049911691230058335
12057,-429.95000000000005,54535.79814553261,0.049911691230058335
12058,-455.95000000000005,51729.23060896993,0.049911691230058335
12059,-457.90000000000003,87300.54589238763,0.049911691230058335
12060,-462.20000000000005,96505.41582370177,0.049911691230058335
12061,-464.1,101786.63596081734,0.049911691230058335
12062,-499.55,179535.2660626471,0.049911691230058335
12063,-502.95000000000005,79489.8109627366,0.049911691230058335
12064,-506.35,19516.133542958647,0.049911691230058335
12065,-432.3,47593.12122130394,0.049911691230058335
12066,-435.0,41214.887367263436,0.049911691230058335
12067,-424.95000000000005,46049.203152839094,0.049911691230058335
12068,-428.15000000000003,195844.36873149872,0.049911691230058335
12069,-467.0,43658.76181718707,0.049911691230058335
12070,-454.55,68137.08557748795,0.049911691230058335
12071,-457.70000000000005,33945.26066035777,0.049911691230058335
12072,-460.85,52639.88723015785,0.049911691230058335
12073,-464.0,41319.78340750933,0.049911691230058335
12074,-503.0,185466.38959431648,0.049911691230058335
12075,-506.35,92895.55816616118,0.049911691230058335
12076,-509.70000000000005,171888.2392939031,0.049911691230058335
12077,-513.05,49481.66834146157,0.049911691230058335
12078,-500.35,242544.2255472988,0.049911691230058335
12079,-487.65000000000003,111371.81735337153,0.049911691230058335
12080,-441.15000000000003,28616.263936191797,0.049911691230058335
12081,-441.90000000000003,30428.64944434166,0.049911691230058335
12082,-443.75,80098.57979995012,0.049911691230058335
12083,-446.85,69901.19870340824,0.049911691230058335
12084,-452.0,135345.51791626215,0.049911691230058335
12085,-457.20000000000005,47204.895661473274,0.049911691230058335
12086,-462.45000000000005,106171.97846484184,0.049911691230058335
12087,-467.75,31509.276787370443,0.049911691230058335
12088,-514.7,122505.27384996414,0.049911691230058335
12089,-566.1,168385.05437910557,0.049911691230058335
12090,-569.45,53171.139053076506,0.049911691230058335
12091,-572.8000000000001,130326.7317763567,0.049911691230058335
12092,-605.15,62125.615561220795,0.049911691230058335
12093,-608.4,39842.67770913243,0.049911691230058335
12094,-611.65,41839.44429269433,0.049911691230058335
12095,-614.9,119803.02511394024,0.049911691230058335
12096,-679.0500000000001,18802.260779619217,0.049911691230058335
12097,-682.4000000000001,50686.65867860615,0.049911691230058335
12098,-685.75,336448.19945019484,0.049911691230058335
12099,-689.1,94380.07492697239,0.049911691230058335
12100,-758.75,76391.97169339657,0.049911691230058335
12101,-758.2,75694.71121770144,0.049911691230058335
12102,-816.5,61853.1127948761,0.049911691230058335
12103,-819.95,113929.95891133323,0.049911691230058335
12104,-809.35,46973.25720214844,0.049911691230058335
12105,-786.1,59540.52459561825,0.049911691230058335
12106,-762.8000000000001,36077.23384618759,0.049911691230058335
12107,-739.1,63800.67892694846,0.049911691230058335
12108,-744.2,154100.94750332832,0.049911691230058335
12109,-550.5,167160.76917475462,0.049911691230058335
12110,-553.35,30393.002584576607,0.049911691230058335
12111,-557.3000000000001,46840.71210408211,0.049911691230058335
12112,-561.3000000000001,38886.6112383157,0.049911691230058335
12113,-564.3000000000001,71068.72423005104,0.049911691230058335
12114,-568.35,36408.87964963913,0.049911691230058335
12115,-536.0,172210.39650811255,0.049911691230058335
12116,-420.8,68700.04349008203,0.049911691230058335
12117,-421.75,39824.792054355145,0.049911691230058335
12118,-408.6,70605.11927127838,0.049911691230058335
12119,-455.45000000000005,13138.163259029388,0.049911691230058335
12120,-440.6,32969.11782360077,0.049911691230058335
12121,-424.25,65075.276456966996,0.049911691230058335
12122,-412.0,70646.35437321663,0.049911691230058335
12123,-400.95000000000005,91529.15473592281,0.049911691230058335
12124,-404.90000000000003,49965.6221319437,0.049911691230058335
12125,-409.95000000000005,201547.70393371582,0.049911691230058335
12126,-415.1,55493.606562137604,0.049911691230058335
12127,-418.25,74764.13024753332,0.049911691230058335
12128,-419.3,63691.3447637558,0.049911691230058335
12129,-471.6,40454.91823035851,0.049911691230058335
12130,-485.25,146765.00595217943,0.049911691230058335
12131,-485.3,114129.52489191294,0.049911691230058335
12132,-484.35,53694.808036625385,0.049911691230058335
12133,-483.35,23810.175153553486,0.049911691230058335
12134,-483.45000000000005,119001.11396074295,0.049911691230058335
12135,-481.55,84916.5942273736,0.049911691230058335
12136,-480.65000000000003,128216.50234115124,0.049911691230058335
12137,-437.75,49178.02880501747,0.049911691230058335
12138,-437.20000000000005,187706.69522178173,0.049911691230058335
12139,-425.05,49535.32239077985,0.049911691230058335
12140,-428.35,130986.51292639971,0.049911691230058335
12141,-431.65000000000003,125480.10939180851,0.049911691230058335
12142,-434.95000000000005,75660.01351308823,0.049911691230058335
12143,-422.75,132492.69045634568,0.049911691230058335
12144,-369.25,23822.54477649927,0.049911691230058335
12145,-394.75,35300.93624600768,0.049911691230058335
12146,-460.1,42671.34033203125,0.049911691230058335
12147,-464.45000000000005,54082.601914048195,0.049911691230058335
12148,-466.95000000000005,169654.7693361044,0.049911691230058335
12149,-469.90000000000003,36590.31095123291,0.049911691230058335
12150,-531.05,48323.38705813885,0.049911691230058335
12151,-593.15,94029.97555841506,0.049911691230058335
12152,-607.6,64276.9310041666,0.049911691230058335
12153,-610.85,32162.18801689148,0.049911691230058335
12154,-615.15,38745.15546607971,0.049911691230058335
12155,-618.45,67352.51042628288,0.049911691230058335
12156,-618.1,42912.066831082106,0.049911691230058335
12157,-634.5500000000001,124248.22059997916,0.049911691230058335
12158,-304.2,82902.6001085043,0.049911691230058335
12159,-294.65,180968.74035820737,0.049911691230058335
12160,-254.45000000000002,32772.852918446064,0.049911691230058335
12161,-256.95000000000005,27964.757970809937,0.049911691230058335
12162,-257.1,96001.42469471693,0.049911691230058335
12163,-301.05,40435.85977315903,0.049911691230058335
12164,-304.35,179919.56308794022,0.049911691230058335
12165,-355.95,44879.30907827616,0.049911691230058335
12166,-416.5,50495.95972967893,0.049911691230058335
12167,-419.85,57230.557285904884,0.049911691230058335
12168,-423.20000000000005,84418.92156983912,0.049911691230058335
12169,-483.05,93531.16265785694,0.049911691230058335
12170,-487.45000000000005,202993.90922917798,0.049911691230058335
12171,-490.85,32278.36554503441,0.049911691230058335
12172,-478.20000000000005,62524.89848143235,0.049911691230058335
12173,-411.3,115718.68044066429,0.049911691230058335
12174,-415.35,44150.04012989998,0.049911691230058335
12175,-414.15000000000003,60574.069106698036,0.049911691230058335
12176,-416.45000000000005,40068.966767311096,0.049911691230058335
12177,-418.75,42716.65514971316,0.049911691230058335
12178,-407.85,307013.4599246979,0.049911691230058335
12179,-394.45000000000005,29066.604662567377,0.049911691230058335
12180,-384.65000000000003,148330.1010493636,0.049911691230058335
12181,-373.15000000000003,15411.740117251873,0.049911691230058335
12182,-364.20000000000005,26027.071007311344,0.049911691230058335
12183,-366.95000000000005,88456.60434603691,0.049911691230058335
12184,-353.7,37821.85741579905,0.049911691230058335
12185,-341.90000000000003,99033.42432011664,0.049911691230058335
12186,-345.0,21179.157685104758,0.049911691230058335
12187,-410.55,68754.45027853549,0.049911691230058335
12188,-414.0,64460.44552281499,0.049911691230058335
12189,-417.45000000000005,82664.80816805363,0.049911691230058335
12190,-420.90000000000003,118155.24795722961,0.049911691230058335
12191,-424.35,39712.11851835251,0.049911691230058335
12192,-427.8,42763.74396696687,0.049911691230058335
12193,-431.25,85480.64685383812,0.049911691230058335
12194,-434.70000000000005,42261.59959053993,0.049911691230058335
12195,-438.15000000000003,218206.82726669312,0.049911691230058335
12196,-441.6,95386.14443432167,0.049911691230058335
12197,-483.65000000000003,34123.91168029606,0.049911691230058335
12198,-488.05,52407.48113107681,0.049911691230058335
12199,-490.35,55460.896386921406,0.049911691230058335
12200,-494.75,117376.70185422897,0.049911691230058335
12201,-559.1500000000001,72114.73034644127,0.049911691230058335
12202,-622.75,111658.97985816002,0.049911691230058335
12203,-687.35,164066.80152094364,0.049911691230058335
12204,-690.75,35046.17206145823,0.049911691230058335
12205,-694.1500000000001,119349.30300498009,0.049911691230058335
12206,-697.5500000000001,137885.43708986044,0.049911691230058335
12207,-717.8000000000001,84910.26315304637,0.049911691230058335
12208,-575.8000000000001,158739.8261976093,0.049911691230058335
12209,-567.5,132035.2151079178,0.049911691230058335
12210,-569.8000000000001,42333.59696865082,0.049911691230058335
12211,-433.75,25946.60158956051,0.049911691230058335
12212,-427.8,48607.64154419303,0.049911691230058335
12213,-430.6,44057.71451044083,0.049911691230058335
12214,-432.05,146365.1310096383,0.049911691230058335
12215,-434.85,67829.21449877322,0.049911691230058335
12216,-422.65000000000003,71453.51807832718,0.049911691230058335
12217,-411.40000000000003,82622.18865764141,0.049911691230058335
12218,-416.25,119511.6473634243,0.049911691230058335
12219,-421.20000000000005,22243.374969303608,0.049911691230058335
12220,-426.25,50964.20410132408,0.049911691230058335
12221,-430.35,175987.55932569504,0.049911691230058335
12222,-434.5,41378.70045000315,0.049911691230058335
12223,-438.70000000000005,78986.4212397635,0.049911691230058335
12224,-479.15000000000003,80400.69798517227,0.049911691230058335
12225,-482.40000000000003,67538.14616394043,0.049911691230058335
12226,-486.70000000000005,103823.08640646935,0.049911691230058335
12227,-538.7,58780.059795856476,0.049911691230058335
12228,-379.05,86119.56874743104,0.049911691230058335
12229,-379.90000000000003,32070.906350016594,0.049911691230058335
12230,-386.15000000000003,28293.86797529459,0.049911691230058335
12231,-348.0,88478.166698277,0.049911691230058335
12232,-320.8,50215.11341625452,0.049911691230058335
12233,-277.0,49856.96082007885,0.049911691230058335
12234,-280.3,145707.36747834086,0.049911691230058335
12235,-341.3,24324.02583295107,0.049911691230058335
12236,-344.6,35660.52837178111,0.049911691230058335
12237,-347.90000000000003,150985.81249928474,0.049911691230058335
12238,-410.6,264539.2670519948,0.049911691230058335
12239,-413.90000000000003,74257.70683145523,0.049911691230058335
12240,-417.20000000000005,55420.93681013584,0.049911691230058335
12241,-420.5,33127.98831484467,0.049911691230058335
12242,-421.75,56902.974002406,0.049911691230058335
12243,-426.0,76802.9121734947,0.049911691230058335
12244,-489.25,94096.73140615225,0.049911691230058335
12245,-546.1500000000001,118852.26985526085,0.049911691230058335
12246,-549.4000000000001,56839.347925662994,0.049911691230058335
12247,-553.7,101726.25541552901,0.049911691230058335
12248,-557.0,112332.98882484436,0.049911691230058335
12249,-560.3,68017.40479928255,0.049911691230058335
12250,-563.6,38424.225645810366,0.049911691230058335
12251,-566.9,81006.89672273397,0.049911691230058335
12252,-622.4,48107.26381379366,0.049911691230058335
12253,-625.65,50747.4437969923,0.049911691230058335
12254,-602.65,110094.37217447534,0.049911691230058335
12255,-582.75,95668.06986582652,0.049911691230058335
12256,-390.20000000000005,78273.32631345093,0.049911691230058335
12257,-394.5,37192.76335674524,0.049911691230058335
12258,-328.25,126218.25004632026,0.049911691230058335
12259,-328.0,45514.071580410004,0.049911691230058335
12260,-308.15000000000003,39586.453577399254,0.049911691230058335
12261,-332.90000000000003,315963.46199941635,0.049911691230058335
12262,-349.90000000000003,109546.26295658946,0.049911691230058335
12263,-352.65000000000003,30944.01191174984,0.049911691230058335
12264,-342.7,35830.68745836988,0.049911691230058335
12265,-341.5,127640.24749922752,0.049911691230058335
12266,-344.6,25593.746397018433,0.049911691230058335
12267,-347.7,64358.4068159163,0.049911691230058335
12268,-337.15000000000003,38123.762586951256,0.049911691230058335
12269,-336.15000000000003,39750.48138797283,0.049911691230058335
12270,-324.5,42829.224682275206,0.049911691230058335
12271,-309.40000000000003,144391.46980160475,0.049911691230058335
12272,-323.15000000000003,31300.498240590096,0.049911691230058335
12273,-309.0,49093.03696894646,0.049911691230058335
12274,-294.3,341027.9200768471,0.049911691230058335
12275,-301.85,127843.1871919632,0.049911691230058335
12276,-305.1,29646.20318222046,0.049911691230058335
12277,-308.35,35892.46149492264,0.049911691230058335
12278,-311.6,174029.32693886757,0.049911691230058335
12279,-314.85,46749.42672608793,0.049911691230058335
12280,-318.1,102296.91430719197,0.049911691230058335
12281,-321.35,58296.34534907341,0.049911691230058335
12282,-324.6,67258.46704668179,0.049911691230058335
12283,-328.85,57927.15953826904,0.049911691230058335
12284,-389.6,44925.35288488865,0.049911691230058335
12285,-451.35,29732.334062576294,0.049911691230058335
12286,-454.6,137463.5684181489,0.049911691230058335
12287,-518.35,32530.93584358692,0.049911691230058335
12288,-579.1,58525.76934373751,0.049911691230058335
12289,-581.35,40212.65203714371,0.049911691230058335
12290,-584.6,78735.65502279997,0.049911691230058335
12291,-646.35,64408.728693038225,0.049911691230058335
12292,-649.6,29482.88969278708,0.049911691230058335
12293,-652.85,157677.44462668896,0.049911691230058335
12294,-656.1,77269.29664171115,0.049911691230058335
12295,-638.5500000000001,30694.066143155098,0.049911691230058335
12296,-642.75,63498.20984841883,0.049911691230058335
12297,-675.7,94247.96138298512,0.049911691230058335
12298,-378.70000000000005,17994.905068933964,0.049911691230058335
12299,-373.90000000000003,49381.77071869373,0.049911691230058335
12300,-350.55,94198.75854635239,0.049911691230058335
12301,-334.7,74684.36626279354,0.049911691230058335
12302,-259.55,66197.55939920247,0.049911691230058335
12303,-287.35,67593.31550362706,0.049911691230058335
12304,-291.55,67912.60955524445,0.049911691230058335
12305,-295.8,224701.87553095818,0.049911691230058335
12306,-300.1,39019.80427980423,0.049911691230058335
12307,-344.65000000000003,53780.06045341492,0.049911691230058335
12308,-359.45000000000005,45545.79265077412,0.049911691230058335
12309,-362.75,261627.5710992068,0.049911691230058335
12310,-275.95000000000005,95107.12736129761,0.049911691230058335
12311,-264.8,85912.37996178865,0.049911691230058335
12312,-253.65,56695.21543884277,0.049911691230058335
12313,-242.5,65696.88161358237,0.049911691230058335
12314,-231.4,60701.26217684522,0.049911691230058335
12315,-229.65,94556.64585603774,0.049911691230058335
12316,-259.25,169029.74616384506,0.049911691230058335
12317,-262.55,33288.37757059932,0.049911691230058335
12318,-265.85,162874.22255259752,0.049911691230058335
12319,-316.40000000000003,66591.81299495697,0.049911691230058335
12320,-369.05,153692.76985436678,0.049911691230058335
12321,-372.35,54799.23928022385,0.049911691230058335
12322,-375.65000000000003,38843.563529435545,0.049911691230058335
12323,-373.55,56944.56457659975,0.049911691230058335
12324,-437.20000000000005,55602.99650108814,0.049911691230058335
12325,-440.5,90575.36876678467,0.049911691230058335
12326,-506.20000000000005,141567.00214028358,0.049911691230058335
12327,-565.9,79195.73507374898,0.049911691230058335
12328,-631.6,49075.15087389946,0.049911691230058335
12329,-634.9,26176.942113399506,0.049911691230058335
12330,-555.4,58230.49723777175,0.049911691230058335
12331,-534.55,30756.852381810546,0.049911691230058335
12332,-507.5,143033.419108212,0.049911691230058335
12333,-500.35,56931.814594928175,0.049911691230058335
12334,-313.05,167789.4925544262,0.049911691230058335
12335,-312.3,147221.66150212288,0.049911691230058335
12336,-310.0,33958.46885410324,0.049911691230058335
12337,-304.1,75644.66621114314,0.049911691230058335
12338,-254.65,14013.223013076931,0.049911691230058335
12339,-218.4,121428.70778056979,0.049911691230058335
12340,-222.55,59978.527115523815,0.049911691230058335
12341,-224.65,36329.278167728335,0.049911691230058335
12342,-213.60000000000002,18537.633615016937,0.049911691230058335
12343,-216.75,158486.522487998,0.049911691230058335
12344,-167.25,53333.97090893984,0.049911691230058335
12345,-220.65,78237.95957487822,0.049911691230058335
12346,-223.95000000000002,50774.86380340159,0.049911691230058335
12347,-218.95000000000002,61691.80595242977,0.049911691230058335
12348,-255.0,68776.36702767015,0.049911691230058335
12349,-317.7,161718.72538232803,0.049911691230058335
12350,-381.35,76318.07783724368,0.049911691230058335
12351,-384.70000000000005,60525.342017650604,0.049911691230058335
12352,-388.05,34763.94340110198,0.049911691230058335
12353,-453.45000000000005,27899.064553260803,0.049911691230058335
12354,-518.05,52950.120445251465,0.049911691230058335
12355,-521.45,77304.6647080183,0.049911691230058335
12356,-524.85,15640.58270251751,0.049911691230058335
12357,-528.25,35732.69031561911,0.049911691230058335
12358,-531.6500000000001,82685.86102199554,0.049911691230058335
12359,-596.25,27943.100328862667,0.049911691230058335
12360,-599.65,21809.409974634647,0.049911691230058335
12361,-603.0500000000001,204951.55174575746,0.049911691230058335
12362,-669.6500000000001,80392.99511256814,0.049911691230058335
12363,-674.0500000000001,56790.68852043152,0.049911691230058335
12364,-678.45,121139.11277353764,0.049911691230058335
12365,-682.85,129110.51408222318,0.049911691230058335
12366,-686.25,52253.186807602644,0.049911691230058335
12367,-689.6500000000001,25584.176475524902,0.049911691230058335
12368,-693.0500000000001,59840.94714963436,0.049911691230058335
12369,-696.45,46784.699409365654,0.049911691230058335
12370,-699.85,83261.6968434453,0.049911691230058335
12371,-702.25,46983.56857231632,0.049911691230058335
12372,-704.6500000000001,229978.10950922966,0.049911691230058335
12373,-709.0500000000001,46347.21164429188,0.049911691230058335
12374,-711.45,29054.88192296028,0.049911691230058335
12375,-713.85,176673.47380256653,0.049911691230058335
12376,-776.45,32039.187958806753,0.049911691230058335
12377,-779.85,150039.92013180256,0.049911691230058335
12378,-834.4000000000001,55735.57506752014,0.049911691230058335
12379,-837.8000000000001,109186.14024032652,0.049911691230058335
12380,-841.1,47051.82766345143,0.049911691230058335
12381,-831.35,39914.76767086983,0.049911691230058335
12382,-808.35,81228.42433062196,0.049911691230058335
12383,-783.35,203933.08228492737,0.049911691230058335
12384,-760.3000000000001,114647.18617999554,0.049911691230058335
12385,-752.4000000000001,183489.6815660298,0.049911691230058335
12386,-743.45,56983.22557544708,0.049911691230058335
12387,-746.5,99690.68997585773,0.049911691230058335
12388,-749.5500000000001,46879.47495037317,0.049911691230058335
12389,-487.65000000000003,126006.61673635617,0.049911691230058335
12390,-450.6,71402.58340789378,0.049911691230058335
12391,-453.75,72055.88097137213,0.049911691230058335
12392,-433.05,108216.03617152944,0.049911691230058335
12393,-434.45000000000005,118519.40517891943,0.049911691230058335
12394,-437.5,24518.52602982521,0.049911691230058335
12395,-442.70000000000005,56689.85335412994,0.049911691230058335
12396,-445.90000000000003,24158.06249517575,0.049911691230058335
12397,-449.1,200440.51288986206,0.049911691230058335
12398,-439.75,32212.51887536049,0.049911691230058335
12399,-443.0,98507.90267418325,0.049911691230058335
12400,-388.1,55279.69448873401,0.049911691230058335
12401,-375.45000000000005,20206.05134472251,0.049911691230058335
12402,-387.5,58109.71194267273,0.049911691230058335
12403,-391.8,71564.78562057018,0.049911691230058335
12404,-452.5,132205.352204144,0.049911691230058335
12405,-497.95000000000005,38075.317885398865,0.049911691230058335
12406,-502.1,144615.90680933,0.049911691230058335
12407,-506.3,63952.979746341705,0.049911691230058335
12408,-510.55,26600.68048107624,0.049911691230058335
12409,-513.8,52917.33354449272,0.049911691230058335
12410,-575.5500000000001,59261.68672859669,0.049911691230058335
12411,-578.8000000000001,67269.35793709755,0.049911691230058335
12412,-582.0500000000001,77948.81985482574,0.049911691230058335
12413,-585.3000000000001,30628.111845437437,0.049911691230058335
12414,-588.5500000000001,29843.53826701641,0.049911691230058335
12415,-591.8000000000001,148988.69689452648,0.049911691230058335
12416,-595.0500000000001,112207.85001683235,0.049911691230058335
12417,-656.8000000000001,86454.68501162529,0.049911691230058335
12418,-660.0500000000001,29322.762442588806,0.049911691230058335
12419,-663.3000000000001,107676.10046672821,0.049911691230058335
12420,-666.5500000000001,18225.002138853073,0.049911691230058335
12421,-669.8000000000001,81445.99732977152,0.049911691230058335
12422,-673.0500000000001,41149.41719120741,0.049911691230058335
12423,-676.3000000000001,70311.35969936848,0.049911691230058335
12424,-679.5500000000001,73161.08178009093,0.049911691230058335
12425,-682.8000000000001,45112.151638284326,0.049911691230058335
12426,-686.0500000000001,103332.37858843803,0.049911691230058335
12427,-689.3000000000001,158420.69248449802,0.049911691230058335
12428,-727.75,63139.73765069619,0.049911691230058335
12429,-731.0,120758.05502483249,0.049911691230058335
12430,-734.25,96320.01500356197,0.049911691230058335
12431,-737.5,53751.062571525574,0.049911691230058335
12432,-740.75,62912.44709421694,0.049911691230058335
12433,-802.5,57780.82965809107,0.049911691230058335
12434,-867.25,86957.6129308343,0.049911691230058335
12435,-872.5,84916.18553388119,0.049911691230058335
12436,-877.75,47966.13632047176,0.049911691230058335
12437,-932.5,103944.35264620557,0.049911691230058335
12438,-762.35,97029.32196003199,0.049911691230058335
12439,-727.1500000000001,98457.22166720405,0.049911691230058335
12440,-702.85,31138.480189085007,0.049911691230058335
12441,-677.8000000000001,71118.64251708984,0.049911691230058335
12442,-222.45000000000002,65864.53955698013,0.049911691230058335
12443,-223.60000000000002,180000.06288174167,0.049911691230058335
12444,-229.35000000000002,54080.175953149796,0.049911691230058335
12445,-230.25,36662.90695762634,0.049911691230058335
12446,-246.95000000000002,108008.75292551517,0.049911691230058335
12447,-247.20000000000002,70486.5181965828,0.049911691230058335
12448,-234.5,34967.62761819735,0.049911691230058335
12449,-240.55,97063.59294295311,0.049911691230058335
12450,-243.75,35066.78259849548,0.049911691230058335
12451,-246.95000000000002,112262.49197208881,0.049911691230058335
12452,-289.8,187558.3913869746,0.049911691230058335
12453,-298.8,95355.02287340164,0.049911691230058335
12454,-302.90000000000003,54068.50595539808,0.049911691230058335
12455,-207.85000000000002,216413.06388622522,0.049911691230058335
12456,-190.85000000000002,84265.62507158518,0.049911691230058335
12457,-181.55,45406.643539488316,0.049911691230058335
12458,-179.35,107026.9959218502,0.049911691230058335
12459,-186.85,79065.28026081622,0.049911691230058335
12460,-218.15,45050.49244296551,0.049911691230058335
12461,-221.15,38693.68482889235,0.049911691230058335
12462,-222.8,83719.15001942217,0.049911691230058335
12463,-285.95000000000005,69877.0506722331,0.049911691230058335
12464,-289.35,23774.118418216705,0.049911691230058335
12465,-292.75,199781.93914961815,0.049911691230058335
12466,-296.15,55056.72982349992,0.049911691230058335
12467,-299.55,111752.58407283202,0.049911691230058335
12468,-302.95000000000005,41052.401404652745,0.049911691230058335
12469,-306.35,36120.97575390339,0.049911691230058335
12470,-370.95000000000005,171350.93630552292,0.049911691230058335
12471,-374.35,80501.24947310984,0.049911691230058335
12472,-377.75,111225.05238570273,0.049911691230058335
12473,-442.35,91297.90461802483,0.049911691230058335
12474,-445.75,24989.82264471054,0.049911691230058335
12475,-449.15000000000003,161275.20186579227,0.049911691230058335
12476,-452.55,98159.4086933136,0.049911691230058335
12477,-517.1500000000001,93306.39758497477,0.049911691230058335
12478,-520.55,83008.00391519442,0.049911691230058335
12479,-523.95,51026.60542356968,0.049911691230058335
12480,-527.35,109643.27267956734,0.049911691230058335
12481,-592.95,53256.5026615262,0.049911691230058335
12482,-596.35,36012.693110346794,0.049911691230058335
12483,-598.75,44522.713147610426,0.049911691230058335
12484,-642.3000000000001,92988.84025217593,0.049911691230058335
12485,-636.5,82331.17028361559,0.049911691230058335
12486,-629.95,59382.36582762003,0.049911691230058335
12487,-625.85,61036.5627156198,0.049911691230058335
12488,-326.40000000000003,130874.41033768654,0.049911691230058335
12489,-305.85,137803.31097203493,0.049911691230058335
12490,-285.95000000000005,50154.118686676025,0.049911691230058335
12491,-288.65,173207.64735984802,0.049911691230058335
12492,-322.2,58854.74855208397,0.049911691230058335
12493,-325.5,16079.278760284185,0.049911691230058335
12494,-313.2,76716.91534686461,0.049911691230058335
12495,-316.40000000000003,66673.69025611877,0.049911691230058335
12496,-318.0,31361.719316244125,0.049911691230058335
12497,-348.40000000000003,25947.02130948007,0.049911691230058335
12498,-347.75,236804.12229394913,0.049911691230058335
12499,-350.15000000000003,60845.31698226929,0.049911691230058335
12500,-354.45,101541.39819832146,0.049911691230058335
12501,-357.75,63667.863713502884,0.049911691230058335
12502,-361.05,133287.05431866646,0.049911691230058335
12503,-364.75,33395.90253674984,0.049911691230058335
12504,-359.55,64968.18365865946,0.049911691230058335
12505,-348.8,118583.2380181551,0.049911691230058335
12506,-352.0,54367.95264649391,0.049911691230058335
12507,-352.6,47155.817385315895,0.049911691230058335
12508,-355.75,37135.16703610122,0.049911691230058335
12509,-358.95000000000005,50078.83712935448,0.049911691230058335
12510,-349.55,272771.10799242556,0.049911691230058335
12511,-347.6,81466.94080477953,0.049911691230058335
12512,-346.65000000000003,24322.282961130142,0.049911691230058335
12513,-349.40000000000003,81942.6988196969,0.049911691230058335
12514,-354.65000000000003,62925.31594181061,0.049911691230058335
12515,-352.75,92342.7305188179,0.049911691230058335
12516,-353.8,78485.6789560914,0.049911691230058335
12517,-355.55,329983.31761038303,0.049911691230058335
12518,-357.05,62063.12953996658,0.049911691230058335
12519,-380.55,89015.93843269348,0.049911691230058335
12520,-396.1,125815.85148465633,0.049911691230058335
12521,-399.40000000000003,72911.03371179104,0.049911691230058335
12522,-402.70000000000005,231274.32601369917,0.049911691230058335
12523,-406.0,112902.22398138046,0.049911691230058335
12524,-393.90000000000003,94106.58908706903,0.049911691230058335
12525,-381.75,55565.711792588234,0.049911691230058335
12526,-370.6,108919.75595831871,0.049911691230058335
12527,-354.70000000000005,72313.09395173565,0.049911691230058335
12528,-373.0,47835.82001273334,0.049911691230058335
12529,-435.20000000000005,88238.8367331177,0.049911691230058335
12530,-438.5,76371.83657813072,0.049911691230058335
12531,-499.6,19214.144534111023,0.049911691230058335
12532,-502.90000000000003,75785.67365431786,0.049911691230058335
12533,-506.20000000000005,156685.26044631004,0.049911691230058335
12534,-563.6,38580.772883191705,0.049911691230058335
12535,-565.85,126143.56782497466,0.049911691230058335
12536,-628.75,77616.75339567661,0.049911691230058335
12537,-632.1,62671.683715224266,0.049911691230058335
12538,-635.45,100679.66180056706,0.049911691230058335
12539,-637.0,40642.79075098038,0.049911691230058335
12540,-640.3000000000001,90926.51934528351,0.049911691230058335
12541,-704.35,196806.71937209368,0.049911691230058335
12542,-627.35,29225.666972994804,0.049911691230058335
12543,-621.75,57177.12992191315,0.049911691230058335
12544,-617.5500000000001,214822.11490583792,0.049911691230058335
12545,-470.15000000000003,129031.94490808249,0.049911691230058335
12546,-403.1,161138.338443432,0.049911691230058335
12547,-407.20000000000005,21917.177362442017,0.049911691230058335
12548,-411.35,40089.03072857857,0.049911691230058335
12549,-417.65000000000003,93643.04134321213,0.049911691230058335
12550,-446.1,50187.145003795624,0.049911691230058335
12551,-449.40000000000003,15676.484697341919,0.049911691230058335
12552,-452.70000000000005,135713.23894703388,0.049911691230058335
12553,-431.95000000000005,50494.41735932231,0.049911691230058335
12554,-440.0,79124.78754325584,0.049911691230058335
12555,-444.20000000000005,24281.253437042236,0.049911691230058335
12556,-448.45000000000005,68850.86530305445,0.049911691230058335
12557,-449.75,157218.2980108261,0.049911691230058335
12558,-454.65000000000003,762571.62419869,0.049911691230058335
12559,-514.1500000000001,37236.28316053748,0.049911691230058335
12560,-513.4000000000001,28825.771199584007,0.049911691230058335
12561,-517.7,169954.3008942604,0.049911691230058335
12562,-521.0,47418.01772022247,0.049911691230058335
12563,-524.3,39957.89133268595,0.049911691230058335
12564,-527.6,52902.59538114071,0.049911691230058335
12565,-514.85,26862.049465179443,0.049911691230058335
12566,-502.05,66590.28379058838,0.049911691230058335
12567,-472.20000000000005,34911.180483043194,0.049911691230058335
12568,-442.20000000000005,73665.29141721502,0.049911691230058335
12569,-415.0,39338.22915285826,0.049911691230058335
12570,-386.75,39130.56442344189,0.049911691230058335
12571,-390.8,60470.317268908024,0.049911691230058335
12572,-378.20000000000005,39791.75600194931,0.049911691230058335
12573,-366.40000000000003,81672.35723406076,0.049911691230058335
12574,-369.5,70638.89090657234,0.049911691230058335
12575,-437.3,117039.36347228289,0.049911691230058335
12576,-459.6,44027.16657078266,0.049911691230058335
12577,-462.85,50988.71482872963,0.049911691230058335
12578,-467.15000000000003,85143.01792472601,0.049911691230058335
12579,-514.95,293489.99682058394,0.049911691230058335
12580,-519.3,91805.78879404068,0.049911691230058335
12581,-521.55,81821.24315547943,0.049911691230058335
12582,-586.1,34358.18967205286,0.049911691230058335
12583,-651.75,18084.399181310087,0.049911691230058335
12584,-653.1,187669.94648742676,0.049911691230058335
12585,-717.9000000000001,34693.8383808732,0.049911691230058335
12586,-721.3000000000001,214775.8496286869,0.049911691230058335
12587,-724.7,168887.5151553154,0.049911691230058335
12588,-728.1,75143.38583135605,0.049911691230058335
12589,-731.5,140322.07585585117,0.049911691230058335
12590,-734.9000000000001,26589.96102270484,0.049911691230058335
12591,-738.3000000000001,48267.16444712877,0.049911691230058335
12592,-741.7,260617.97076681256,0.049911691230058335
12593,-745.1,68431.14405836165,0.049911691230058335
12594,-748.5,87268.61388923228,0.049911691230058335
12595,-752.9000000000001,96454.15870395675,0.049911691230058335
12596,-757.3000000000001,809388.579952661,0.049911691230058335
12597,-761.7,63356.218078017235,0.049911691230058335
12598,-699.2,40063.68637615442,0.049911691230058335
12599,-686.45,98282.93370187283,0.049911691230058335
12600,-674.75,44184.76307106018,0.049911691230058335
12601,-662.0,43957.30207681656,0.049911691230058335
12602,-633.6,222819.70671850443,0.049911691230058335
12603,-605.3000000000001,39194.304772377014,0.049911691230058335
12604,-579.45,54760.97910499573,0.049911691230058335
12605,-551.8,136160.06496548653,0.049911691230058335
12606,-540.85,134761.59596782923,0.049911691230058335
12607,-530.0,118636.76097297668,0.049911691230058335
12608,-474.40000000000003,104754.06995052099,0.049911691230058335
12609,-462.0,27402.564756393433,0.049911691230058335
12610,-438.70000000000005,53621.68286060542,0.049911691230058335
12611,-403.90000000000003,71839.88223735988,0.049911691230058335
12612,-376.20000000000005,75978.85735440254,0.049911691230058335
12613,-366.85,80224.74278575182,0.049911691230058335
12614,-369.70000000000005,117820.79858675599,0.049911691230058335
12615,-372.6,23781.210876852274,0.049911691230058335
12616,-374.5,49425.254673838615,0.049911691230058335
12617,-376.85,123864.96010732651,0.049911691230058335
12618,-376.95000000000005,27712.443405270576,0.049911691230058335
12619,-363.40000000000003,33872.14600610733,0.049911691230058335
12620,-343.05,70313.52248933911,0.049911691230058335
12621,-331.95,65768.25529879332,0.049911691230058335
12622,-330.35,173493.22265529633,0.049911691230058335
12623,-376.20000000000005,100979.24021434784,0.049911691230058335
12624,-369.8,78558.34899914265,0.049911691230058335
12625,-372.85,53005.072339925915,0.049911691230058335
12626,-376.15000000000003,262231.48344117403,0.049911691230058335
12627,-380.3,31694.51581400633,0.049911691230058335
12628,-383.45000000000005,33810.52606740594,0.049911691230058335
12629,-387.65000000000003,117768.64077556133,0.049911691230058335
12630,-430.15000000000003,75677.59794980288,0.049911691230058335
12631,-349.1,106285.43482840434,0.049911691230058335
12632,-326.75,261325.84355664253,0.049911691230058335
12633,-303.3,55105.79385781288,0.049911691230058335
12634,-337.95,18002.398867607117,0.049911691230058335
12635,-341.15000000000003,43389.56037148833,0.049911691230058335
12636,-344.35,35575.561982274055,0.049911691230058335
12637,-347.55,16809.46584111452,0.049911691230058335
12638,-404.70000000000005,95818.93099838495,0.049911691230058335
12639,-407.85,33512.51650561392,0.049911691230058335
12640,-408.65000000000003,63832.713868916035,0.049911691230058335
12641,-411.75,47311.55127801001,0.049911691230058335
12642,-414.85,196522.75315672532,0.049911691230058335
12643,-465.45000000000005,81514.11140689254,0.049911691230058335
12644,-521.4000000000001,56667.26129966974,0.049911691230058335
12645,-524.45,57957.1435700655,0.049911691230058335
12646,-587.4,42109.41444271803,0.049911691230058335
12647,-590.45,14530.814027547836,0.049911691230058335
12648,-593.5,307138.9966651499,0.049911691230058335
12649,-596.5500000000001,29419.582369271666,0.049911691230058335
12650,-600.6,92837.71658325195,0.049911691230058335
12651,-604.65,25711.226735144854,0.049911691230058335
12652,-591.9,39709.69737434387,0.049911691230058335
12653,-579.15,55702.208389520645,0.049911691230058335
12654,-566.35,43193.327753543854,0.049911691230058335
12655,-553.55,57500.614513874054,0.049911691230058335
12656,-539.7,434614.53684949875,0.049911691230058335
12657,-531.7,55714.601350307465,0.049911691230058335
12658,-534.5,51498.88566190377,0.049911691230058335
12659,-537.3,117301.00219209492,0.049911691230058335
12660,-538.1,75344.22510679439,0.049911691230058335
12661,-539.9000000000001,11947.564876571298,0.049911691230058335
12662,-543.75,108112.7471174039,0.049911691230058335
12663,-547.6500000000001,26981.46574884653,0.049911691230058335
12664,-529.4000000000001,18361.456043839455,0.049911691230058335
12665,-532.3,241501.12777212262,0.049911691230058335
12666,-520.25,33951.63839960098,0.049911691230058335
12667,-568.6,36073.32187515497,0.049911691230058335
12668,-572.7,83205.70921564102,0.049911691230058335
12669,-574.8000000000001,60080.932129740715,0.049911691230058335
12670,-632.7,36769.05473591387,0.049911691230058335
12671,-396.35,157150.62229037285,0.049911691230058335
12672,-388.1,182446.19787597656,0.049911691230058335
12673,-397.45000000000005,105736.59571647644,0.049911691230058335
12674,-383.85,47900.92168803513,0.049911691230058335
12675,-389.05,24732.821807667613,0.049911691230058335
12676,-390.05,26229.766263246536,0.049911691230058335
12677,-393.20000000000005,23857.847188532352,0.049911691230058335
12678,-396.35,58093.28631854057,0.049911691230058335
12679,-393.15000000000003,40815.33476567641,0.049911691230058335
12680,-350.7,32229.30017131567,0.049911691230058335
12681,-352.45000000000005,32789.36468601227,0.049911691230058335
12682,-355.35,160847.8457994461,0.049911691230058335
12683,-358.35,28053.615940093994,0.049911691230058335
12684,-361.25,77019.70400853828,0.049911691230058335
12685,-364.25,105840.9853182435,0.049911691230058335
12686,-430.1,69097.78638660908,0.049911691230058335
12687,-381.1,218113.86019803584,0.049911691230058335
12688,-327.7,25501.580603852868,0.049911691230058335
12689,-330.85,59786.31029726565,0.049911691230058335
12690,-335.05,103206.91980433464,0.049911691230058335
12691,-338.25,55882.9860323742,0.049911691230058335
12692,-341.45,39610.3801484704,0.049911691230058335
12693,-344.65000000000003,69675.84424114227,0.049911691230058335
12694,-407.1,76065.84658074379,0.049911691230058335
12695,-410.35,120552.1632092148,0.049911691230058335
12696,-413.6,103446.14026457071,0.049911691230058335
12697,-416.85,26322.36755530536,0.049911691230058335
12698,-464.5,103398.66807556152,0.049911691230058335
12699,-467.8,47870.66893905401,0.049911691230058335
12700,-471.1,56861.2025796175,0.049911691230058335
12701,-474.40000000000003,57770.789583057165,0.049911691230058335
12702,-477.70000000000005,82077.71962477267,0.049911691230058335
12703,-481.0,64746.760816812515,0.049911691230058335
12704,-539.75,55127.34084177017,0.049911691230058335
12705,-543.0,116838.12575283647,0.049911691230058335
12706,-562.3000000000001,34541.28878521919,0.049911691230058335
12707,-565.45,96895.22138237953,0.049911691230058335
12708,-605.0,26978.761057138443,0.049911691230058335
12709,-630.4,101268.9451418519,0.049911691230058335
12710,-688.7,72191.27373534814,0.049911691230058335
12711,-691.9000000000001,63118.32678718865,0.049911691230058335
12712,-695.1,336124.4686008096,0.049911691230058335
12713,-494.55,31212.074081778526,0.049911691230058335
12714,-485.20000000000005,88465.16700088978,0.049911691230058335
12715,-475.1,78979.81431668997,0.049911691230058335
12716,-464.95000000000005,257759.25148236752,0.049911691230058335
12717,-454.8,134664.3113694191,0.049911691230058335
12718,-430.70000000000005,143137.2167598009,0.049911691230058335
12719,-425.45000000000005,120544.28705838323,0.049911691230058335
12720,-419.55,30482.902508173138,0.049911691230058335
12721,-410.85,31054.221967697144,0.049911691230058335
12722,-339.05,88502.58787322044,0.049911691230058335
12723,-343.95,323548.1571574807,0.049911691230058335
12724,-344.75,40489.729213386774,0.049911691230058335
12725,-346.7,222699.32979846,0.049911691230058335
12726,-350.0,34097.96445382014,0.049911691230058335
12727,-346.75,28742.28808438778,0.049911691230058335
12728,-351.05,36705.608347177505,0.049911691230058335
12729,-351.90000000000003,54427.78774058819,0.049911691230058335
12730,-302.95,32103.475556910038,0.049911691230058335
12731,-301.5,188889.28318977356,0.049911691230058335
12732,-304.5,197620.941253677,0.049911691230058335
12733,-306.55,29104.86238694191,0.049911691230058335
12734,-308.65000000000003,52882.159672260284,0.049911691230058335
12735,-312.7,97777.39291960001,0.049911691230058335
12736,-311.40000000000003,40305.79007542133,0.049911691230058335
12737,-312.1,159443.07116892934,0.049911691230058335
12738,-311.0,54067.09347051382,0.049911691230058335
12739,-312.25,44359.98978829384,0.049911691230058335
12740,-316.25,81297.2853385359,0.049911691230058335
12741,-316.65000000000003,14452.398967981339,0.049911691230058335
12742,-321.7,126243.81800419092,0.049911691230058335
12743,-322.95,29438.75054037571,0.049911691230058335
12744,-325.65000000000003,45793.010725114495,0.049911691230058335
12745,-329.7,64235.64790070057,0.049911691230058335
12746,-333.75,130382.64977139235,0.049911691230058335
12747,-337.8,136802.87210430205,0.049911691230058335
12748,-340.85,12087.960193514824,0.049911691230058335
12749,-343.90000000000003,149522.08727383614,0.049911691230058335
12750,-346.95,50058.59366154671,0.049911691230058335
12751,-350.0,133542.38638937473,0.049911691230058335
12752,-347.55,79722.4159142077,0.049911691230058335
12753,-347.8,63604.68324409798,0.049911691230058335
12754,-349.7,38760.27675521374,0.049911691230058335
12755,-353.7,23031.43423809111,0.049911691230058335
12756,-356.75,62269.42654815316,0.049911691230058335
12757,-359.8,58805.29689848423,0.049911691230058335
12758,-349.90000000000003,122222.55005943775,0.049911691230058335
12759,-353.70000000000005,93039.15333785117,0.049911691230058335
12760,-358.6,71629.84773507714,0.049911691230058335
12761,-362.55,85511.30011287332,0.049911691230058335
12762,-367.6,165474.43983721733,0.049911691230058335
12763,-397.1,23767.020498275757,0.049911691230058335
12764,-400.0,269772.9677182436,0.049911691230058335
12765,-461.35,106311.02310848236,0.049911691230058335
12766,-463.35,38509.95325149596,0.049911691230058335
12767,-467.45000000000005,40879.74244403839,0.049911691230058335
12768,-520.6,80524.99199682474,0.049911691230058335
12769,-523.7,23751.16671472788,0.049911691230058335
12770,-565.4,28944.650664806366,0.049911691230058335
12771,-568.45,372196.0828820467,0.049911691230058335
12772,-571.5,61620.37463051081,0.049911691230058335
12773,-631.0,46573.10030943528,0.049911691230058335
12774,-634.1,75091.8513700962,0.049911691230058335
12775,-637.2,116494.94717526436,0.049911691230058335
12776,-664.35,47584.78088718653,0.049911691230058335
12777,-667.4000000000001,37135.78237569332,0.049911691230058335
12778,-670.45,59158.50619131699,0.049911691230058335
12779,-673.5,109447.43749511242,0.049911691230058335
12780,-739.35,23573.7785756588,0.049911691230058335
12781,-731.7,91204.74655377865,0.049911691230058335
12782,-700.4000000000001,84364.3675366342,0.049911691230058335
12783,-436.25,125531.93678249419,0.049911691230058335
12784,-481.35,57037.67591238022,0.049911691230058335
12785,-516.8,58699.9473721385,0.049911691230058335
12786,-472.55,153856.6764640808,0.049911691230058335
12787,-446.5,55514.13702702522,0.049911691230058335
12788,-309.3,65849.04629921913,0.049911691230058335
12789,-362.45,53513.30403470993,0.049911691230058335
12790,-366.70000000000005,51269.02311010659,0.049911691230058335
12791,-370.95000000000005,32807.6931732595,0.049911691230058335
12792,-374.20000000000005,65510.14503014088,0.049911691230058335
12793,-376.45000000000005,69677.57002615929,0.049911691230058335
12794,-378.70000000000005,123595.79216304421,0.049911691230058335
12795,-358.55,32241.826401293278,0.049911691230058335
12796,-360.70000000000005,38670.01422214508,0.049911691230058335
12797,-358.35,142108.9178776741,0.049911691230058335
12798,-338.5,75410.3389852047,0.049911691230058335
12799,-337.1,30248.321175813675,0.049911691230058335
12800,-335.75,130182.42511302233,0.049911691230058335
12801,-338.90000000000003,69456.87486839294,0.049911691230058335
12802,-338.75,16333.591646432877,0.049911691230058335
12803,-356.2,64703.34118852019,0.049911691230058335
12804,-411.05,61373.39447593689,0.049911691230058335
12805,-468.95000000000005,83188.93098062277,0.049911691230058335
12806,-515.9000000000001,174449.6394484043,0.049911691230058335
12807,-578.2,80457.60156536102,0.049911691230058335
12808,-581.45,38524.18287780881,0.049911691230058335
12809,-584.7,74543.97660505772,0.049911691230058335
12810,-587.95,26675.11868084967,0.049911691230058335
12811,-591.2,49966.58730095625,0.049911691230058335
12812,-585.0500000000001,198065.372003451,0.049911691230058335
12813,-578.9,221358.79899263382,0.049911691230058335
12814,-582.0500000000001,67280.18365627527,0.049911691230058335
12815,-607.75,19444.62648138404,0.049911691230058335
12816,-611.85,81378.95743083954,0.049911691230058335
12817,-617.0500000000001,34930.70129019022,0.049911691230058335
12818,-621.25,100806.67496293783,0.049911691230058335
12819,-626.5,148232.51986414194,0.049911691230058335
12820,-672.75,55303.23278915882,0.049911691230058335
12821,-676.0,32095.258997678757,0.049911691230058335
12822,-679.25,48657.07161131874,0.049911691230058335
12823,-681.5,171007.27203536034,0.049911691230058335
12824,-684.75,29252.202376142144,0.049911691230058335
12825,-735.25,137044.2271078378,0.049911691230058335
12826,-738.5,74407.88791197538,0.049911691230058335
12827,-779.95,27907.527359247208,0.049911691230058335
12828,-782.25,61970.18153882027,0.049911691230058335
12829,-828.7,46669.67076283693,0.049911691230058335
12830,-831.95,75499.95776462555,0.049911691230058335
12831,-776.0,119069.34308976308,0.049911691230058335
12832,-779.1,44041.947936058044,0.049911691230058335
12833,-782.2,114151.5528202653,0.049911691230058335
12834,-499.25,79726.42129065096,0.049911691230058335
12835,-457.1,153655.60342502594,0.049911691230058335
12836,-461.15000000000003,78076.74228525162,0.049911691230058335
12837,-465.20000000000005,271260.6473181248,0.049911691230058335
12838,-522.75,47570.883969426155,0.049911691230058335
12839,-525.85,30771.45677614212,0.049911691230058335
12840,-566.1,97639.55178117752,0.049911691230058335
12841,-571.25,107906.11774742603,0.049911691230058335
12842,-573.4,69728.73771222308,0.049911691230058335
12843,-576.5500000000001,59575.15553446114,0.049911691230058335
12844,-580.7,53529.42481952906,0.049911691230058335
12845,-584.85,49813.546263188124,0.049911691230058335
12846,-571.25,219374.26836705208,0.049911691230058335
12847,-596.15,50888.20627403259,0.049911691230058335
12848,-599.4,240838.67455241084,0.049911691230058335
12849,-659.8000000000001,62999.37477350235,0.049911691230058335
12850,-663.1,97642.08730983734,0.049911691230058335
12851,-725.3000000000001,29712.243717849255,0.049911691230058335
12852,-728.6,210158.21370506287,0.049911691230058335
12853,-730.9000000000001,85522.51539158821,0.049911691230058335
12854,-734.2,122502.80437135696,0.049911691230058335
12855,-796.9000000000001,158961.3965742588,0.049911691230058335
12856,-800.2,55223.478191349655,0.049911691230058335
12857,-804.5,100149.04917418957,0.049911691230058335
12858,-827.75,21422.582800149918,0.049911691230058335
12859,-831.0500000000001,96916.37524282932,0.049911691230058335
12860,-834.35,23444.33082163334,0.049911691230058335
12861,-837.6500000000001,104713.37938922644,0.049911691230058335
12862,-840.95,64566.72962164879,0.049911691230058335
12863,-830.2,150726.35829863325,0.049911691230058335
12864,-797.95,125024.43046700954,0.049911691230058335
12865,-788.8000000000001,54674.88865906,0.049911691230058335
12866,-722.1,102643.62261426449,0.049911691230058335
12867,-703.3000000000001,51850.78194129467,0.049911691230058335
12868,-394.25,24386.270323753357,0.049911691230058335
12869,-422.20000000000005,133152.62031758204,0.049911691230058335
12870,-425.65000000000003,162356.22519409657,0.049911691230058335
12871,-430.85,57309.71709752083,0.049911691230058335
12872,-435.1,73926.22531983629,0.049911691230058335
12873,-438.35,345165.35940277576,0.049911691230058335
12874,-441.6,52683.47887571156,0.049911691230058335
12875,-444.85,172960.50326645374,0.049911691230058335
12876,-448.1,137382.80863308907,0.049911691230058335
12877,-446.8,14027.098774883896,0.049911691230058335
12878,-505.0,154607.16878947616,0.049911691230058335
12879,-551.2,37481.03013797104,0.049911691230058335
12880,-555.55,98008.32633572817,0.049911691230058335
12881,-610.0500000000001,83717.02475692332,0.049911691230058335
12882,-613.5,195004.0508349687,0.049911691230058335
12883,-679.0500000000001,69232.17447805405,0.049911691230058335
12884,-732.8000000000001,37152.36511150375,0.049911691230058335
12885,-739.6,140588.00315004587,0.049911691230058335
12886,-753.6500000000001,79737.35306429863,0.049911691230058335
12887,-756.9000000000001,23596.27102601528,0.049911691230058335
12888,-760.1500000000001,41042.675291240215,0.049911691230058335
12889,-763.4000000000001,21573.526850774884,0.049911691230058335
12890,-766.6500000000001,124359.2880037427,0.049911691230058335
12891,-769.9000000000001,136661.37442812324,0.049911691230058335
12892,-772.1500000000001,61989.2622795105,0.049911691230058335
12893,-775.4000000000001,51379.238332644105,0.049911691230058335
12894,-778.6500000000001,51141.75191026926,0.049911691230058335
12895,-781.9000000000001,98031.1071883291,0.049911691230058335
12896,-785.1500000000001,60216.333747282624,0.049911691230058335
12897,-788.4000000000001,225477.3647801876,0.049911691230058335
12898,-791.6500000000001,22202.334240198135,0.049911691230058335
12899,-662.75,83966.4671998024,0.049911691230058335
12900,-649.45,116982.06347805262,0.049911691230058335
12901,-654.1,20112.72326028347,0.049911691230058335
12902,-657.8000000000001,105582.10237562656,0.049911691230058335
12903,-597.3000000000001,66227.60500282049,0.049911691230058335
12904,-523.05,68401.77254015207,0.049911691230058335
12905,-347.2,38981.33278013766,0.049911691230058335
12906,-352.35,45191.349036574364,0.049911691230058335
12907,-355.45000000000005,341240.23155619204,0.049911691230058335
12908,-359.65000000000003,34531.68329381943,0.049911691230058335
12909,-362.85,54120.03105735779,0.049911691230058335
12910,-366.05,12375.441024065018,0.049911691230058335
12911,-367.55,181578.53163446486,0.049911691230058335
12912,-372.05,28649.300721541047,0.049911691230058335
12913,-370.8,43783.71840810776,0.049911691230058335
12914,-348.45000000000005,147713.41396069527,0.049911691230058335
12915,-245.15,61854.278493881226,0.049911691230058335
12916,-191.85,84792.29562264681,0.049911691230058335
12917,-195.9,83764.10194921494,0.049911691230058335
12918,-232.0,435644.3887375593,0.049911691230058335
12919,-269.45000000000005,283990.88085094094,0.049911691230058335
12920,-271.4,78452.56028932333,0.049911691230058335
12921,-332.6,80963.44912290573,0.049911691230058335
12922,-389.1,41067.33310556412,0.049911691230058335
12923,-451.35,83866.49860620499,0.049911691230058335
12924,-454.65000000000003,67954.52749472857,0.049911691230058335
12925,-457.95000000000005,137378.3670835495,0.049911691230058335
12926,-525.6500000000001,109832.79059793055,0.049911691230058335
12927,-527.95,129715.48969601095,0.049911691230058335
12928,-530.25,69740.48441666365,0.049911691230058335
12929,-571.45,154100.31112396717,0.049911691230058335
12930,-574.7,76522.13310136274,0.049911691230058335
12931,-621.15,24698.82618045807,0.049911691230058335
12932,-622.3000000000001,30542.038071721792,0.049911691230058335
12933,-625.5,25031.50202471018,0.049911691230058335
12934,-628.7,40524.16122865677,0.049911691230058335
12935,-632.9,48763.18398940563,0.049911691230058335
12936,-694.6,24800.842653337866,0.049911691230058335
12937,-697.85,162449.7339361906,0.049911691230058335
12938,-701.1,94379.23184013367,0.049911691230058335
12939,-704.35,91258.06585502625,0.049911691230058335
12940,-707.6,63606.439245551825,0.049911691230058335
12941,-710.85,52260.02090457082,0.049911691230058335
12942,-714.1,75759.71470600367,0.049911691230058335
12943,-717.35,101202.08300729096,0.049911691230058335
12944,-720.6,141253.5021711588,0.049911691230058335
12945,-723.85,89431.96608781815,0.049911691230058335
12946,-727.1,299247.2843869664,0.049911691230058335
12947,-730.35,73958.0304850936,0.049911691230058335
12948,-718.45,149196.49122707546,0.049911691230058335
12949,-706.5500000000001,103313.67788888514,0.049911691230058335
12950,-694.6,130162.26736283302,0.049911691230058335
12951,-682.6,68518.4018226862,0.049911691230058335
12952,-670.5500000000001,109827.7690217495,0.049911691230058335
12953,-658.85,71211.60176950693,0.049911691230058335
12954,-452.0,46891.33179855347,0.049911691230058335
12955,-453.90000000000003,82826.1170322895,0.049911691230058335
12956,-452.3,79096.60431480408,0.049911691230058335
12957,-452.85,38847.57857888937,0.049911691230058335
12958,-448.65000000000003,58279.40687394142,0.049911691230058335
12959,-441.65000000000003,68078.98017382622,0.049911691230058335
12960,-447.75,147510.3109344393,0.049911691230058335
12961,-450.15000000000003,54999.34258770943,0.049911691230058335
12962,-454.20000000000005,121255.07962524891,0.049911691230058335
12963,-456.20000000000005,49209.720418930054,0.049911691230058335
12964,-442.40000000000003,127135.26933336258,0.049911691230058335
12965,-314.85,49623.49883967638,0.049911691230058335
12966,-294.4,85512.59097510576,0.049911691230058335
12967,-298.6,34784.08233642578,0.049911691230058335
12968,-302.85,52545.933824539185,0.049911691230058335
12969,-306.1,133926.0346300602,0.049911691230058335
12970,-195.75,76155.0817926526,0.049911691230058335
12971,-144.9,31775.03498217836,0.049911691230058335
12972,-147.45,93218.52217437327,0.049911691230058335
12973,-151.2,85731.57769484818,0.049911691230058335
12974,-155.2,73539.6533793211,0.049911691230058335
12975,-157.95,48535.46744966507,0.049911691230058335
12976,-161.8,62144.643439769745,0.049911691230058335
12977,-153.55,117520.29252004623,0.049911691230058335
12978,-192.20000000000002,53564.43363368511,0.049911691230058335
12979,-242.3,20481.80375385657,0.049911691230058335
12980,-268.95000000000005,135934.25587561727,0.049911691230058335
12981,-270.75,129246.54195731878,0.049911691230058335
12982,-272.95000000000005,68455.78862729669,0.049911691230058335
12983,-278.15,97119.9441652447,0.049911691230058335
12984,-282.4,177624.07765591145,0.049911691230058335
12985,-284.05,171797.6968140602,0.049911691230058335
12986,-288.3,50689.53387448192,0.049911691230058335
12987,-291.55,44797.4519174248,0.049911691230058335
12988,-294.8,44312.0184738636,0.049911691230058335
12989,-298.05,68914.59137994051,0.049911691230058335
12990,-301.3,91342.06224620342,0.049911691230058335
12991,-304.55,131214.19108378887,0.049911691230058335
12992,-364.5,50171.76968765631,0.049911691230058335
12993,-407.75,94341.85528594255,0.049911691230058335
12994,-470.45000000000005,108303.6007896103,0.049911691230058335
12995,-474.75,142485.48025923967,0.049911691230058335
12996,-523.1,250300.07868390158,0.049911691230058335
12997,-526.4000000000001,93894.08083629608,0.049911691230058335
12998,-529.7,222297.0617298521,0.049911691230058335
12999,-578.0,44614.00268211961,0.049911691230058335
13000,-579.3000000000001,97675.13947999477,0.049911691230058335
13001,-582.6,59553.396700918674,0.049911691230058335
13002,-584.9,92997.72793534398,0.049911691230058335
13003,-646.6,69687.57526685297,0.049911691230058335
13004,-649.9,48047.48094278574,0.049911691230058335
13005,-647.5,407608.7940265238,0.049911691230058335
13006,-649.5500000000001,100182.6530222632,0.049911691230058335
13007,-641.75,60259.167829051614,0.049911691230058335
13008,-632.0,118245.49124604464,0.049911691230058335
13009,-635.15,73587.39508491755,0.049911691230058335
13010,-639.35,18408.035574886948,0.049911691230058335
13011,-500.25,187339.93612360954,0.049911691230058335
13012,-438.5,125530.23143339157,0.049911691230058335
13013,-441.35,224589.0314744711,0.049911691230058335
13014,-282.6,84978.7683298327,0.049911691230058335
13015,-281.55,77539.61493003368,0.049911691230058335
13016,-286.3,37234.18247175217,0.049911691230058335
13017,-292.3,20551.675461500883,0.049911691230058335
13018,-267.8,84655.63050569594,0.049911691230058335
13019,-266.1,91161.18212223053,0.049911691230058335
13020,-267.70000000000005,192946.81552380323,0.049911691230058335
13021,-266.35,101136.29516095296,0.049911691230058335
13022,-271.05,52630.04558826983,0.049911691230058335
13023,-257.1,39389.51156926155,0.049911691230058335
13024,-233.55,76103.35048604384,0.049911691230058335
13025,-225.05,119572.60875265673,0.049911691230058335
13026,-211.75,75602.52268375456,0.049911691230058335
13027,-217.45000000000002,34764.6241106987,0.049911691230058335
13028,-222.25,255532.3175253868,0.049911691230058335
13029,-227.15,104024.14679074287,0.049911691230058335
13030,-228.25,49501.57134896517,0.049911691230058335
13031,-230.3,24560.14592466131,0.049911691230058335
13032,-234.3,166632.70794803277,0.049911691230058335
13033,-222.60000000000002,59868.93053007126,0.049911691230058335
13034,-228.65,39863.30507452786,0.049911691230058335
13035,-232.8,27583.6498503685,0.049911691230058335
13036,-235.95000000000002,59134.03305438161,0.049911691230058335
13037,-235.75,231938.71231275797,0.049911691230058335
13038,-238.8,76179.5003066063,0.049911691230058335
13039,-242.9,79105.18611133471,0.049911691230058335
13040,-226.20000000000002,71306.95372915268,0.049911691230058335
13041,-260.5,171216.16448688507,0.049911691230058335
13042,-247.70000000000002,77741.53740817308,0.049911691230058335
13043,-250.8,183179.35508441925,0.049911691230058335
13044,-256.0,192497.2305545807,0.049911691230058335
13045,-259.20000000000005,46081.39078088477,0.049911691230058335
13046,-262.4,44593.379788696766,0.049911691230058335
13047,-262.6,99774.42218244076,0.049911691230058335
13048,-250.75,51930.94182737172,0.049911691230058335
13049,-253.85000000000002,212917.51468133926,0.049911691230058335
13050,-258.0,34493.10360698402,0.049911691230058335
13051,-262.20000000000005,42674.52127993107,0.049911691230058335
13052,-251.25,54480.294094100595,0.049911691230058335
13053,-255.45000000000002,78590.30909514427,0.049911691230058335
13054,-258.65,103947.78729237616,0.049911691230058335
13055,-247.05,111993.51898552477,0.049911691230058335
13056,-234.5,81340.08428955078,0.049911691230058335
13057,-231.10000000000002,112914.15709747374,0.049911691230058335
13058,-234.15,73465.94614124298,0.049911691230058335
13059,-237.20000000000002,64285.33735358715,0.049911691230058335
13060,-240.25,135774.164696455,0.049911691230058335
13061,-242.3,19330.832754973322,0.049911691230058335
13062,-233.9,127663.77726793289,0.049911691230058335
13063,-238.0,521609.9103001952,0.049911691230058335
13064,-243.20000000000002,57135.102568507195,0.049911691230058335
13065,-245.3,112253.62723338604,0.049911691230058335
13066,-249.5,39954.62947835028,0.049911691230058335
13067,-251.60000000000002,22337.236315086484,0.049911691230058335
13068,-277.4,256159.89522486925,0.049911691230058335
13069,-282.6,131834.78415954113,0.049911691230058335
13070,-285.8,72128.35257066786,0.049911691230058335
13071,-289.0,37240.16428518295,0.049911691230058335
13072,-334.35,97908.23049354553,0.049911691230058335
13073,-381.1,115147.90495160222,0.049911691230058335
13074,-410.75,161674.14527067915,0.049911691230058335
13075,-414.05,50138.37793435156,0.049911691230058335
13076,-417.35,52583.33442211151,0.049911691230058335
13077,-420.65000000000003,181096.14882457256,0.049911691230058335
13078,-490.35,169784.1949609518,0.049911691230058335
13079,-492.65000000000003,36135.65631207824,0.049911691230058335
13080,-495.95000000000005,48839.72281265259,0.049911691230058335
13081,-497.25,32205.24545611441,0.049911691230058335
13082,-498.55,53802.124112188816,0.049911691230058335
13083,-500.85,189023.7606985569,0.049911691230058335
13084,-504.20000000000005,101943.5928539671,0.049911691230058335
13085,-565.65,30166.623339653015,0.049911691230058335
13086,-569.0,177231.40938472748,0.049911691230058335
13087,-572.35,149694.86923111975,0.049911691230058335
13088,-636.0,36372.072624623775,0.049911691230058335
13089,-701.6500000000001,98408.7968416214,0.049911691230058335
13090,-704.0,164772.2310242802,0.049911691230058335
13091,-708.35,83010.66477751732,0.049911691230058335
13092,-711.7,119233.88736629486,0.049911691230058335
13093,-580.5,259346.77926132083,0.049911691230058335
13094,-555.2,49325.10327041522,0.049911691230058335
13095,-558.9,89079.24135386944,0.049911691230058335
13096,-562.6,38430.28593251482,0.049911691230058335
13097,-564.4,96674.35539460182,0.049911691230058335
13098,-569.3000000000001,45802.82460787892,0.049911691230058335
13099,-573.3000000000001,26810.8545255363,0.049911691230058335
13100,-578.35,170748.18298876286,0.049911691230058335
13101,-582.45,187879.61314988136,0.049911691230058335
13102,-386.1,109708.57538741827,0.049911691230058335
13103,-337.25,19582.4245493114,0.049911691230058335
13104,-341.2,71295.02609109879,0.049911691230058335
13105,-345.25,48567.5439594388,0.049911691230058335
13106,-349.35,56869.5646491088,0.049911691230058335
13107,-348.5,123773.59204021096,0.049911691230058335
13108,-350.3,154915.54748832062,0.049911691230058335
13109,-348.95,167726.62801851332,0.049911691230058335
13110,-351.25,219497.39955246449,0.049911691230058335
13111,-332.7,43257.33397348225,0.049911691230058335
13112,-332.95,69500.66969454288,0.049911691230058335
13113,-343.6,146926.10447883606,0.049911691230058335
13114,-346.25,54912.570457458496,0.049911691230058335
13115,-349.55,30971.387347102165,0.049911691230058335
13116,-352.85,123089.89823295176,0.049911691230058335
13117,-331.8,38558.762648135424,0.049911691230058335
13118,-335.0,85835.82963883877,0.049911691230058335
13119,-342.15000000000003,93119.50216519833,0.049911691230058335
13120,-379.3,37046.805888507515,0.049911691230058335
13121,-382.6,60074.79499423504,0.049911691230058335
13122,-385.90000000000003,162935.09658432007,0.049911691230058335
13123,-416.55,56229.06301546097,0.049911691230058335
13124,-419.8,28928.671954870224,0.049911691230058335
13125,-423.05,85464.89423085749,0.049911691230058335
13126,-426.3,124869.48028722405,0.049911691230058335
13127,-429.55,101767.79886934534,0.049911691230058335
13128,-432.8,59193.76688486338,0.049911691230058335
13129,-436.05,93649.05302685499,0.049911691230058335
13130,-438.3,26932.524544373155,0.049911691230058335
13131,-441.55,46936.524517953396,0.049911691230058335
13132,-430.25,65317.04598617554,0.049911691230058335
13133,-433.45000000000005,50281.639073967934,0.049911691230058335
13134,-436.65000000000003,97036.24444510043,0.049911691230058335
13135,-439.85,107902.38973879814,0.049911691230058335
13136,-443.05,170657.4450725317,0.049911691230058335
13137,-446.25,19934.564325928688,0.049911691230058335
13138,-507.75,242402.49078655243,0.049911691230058335
13139,-511.0,58350.086457282305,0.049911691230058335
13140,-514.25,148060.23269438744,0.049911691230058335
13141,-484.95000000000005,74351.99533557892,0.049911691230058335
13142,-502.1,29067.216003850102,0.049911691230058335
13143,-506.3,304195.90703600645,0.049911691230058335
13144,-509.5,37633.602482795715,0.049911691230058335
13145,-512.7,32815.34804441035,0.049911691230058335
13146,-515.9000000000001,96797.02383162081,0.049911691230058335
13147,-519.1,28288.703327655792,0.049911691230058335
13148,-522.3,18584.8749935627,0.049911691230058335
13149,-586.1,54561.54015649855,0.049911691230058335
13150,-590.5,99702.53859473765,0.049911691230058335
13151,-593.7,24639.033040702343,0.049911691230058335
13152,-595.9,57515.32665228844,0.049911691230058335
13153,-599.1,24309.918389081955,0.049911691230058335
13154,-602.3000000000001,125082.54753756523,0.049911691230058335
13155,-605.5,61079.21276059747,0.049911691230058335
13156,-546.45,154035.40526385605,0.049911691230058335
13157,-522.25,29870.259811520576,0.049911691230058335
13158,-513.1,36787.79711641744,0.049911691230058335
13159,-505.8,361323.0785445571,0.049911691230058335
13160,-498.95000000000005,86861.44140851498,0.049911691230058335
13161,-491.45000000000005,59926.37726220861,0.049911691230058335
13162,-497.45000000000005,61314.04198476672,0.049911691230058335
13163,-490.5,40133.96327379346,0.049911691230058335
13164,-494.55,125331.39798392355,0.049911691230058335
13165,-498.65000000000003,44911.54294061661,0.049911691230058335
13166,-502.8,57089.79370427132,0.049911691230058335
13167,-362.90000000000003,90993.45315790176,0.049911691230058335
13168,-363.5,54924.46209335327,0.049911691230058335
13169,-365.1,302590.91801944375,0.049911691230058335
13170,-366.70000000000005,59984.752301216125,0.049911691230058335
13171,-368.35,23792.98491925001,0.049911691230058335
13172,-354.1,29055.369557976723,0.049911691230058335
13173,-352.40000000000003,108961.88687064126,0.049911691230058335
13174,-356.0,233064.38838220015,0.049911691230058335
13175,-357.55,104208.90504062176,0.049911691230058335
13176,-283.95000000000005,39107.25215494633,0.049911691230058335
13177,-287.4,32393.639674544334,0.049911691230058335
13178,-290.5,124232.42164082825,0.049911691230058335
13179,-285.0,73810.35796099901,0.049911691230058335
13180,-280.45000000000005,101116.39010864496,0.049911691230058335
13181,-280.70000000000005,147987.63220596313,0.049911691230058335
13182,-278.15,107432.45763108507,0.049911691230058335
13183,-280.20000000000005,60792.937974601984,0.049911691230058335
13184,-318.55,77679.818025738,0.049911691230058335
13185,-359.35,83185.97252859175,0.049911691230058335
13186,-393.5,128194.92341366783,0.049911691230058335
13187,-395.0,204715.16467761993,0.049911691230058335
13188,-399.1,24875.53065702319,0.049911691230058335
13189,-402.20000000000005,47500.17831492424,0.049911691230058335
13190,-405.3,140959.03109097853,0.049911691230058335
13191,-426.70000000000005,53136.24177098274,0.049911691230058335
13192,-430.75,273816.33710093796,0.049911691230058335
13193,-477.05,31181.603904783726,0.049911691230058335
13194,-480.25,75519.82065302506,0.049911691230058335
13195,-484.5,97326.52025055885,0.049911691230058335
13196,-490.65000000000003,134862.06150746346,0.049911691230058335
13197,-465.3,91453.86066442728,0.049911691230058335
13198,-468.5,17989.797710597515,0.049911691230058335
13199,-471.70000000000005,66003.07306927443,0.049911691230058335
13200,-514.9000000000001,42439.44865681231,0.049911691230058335
13201,-518.1500000000001,268589.090113163,0.049911691230058335
13202,-545.05,37414.59499025345,0.049911691230058335
13203,-547.3,31228.00988292694,0.049911691230058335
13204,-609.0500000000001,42950.76776327193,0.049911691230058335
13205,-612.3000000000001,71292.192258358,0.049911691230058335
13206,-641.95,62658.53904557228,0.049911691230058335
13207,-643.0,349928.9885201454,0.049911691230058335
13208,-545.45,15310.155584812164,0.049911691230058335
13209,-548.7,25453.268641471863,0.049911691230058335
13210,-553.85,40510.72261309624,0.049911691230058335
13211,-559.2,34428.13571947813,0.049911691230058335
13212,-563.45,53656.82797455788,0.049911691230058335
13213,-624.95,204348.7016621232,0.049911691230058335
13214,-689.5500000000001,181334.35378313065,0.049911691230058335
13215,-692.95,46541.22298336029,0.049911691230058335
13216,-719.1,93749.80105032027,0.049911691230058335
13217,-782.75,270440.3566201627,0.049911691230058335
13218,-786.1,58626.04385995865,0.049911691230058335
13219,-679.35,85712.2050357759,0.049911691230058335
13220,-655.3000000000001,89787.97321774065,0.049911691230058335
13221,-452.35,53985.59562647343,0.049911691230058335
13222,-498.05,138364.90388691425,0.049911691230058335
13223,-457.90000000000003,49845.534919798374,0.049911691230058335
13224,-417.65000000000003,50843.15511226654,0.049911691230058335
13225,-461.75,23689.65254175663,0.049911691230058335
13226,-461.75,190491.12296903133,0.049911691230058335
13227,-477.35,109273.8197798729,0.049911691230058335
13228,-452.25,45149.54124874249,0.049911691230058335
13229,-271.0,176233.02230668068,0.049911691230058335
13230,-275.20000000000005,87396.22843444347,0.049911691230058335
13231,-268.85,272594.3187197447,0.049911691230058335
13232,-275.15,98937.15427970886,0.049911691230058335
13233,-278.45000000000005,163637.83870589733,0.049911691230058335
13234,-278.6,113828.90093833208,0.049911691230058335
13235,-277.65,117714.64284174517,0.049911691230058335
13236,-281.8,57363.401078909636,0.049911691230058335
13237,-288.1,139965.30764192343,0.049911691230058335
13238,-281.70000000000005,55136.60705224052,0.049911691230058335
13239,-287.05,81547.48277446628,0.049911691230058335
13240,-290.4,49412.83144906163,0.049911691230058335
13241,-293.75,70983.23010635376,0.049911691230058335
13242,-297.1,121673.19911152124,0.049911691230058335
13243,-297.45000000000005,98415.85937865078,0.049911691230058335
13244,-296.15,109709.6005409956,0.049911691230058335
13245,-296.1,63716.66750538349,0.049911691230058335
13246,-188.65,113245.84207725525,0.049911691230058335
13247,-187.45000000000002,84062.48519594967,0.049911691230058335
13248,-251.4,38558.745498239994,0.049911691230058335
13249,-253.4,112018.47708702087,0.049911691230058335
13250,-256.35,139358.89679384232,0.049911691230058335
13251,-316.05,86728.03708827496,0.049911691230058335
13252,-319.45,32475.887394607067,0.049911691230058335
13253,-322.85,35224.93539237976,0.049911691230058335
13254,-379.55,50630.56074941531,0.049911691230058335
13255,-383.90000000000003,322593.94673991203,0.049911691230058335
13256,-443.95000000000005,168322.36080908775,0.049911691230058335
13257,-447.3,83807.73799562454,0.049911691230058335
13258,-510.95000000000005,41534.40280640498,0.049911691230058335
13259,-574.6,37509.08592116833,0.049911691230058335
13260,-638.25,121706.69128701463,0.049911691230058335
13261,-641.6,81850.85129460692,0.049911691230058335
13262,-644.95,168110.47092808783,0.049911691230058335
13263,-648.3000000000001,117736.28858397901,0.049911691230058335
13264,-651.65,206324.95691543818,0.049911691230058335
13265,-655.0,65167.490708351135,0.049911691230058335
13266,-658.35,63579.577622413635,0.049911691230058335
13267,-661.7,169390.55881881714,0.049911691230058335
13268,-725.35,40214.23533707857,0.049911691230058335
13269,-394.1,215125.04675192013,0.049911691230058335
13270,-398.75,49775.96984320879,0.049911691230058335
13271,-402.45000000000005,51592.19909770787,0.049911691230058335
13272,-466.15000000000003,92183.56695236266,0.049911691230058335
13273,-467.35,115189.22341537476,0.049911691230058335
13274,-468.5,33947.004825115204,0.049911691230058335
13275,-469.6,157408.1184449196,0.049911691230058335
13276,-470.70000000000005,114995.31258440018,0.049911691230058335
13277,-488.0,47899.19435574114,0.049911691230058335
13278,-489.55,140114.76344782114,0.049911691230058335
13279,-539.4000000000001,99943.58436858654,0.049911691230058335
13280,-505.65000000000003,94242.63853931427,0.049911691230058335
13281,-493.6,100805.75943803787,0.049911691230058335
13282,-479.90000000000003,18863.53497171402,0.049911691230058335
13283,-468.35,77816.5141438879,0.049911691230058335
13284,-470.75,115581.85421033204,0.049911691230058335
13285,-474.85,235395.73057031631,0.049911691230058335
13286,-480.05,39480.26129490137,0.049911691230058335
13287,-482.15000000000003,48186.528209134936,0.049911691230058335
13288,-485.35,46821.85161355138,0.049911691230058335
13289,-488.55,95847.36894311011,0.049911691230058335
13290,-316.7,31252.306530475616,0.049911691230058335
13291,-319.6,145343.2315173298,0.049911691230058335
13292,-351.6,69427.1561897397,0.049911691230058335
13293,-354.95,126404.95371593535,0.049911691230058335
13294,-357.3,34244.1187620759,0.049911691230058335
13295,-312.15000000000003,59632.82506865263,0.049911691230058335
13296,-317.35,56069.202852368355,0.049911691230058335
13297,-319.55,88686.80818541348,0.049911691230058335
13298,-384.05,210520.91355597973,0.049911691230058335
13299,-436.75,197321.63318812847,0.049911691230058335
13300,-440.05,41587.24797582626,0.049911691230058335
13301,-443.35,53705.958324018866,0.049911691230058335
13302,-509.0,69091.84286427498,0.049911691230058335
13303,-512.4000000000001,69544.47600376606,0.049911691230058335
13304,-515.8,329831.6259046942,0.049911691230058335
13305,-580.4,217028.0375418663,0.049911691230058335
13306,-583.8000000000001,49896.319464445114,0.049911691230058335
13307,-587.2,47284.62857627869,0.049911691230058335
13308,-590.6,83516.23110175133,0.049911691230058335
13309,-594.0,73586.1085524559,0.049911691230058335
13310,-597.4,70533.99552513659,0.049911691230058335
13311,-600.8000000000001,98073.11831349134,0.049911691230058335
13312,-604.2,105449.52855157852,0.049911691230058335
13313,-607.6,69653.70437717438,0.049911691230058335
13314,-611.0,83306.23037606478,0.049911691230058335
13315,-679.6,72814.43161219358,0.049911691230058335
13316,-427.40000000000003,69634.50449752808,0.049911691230058335
13317,-415.35,59798.519515514374,0.049911691230058335
13318,-290.75,88200.84314537048,0.049911691230058335
13319,-310.95,38747.86978395656,0.049911691230058335
13320,-314.15000000000003,21589.696974609047,0.049911691230058335
13321,-299.35,61854.521506369114,0.049911691230058335
13322,-297.95000000000005,106685.3254365921,0.049911691230058335
13323,-298.7,54418.62775862217,0.049911691230058335
13324,-301.2,112161.48017788306,0.049911691230058335
13325,-328.90000000000003,53232.39475131035,0.049911691230058335
13326,-320.35,78538.03444671631,0.049911691230058335
13327,-320.6,178109.36230063438,0.049911691230058335
13328,-324.65000000000003,128282.07289218903,0.049911691230058335
13329,-328.90000000000003,74483.53271257877,0.049911691230058335
13330,-333.1,87144.25245761871,0.049911691230058335
13331,-336.3,30191.781797528267,0.049911691230058335
13332,-339.5,45301.34706926346,0.049911691230058335
13333,-342.7,116474.14244243503,0.049911691230058335
13334,-265.05,147882.04532766342,0.049911691230058335
13335,-260.4,55663.37348391116,0.049911691230058335
13336,-263.20000000000005,84506.3231574297,0.049911691230058335
13337,-263.95000000000005,30421.543355941772,0.049911691230058335
13338,-268.8,62650.12524905801,0.049911691230058335
13339,-274.8,55433.63812100887,0.049911691230058335
13340,-278.85,31489.965253040195,0.049911691230058335
13341,-258.65,69943.81645399332,0.049911691230058335
13342,-262.70000000000005,162332.13697636127,0.049911691230058335
13343,-316.15000000000003,75774.09954690933,0.049911691230058335
13344,-318.3,247736.35240632296,0.049911691230058335
13345,-322.5,33169.374824762344,0.049911691230058335
13346,-325.7,70685.30785558,0.049911691230058335
13347,-321.1,54789.242611408234,0.049911691230058335
13348,-325.2,70918.01664423943,0.049911691230058335
13349,-295.55,31455.307617783546,0.049911691230058335
13350,-298.70000000000005,24100.782816171646,0.049911691230058335
13351,-301.85,259630.93318015337,0.049911691230058335
13352,-307.1,14755.85635073483,0.049911691230058335
13353,-309.25,90403.84986615181,0.049911691230058335
13354,-313.5,29422.285473763943,0.049911691230058335
13355,-316.75,44154.68284571171,0.049911691230058335
13356,-320.0,38544.302211761475,0.049911691230058335
13357,-323.25,62067.396671716124,0.049911691230058335
13358,-326.5,77216.53402467072,0.049911691230058335
13359,-381.25,27078.083478212357,0.049911691230058335
13360,-443.95000000000005,356476.93385219574,0.049911691230058335
13361,-447.25,29412.871406197548,0.049911691230058335
13362,-450.55,55915.01734113693,0.049911691230058335
13363,-389.5,54232.96668839455,0.049911691230058335
13364,-387.15000000000003,123155.43150448799,0.049911691230058335
13365,-390.0,205474.49722862244,0.049911691230058335
13366,-392.85,83692.34003925323,0.049911691230058335
13367,-395.70000000000005,19745.573490440845,0.049911691230058335
13368,-384.1,175824.5630697608,0.049911691230058335
13369,-388.3,59877.45361471176,0.049911691230058335
13370,-381.90000000000003,175395.1359984316,0.049911691230058335
13371,-386.15000000000003,67656.78167021275,0.049911691230058335
13372,-389.40000000000003,17651.537780180573,0.049911691230058335
13373,-409.1,152528.5651999712,0.049911691230058335
13374,-385.20000000000005,131735.27081666142,0.049911691230058335
13375,-378.05,18825.69259226322,0.049911691230058335
13376,-355.70000000000005,25110.72780919075,0.049911691230058335
13377,-358.8,44105.58566519618,0.049911691230058335
13378,-362.95000000000005,94578.84178823233,0.049911691230058335
13379,-366.1,189265.4887737073,0.049911691230058335
13380,-369.25,73573.65239478648,0.049911691230058335
13381,-373.45000000000005,30801.445068333298,0.049911691230058335
13382,-376.65000000000003,17346.21971297264,0.049911691230058335
13383,-379.85,62598.49487814307,0.049911691230058335
13384,-383.05,51904.89974677563,0.049911691230058335
13385,-386.25,21402.32300710678,0.049911691230058335
13386,-446.35,44249.55126333237,0.049911691230058335
13387,-446.25,75787.54223847389,0.049911691230058335
13388,-449.45000000000005,77954.31301355362,0.049911691230058335
13389,-341.65000000000003,16455.85883736983,0.049911691230058335
13390,-344.6,62963.98498725891,0.049911691230058335
13391,-374.85,78431.17639541626,0.049911691230058335
13392,-403.05,119005.77975386381,0.049911691230058335
13393,-407.1,61218.4336515069,0.049911691230058335
13394,-471.40000000000003,301256.18184900284,0.049911691230058335
13395,-474.65000000000003,71169.22953873873,0.049911691230058335
13396,-516.3,29995.980323553085,0.049911691230058335
13397,-514.6,31251.362732533365,0.049911691230058335
13398,-516.55,294131.0886365175,0.049911691230058335
13399,-518.5,47818.59484124184,0.049911691230058335
13400,-521.45,71784.01392698288,0.049911691230058335
13401,-523.4000000000001,104663.37019586563,0.049911691230058335
13402,-521.75,30524.709375202656,0.049911691230058335
13403,-523.6500000000001,36763.718357145786,0.049911691230058335
13404,-526.55,82607.71864312887,0.049911691230058335
13405,-529.45,49920.72807313502,0.049911691230058335
13406,-533.4000000000001,54013.2422683239,0.049911691230058335
13407,-592.85,294423.5317592621,0.049911691230058335
13408,-611.9,339237.48961257935,0.049911691230058335
13409,-615.1,30957.334679961205,0.049911691230058335
13410,-677.8000000000001,77234.378490448,0.049911691230058335
13411,-708.35,155417.3875373602,0.049911691230058335
13412,-710.5,22744.177338033915,0.049911691230058335
13413,-697.45,91665.50601270795,0.049911691230058335
13414,-684.35,34060.83586014807,0.049911691230058335
13415,-489.6,31421.25563879311,0.049911691230058335
13416,-491.15000000000003,73554.53443229198,0.049911691230058335
13417,-495.15000000000003,124631.30558133125,0.049911691230058335
13418,-480.70000000000005,134649.74214833975,0.049911691230058335
13419,-386.3,39895.56867612898,0.049911691230058335
13420,-361.3,333175.99971199036,0.049911691230058335
13421,-372.85,49078.201938033104,0.049911691230058335
13422,-377.05,74020.42657852173,0.049911691230058335
13423,-305.90000000000003,61164.32594847679,0.049911691230058335
13424,-320.2,89869.22431899607,0.049911691230058335
13425,-321.3,75566.26609654725,0.049911691230058335
13426,-326.45,244185.5130597353,0.049911691230058335
13427,-330.65000000000003,88429.71156205237,0.049911691230058335
13428,-333.85,17384.999446868896,0.049911691230058335
13429,-338.1,43835.0996363163,0.049911691230058335
13430,-341.8,262289.9548541941,0.049911691230058335
13431,-344.95,17012.99425417185,0.049911691230058335
13432,-348.1,85881.60523760319,0.049911691230058335
13433,-351.25,96578.1069291383,0.049911691230058335
13434,-355.45000000000005,81618.27659320831,0.049911691230058335
13435,-343.90000000000003,62820.75517787039,0.049911691230058335
13436,-346.65000000000003,33081.81914174557,0.049911691230058335
13437,-349.90000000000003,77224.23077398539,0.049911691230058335
13438,-354.1,30111.05576443672,0.049911691230058335
13439,-423.20000000000005,66946.2040181309,0.049911691230058335
13440,-426.55,125994.83165511861,0.049911691230058335
13441,-429.90000000000003,176666.7718961239,0.049911691230058335
13442,-488.55,31483.820687919855,0.049911691230058335
13443,-491.90000000000003,95510.10582587495,0.049911691230058335
13444,-495.25,30804.649366497993,0.049911691230058335
13445,-498.6,70014.6986014843,0.049911691230058335
13446,-545.85,68537.6671333313,0.049911691230058335
13447,-523.85,204401.09786587954,0.049911691230058335
13448,-400.5,69368.58276367188,0.049911691230058335
13449,-405.75,48588.28688311577,0.049911691230058335
13450,-400.65000000000003,93636.06966400146,0.049911691230058335
13451,-392.70000000000005,32229.434874653816,0.049911691230058335
13452,-396.90000000000003,99342.23098182678,0.049911691230058335
13453,-398.65000000000003,30740.959286272526,0.049911691230058335
13454,-395.40000000000003,217481.90493679047,0.049911691230058335
13455,-316.90000000000003,49532.90208542347,0.049911691230058335
13456,-313.05,13700.034625053406,0.049911691230058335
13457,-305.7,73765.20899015665,0.049911691230058335
13458,-299.8,255371.254409194,0.049911691230058335
13459,-323.5,27835.096544265747,0.049911691230058335
13460,-327.5,55974.84866189957,0.049911691230058335
13461,-328.95,66406.4355362095,0.049911691230058335
13462,-393.1,33585.5339551568,0.049911691230058335
13463,-458.70000000000005,17926.31172670424,0.049911691230058335
13464,-462.1,75164.13755989075,0.049911691230058335
13465,-465.5,24933.64645279944,0.049911691230058335
13466,-468.90000000000003,104586.69188213348,0.049911691230058335
13467,-472.3,19415.717014431953,0.049911691230058335
13468,-475.70000000000005,70021.84868742526,0.049911691230058335
13469,-479.1,102751.46411547437,0.049911691230058335
13470,-482.5,43383.577248215675,0.049911691230058335
13471,-485.90000000000003,80613.37762889266,0.049911691230058335
13472,-489.3,73987.76236081123,0.049911691230058335
13473,-492.70000000000005,30061.405731532723,0.049911691230058335
13474,-496.1,174681.2529039383,0.049911691230058335
13475,-499.5,49295.59108418226,0.049911691230058335
13476,-502.90000000000003,142765.78346464038,0.049911691230058335
13477,-506.3,34487.800410646945,0.049911691230058335
13478,-509.70000000000005,64355.27223443985,0.049911691230058335
13479,-513.1,42070.4485861063,0.049911691230058335
13480,-516.5,145421.31630903482,0.049911691230058335
13481,-519.9000000000001,68457.9752562046,0.049911691230058335
13482,-523.3,77884.63594570756,0.049911691230058335
13483,-526.7,101235.77790281549,0.049911691230058335
13484,-531.5,75186.85459727049,0.049911691230058335
13485,-563.8,97693.27264332771,0.049911691230058335
13486,-567.15,107267.73045389727,0.049911691230058335
13487,-570.5,61712.54268530011,0.049911691230058335
13488,-524.95,35447.21635943651,0.049911691230058335
13489,-512.3,399455.9746751785,0.049911691230058335
13490,-481.5,77015.31227016449,0.049911691230058335
13491,-468.70000000000005,57780.66004963219,0.049911691230058335
13492,-471.90000000000003,34986.2993196249,0.049911691230058335
13493,-476.15000000000003,114895.20671275258,0.049911691230058335
13494,-453.35,17538.38037276268,0.049911691230058335
13495,-468.0,24064.68178120628,0.049911691230058335
13496,-466.1,58161.60573863983,0.049911691230058335
13497,-469.35,100060.46344184875,0.049911691230058335
13498,-474.45000000000005,82068.62029673159,0.049911691230058335
13499,-478.70000000000005,12797.825819030404,0.049911691230058335
13500,-483.95000000000005,122496.1834640503,0.049911691230058335
13501,-522.85,218132.00022018328,0.049911691230058335
13502,-525.1500000000001,99392.2375536561,0.049911691230058335
13503,-528.45,22042.213506281376,0.049911691230058335
13504,-531.75,108092.24410700798,0.049911691230058335
13505,-535.05,60353.27375763655,0.049911691230058335
13506,-538.35,201828.53920912743,0.049911691230058335
13507,-541.6500000000001,69364.91941258684,0.049911691230058335
13508,-544.95,83031.19037175179,0.049911691230058335
13509,-610.65,59660.8522040844,0.049911691230058335
13510,-307.95,148546.44651533663,0.049911691230058335
13511,-303.0,61206.19566841796,0.049911691230058335
13512,-365.95000000000005,33996.831552281976,0.049911691230058335
13513,-408.0,15738.677561044693,0.049911691230058335
13514,-390.1,72156.6755092889,0.049911691230058335
13515,-367.0,161855.58932507038,0.049911691230058335
13516,-343.35,56950.66083243862,0.049911691230058335
13517,-320.15000000000003,50713.75188732147,0.049911691230058335
13518,-309.05,275944.08932739496,0.049911691230058335
13519,-296.90000000000003,262740.15770477057,0.049911691230058335
13520,-239.55,80239.85948562622,0.049911691230058335
13521,-239.9,28049.623291403055,0.049911691230058335
13522,-262.25,34859.447782337666,0.049911691230058335
13523,-265.35,71532.3628692776,0.049911691230058335
13524,-281.3,54873.673782110214,0.049911691230058335
13525,-345.75,37895.94905938208,0.049911691230058335
13526,-349.05,127480.19787311554,0.049911691230058335
13527,-352.35,40051.66043716669,0.049911691230058335
13528,-355.65000000000003,66491.19916892052,0.049911691230058335
13529,-358.95000000000005,82099.92863756418,0.049911691230058335
13530,-362.25,58381.78604348004,0.049911691230058335
13531,-365.55,190090.01429595053,0.049911691230058335
13532,-368.85,102437.31725794077,0.049911691230058335
13533,-372.15000000000003,69353.94750112295,0.049911691230058335
13534,-376.45000000000005,78400.35998541117,0.049911691230058335
13535,-394.85,51402.447940588,0.049911691230058335
13536,-398.1,15466.408340454102,0.049911691230058335
13537,-401.35,77627.88330841064,0.049911691230058335
13538,-405.65000000000003,72649.06464201212,0.049911691230058335
13539,-408.95000000000005,50442.56434047595,0.049911691230058335
13540,-412.25,113133.17620944977,0.049911691230058335
13541,-415.55,191068.37112510204,0.049911691230058335
13542,-461.70000000000005,143956.3723576963,0.049911691230058335
13543,-464.95000000000005,30165.664441347122,0.049911691230058335
13544,-527.55,54579.157535374165,0.049911691230058335
13545,-530.85,61324.536093473434,0.049911691230058335
13546,-534.1500000000001,36417.153043836355,0.049911691230058335
13547,-537.45,105008.26592451334,0.049911691230058335
13548,-540.75,18983.55583006516,0.049911691230058335
13549,-544.05,111982.51096636057,0.049911691230058335
13550,-547.35,170846.86715227365,0.049911691230058335
13551,-550.6500000000001,188062.11373138428,0.049911691230058335
13552,-553.95,21413.10344203189,0.049911691230058335
13553,-546.05,188199.25392842293,0.049911691230058335
13554,-537.05,49372.021827697754,0.049911691230058335
13555,-527.05,33531.37973572314,0.049911691230058335
13556,-518.0,39865.87683683634,0.049911691230058335
13557,-508.95000000000005,65790.41543006897,0.049911691230058335
13558,-568.2,89946.0240251571,0.049911691230058335
13559,-564.7,166550.02147972584,0.049911691230058335
13560,-624.8000000000001,18729.234630823135,0.049911691230058335
13561,-628.1,34589.41239953041,0.049911691230058335
13562,-692.8000000000001,225260.51321137324,0.049911691230058335
13563,-317.0,92667.03773534298,0.049911691230058335
13564,-309.65000000000003,43177.72194215655,0.049911691230058335
13565,-313.90000000000003,86768.97778618708,0.049911691230058335
13566,-318.2,46725.744067162275,0.049911691230058335
13567,-321.5,30482.421183347702,0.049911691230058335
13568,-323.65000000000003,134905.2259850502,0.049911691230058335
13569,-327.95,243700.72082996368,0.049911691230058335
13570,-333.55,23707.168219327927,0.049911691230058335
13571,-337.55,77096.48721392453,0.049911691230058335
13572,-341.85,28425.239819943905,0.049911691230058335
13573,-347.40000000000003,389612.19713807106,0.049911691230058335
13574,-350.6,50413.60207653046,0.049911691230058335
13575,-354.85,44674.6410699822,0.049911691230058335
13576,-359.15000000000003,258566.35333180428,0.049911691230058335
13577,-362.45000000000005,25187.0750374794,0.049911691230058335
13578,-365.75,27368.603141844273,0.049911691230058335
13579,-369.05,47097.429663196206,0.049911691230058335
13580,-372.35,70869.04095208645,0.049911691230058335
13581,-354.35,37240.14646816254,0.049911691230058335
13582,-377.40000000000003,35813.36989223957,0.049911691230058335
13583,-380.70000000000005,27683.84066158533,0.049911691230058335
13584,-384.0,67831.1506099701,0.049911691230058335
13585,-375.55,368705.8074502945,0.049911691230058335
13586,-379.8,50493.43038852513,0.049911691230058335
13587,-383.05,63176.32327705622,0.049911691230058335
13588,-386.3,82099.61164319515,0.049911691230058335
13589,-390.6,37611.95968516171,0.049911691230058335
13590,-393.90000000000003,59935.722281843424,0.049911691230058335
13591,-397.20000000000005,427887.51924182475,0.049911691230058335
13592,-388.35,105312.28263127804,0.049911691230058335
13593,-392.6,36323.23685464263,0.049911691230058335
13594,-395.85,88481.49250733852,0.049911691230058335
13595,-400.15000000000003,98603.22952580452,0.049911691230058335
13596,-403.45000000000005,41467.02966594696,0.049911691230058335
13597,-406.75,37935.542515069246,0.049911691230058335
13598,-410.05,50159.564291611314,0.049911691230058335
13599,-389.3,26694.746404483914,0.049911691230058335
13600,-393.55,483290.75220346823,0.049911691230058335
13601,-396.8,20037.159952972084,0.049911691230058335
13602,-400.05,75982.29376026988,0.049911691230058335
13603,-404.35,207677.58121329546,0.049911691230058335
13604,-407.65000000000003,22661.21626853943,0.049911691230058335
13605,-410.95000000000005,34339.25242549181,0.049911691230058335
13606,-401.40000000000003,44571.31406272948,0.049911691230058335
13607,-405.65000000000003,45674.3853829205,0.049911691230058335
13608,-408.90000000000003,150318.15102273226,0.049911691230058335
13609,-457.1,152278.29212653637,0.049911691230058335
13610,-487.25,47497.89280629158,0.049911691230058335
13611,-525.1,43802.857954740524,0.049911691230058335
13612,-530.4000000000001,14236.316285729408,0.049911691230058335
13613,-533.7,113394.45474816859,0.049911691230058335
13614,-537.0,34394.20153174177,0.049911691230058335
13615,-540.3,55759.57910168171,0.049911691230058335
13616,-543.6,17415.365999996662,0.049911691230058335
13617,-546.9000000000001,17416.68377995491,0.049911691230058335
13618,-549.2,185065.0234617591,0.049911691230058335
13619,-617.9,45051.55436493456,0.049911691230058335
13620,-621.2,42825.112587451935,0.049911691230058335
13621,-566.0500000000001,158099.42268764973,0.049911691230058335
13622,-552.2,40983.8286511302,0.049911691230058335
13623,-556.45,116650.19118511677,0.049911691230058335
13624,-559.7,28990.72629928589,0.049911691230058335
13625,-564.0,28301.907823562622,0.049911691230058335
13626,-567.3000000000001,42296.05657631159,0.049911691230058335
13627,-570.6,42841.16093492508,0.049911691230058335
13628,-573.9,98207.9901304394,0.049911691230058335
13629,-577.2,286302.83532619476,0.049911691230058335
13630,-580.5,179991.98913764954,0.049911691230058335
13631,-583.8000000000001,30263.23996949196,0.049911691230058335
13632,-586.1,29196.48189464584,0.049911691230058335
13633,-590.4,236036.74523842335,0.049911691230058335
13634,-592.7,28254.72528153658,0.049911691230058335
13635,-597.0,28271.92516556382,0.049911691230058335
13636,-600.3000000000001,137391.2501411438,0.049911691230058335
13637,-603.6,44972.81882053614,0.049911691230058335
13638,-606.9,121284.34935760498,0.049911691230058335
13639,-555.35,305651.6863670349,0.049911691230058335
13640,-548.2,75014.9875099659,0.049911691230058335
13641,-541.4000000000001,40341.76861572638,0.049911691230058335
13642,-517.75,56911.41107201576,0.049911691230058335
13643,-510.40000000000003,83165.29795104265,0.049911691230058335
13644,-504.35,38724.31926174462,0.049911691230058335
13645,-498.6,26198.058715224266,0.049911691230058335
13646,-494.20000000000005,21600.20767402649,0.049911691230058335
13647,-499.15000000000003,45312.38500505686,0.049911691230058335
13648,-325.85,37649.385634317994,0.049911691230058335
13649,-329.6,138708.48164016008,0.049911691230058335
13650,-332.40000000000003,35254.510389328,0.049911691230058335
13651,-346.85,62105.95187097788,0.049911691230058335
13652,-357.05,36118.18077194691,0.049911691230058335
13653,-362.15000000000003,123971.28399670124,0.049911691230058335
13654,-365.20000000000005,89152.08159303665,0.049911691230058335
13655,-368.25,68632.8506116867,0.049911691230058335
13656,-356.35,37972.6793692708,0.049911691230058335
13657,-340.8,91428.28301066533,0.049911691230058335
13658,-329.45,174523.82285252213,0.049911691230058335
13659,-318.45,27051.59955739975,0.049911691230058335
13660,-307.90000000000003,160737.55444419384,0.049911691230058335
13661,-297.55,111199.89324939251,0.049911691230058335
13662,-287.6,35793.46646088362,0.049911691230058335
13663,-288.35,18076.395295619965,0.049911691230058335
13664,-289.35,68286.21355073154,0.049911691230058335
13665,-280.3,556375.9131859094,0.049911691230058335
13666,-265.70000000000005,42950.09306592122,0.049911691230058335
13667,-260.45000000000005,52519.39648009837,0.049911691230058335
13668,-246.35000000000002,68136.17080253363,0.049911691230058335
13669,-242.8,41206.180381536484,0.049911691230058335
13670,-245.0,65928.29187186062,0.049911691230058335
13671,-243.55,17327.637808799744,0.049911691230058335
13672,-244.20000000000002,146098.26619529724,0.049911691230058335
13673,-281.3,29818.83628858626,0.049911691230058335
13674,-328.45,34475.36907941103,0.049911691230058335
13675,-331.5,51041.46593213081,0.049911691230058335
13676,-334.55,171006.51178377867,0.049911691230058335
13677,-338.65000000000003,33467.163251399994,0.049911691230058335
13678,-342.8,18246.81010198593,0.049911691230058335
13679,-345.95,42555.26066446304,0.049911691230058335
13680,-349.1,111384.84626034275,0.049911691230058335
13681,-352.25,96406.47736782208,0.049911691230058335
13682,-355.40000000000003,34186.88973021507,0.049911691230058335
13683,-358.55,45058.42806506157,0.049911691230058335
13684,-355.05,57059.15113377571,0.049911691230058335
13685,-358.1,36508.1694021225,0.049911691230058335
13686,-361.15000000000003,80446.59344279766,0.049911691230058335
13687,-365.25,105879.86561346054,0.049911691230058335
13688,-369.40000000000003,104456.98266202584,0.049911691230058335
13689,-372.55,19096.93139922619,0.049911691230058335
13690,-375.70000000000005,60948.092748880386,0.049911691230058335
13691,-378.85,14647.231415748596,0.049911691230058335
13692,-382.0,80028.58399094641,0.049911691230058335
13693,-385.15000000000003,183009.98299002647,0.049911691230058335
13694,-432.70000000000005,28178.996055021882,0.049911691230058335
