time,dir,queue,vehicles,mean_speed,lane_count,lane_configs,bus_count,bus_routes
1.0,W,0,0,0,4,L0(s)|L1(lst) / L0(s)|L1(s),0,
1.0,N,0,0,0,6,L0(s)|L1(s)|L2(s) / L0(s)|L1(s)|L2(l),0,
1.0,E,0,0,0,5,L0(s)|L1(s)|L2(s) / L0(s)|L1(ls),0,
1.0,S,0,0,0,6,L0(rs)|L1(s)|L2(lt) / L0(s)|L1(s)|L2(s),0,
2.0,W,0,0,0,4,L0(s)|L1(lst) / L0(s)|L1(s),0,
2.0,N,0,0,0,6,L0(s)|L1(s)|L2(s) / L0(s)|L1(s)|L2(l),0,
2.0,E,0,0,0,5,L0(s)|L1(s)|L2(s) / L0(s)|L1(ls),0,
2.0,S,0,0,0,6,L0(rs)|L1(s)|L2(lt) / L0(s)|L1(s)|L2(s),0,
3.0,W,0,0,0,4,L0(s)|L1(lst) / L0(s)|L1(s),0,
3.0,N,0,0,0,6,L0(s)|L1(s)|L2(s) / L0(s)|L1(s)|L2(l),0,
3.0,E,0,0,0,5,L0(s)|L1(s)|L2(s) / L0(s)|L1(ls),0,
3.0,S,0,0,0,6,L0(rs)|L1(s)|L2(lt) / L0(s)|L1(s)|L2(s),0,
4.0,W,0,0,0,4,L0(s)|L1(lst) / L0(s)|L1(s),0,
4.0,N,0,0,0,6,L0(s)|L1(s)|L2(s) / L0(s)|L1(s)|L2(l),0,
4.0,E,0,0,0,5,L0(s)|L1(s)|L2(s) / L0(s)|L1(ls),0,
4.0,S,0,0,0,6,L0(rs)|L1(s)|L2(lt) / L0(s)|L1(s)|L2(s),0,
5.0,W,0,0,0,4,L0(s)|L1(lst) / L0(s)|L1(s),0,
5.0,N,0,0,0,6,L0(s)|L1(s)|L2(s) / L0(s)|L1(s)|L2(l),0,
5.0,E,0,0,0,5,L0(s)|L1(s)|L2(s) / L0(s)|L1(ls),0,
5.0,S,0,0,0,6,L0(rs)|L1(s)|L2(lt) / L0(s)|L1(s)|L2(s),0,
6.0,W,0,0,0,4,L0(s)|L1(lst) / L0(s)|L1(s),0,
6.0,N,0,0,0,6,L0(s)|L1(s)|L2(s) / L0(s)|L1(s)|L2(l),0,
6.0,E,0,0,0,5,L0(s)|L1(s)|L2(s) / L0(s)|L1(ls),0,
6.0,S,0,0,0,6,L0(rs)|L1(s)|L2(lt) / L0(s)|L1(s)|L2(s),0,
7.0,W,0,0,0,4,L0(s)|L1(lst) / L0(s)|L1(s),0,
7.0,N,0,0,0,6,L0(s)|L1(s)|L2(s) / L0(s)|L1(s)|L2(l),0,
7.0,E,0,0,0,5,L0(s)|L1(s)|L2(s) / L0(s)|L1(ls),0,
7.0,S,0,0,0,6,L0(rs)|L1(s)|L2(lt) / L0(s)|L1(s)|L2(s),0,
8.0,W,0,0,0,4,L0(s)|L1(lst) / L0(s)|L1(s),0,
8.0,N,0,0,0,6,L0(s)|L1(s)|L2(s) / L0(s)|L1(s)|L2(l),0,
8.0,E,0,0,0,5,L0(s)|L1(s)|L2(s) / L0(s)|L1(ls),0,
8.0,S,0,0,0,6,L0(rs)|L1(s)|L2(lt) / L0(s)|L1(s)|L2(s),0,
9.0,W,0,0,0,4,L0(s)|L1(lst) / L0(s)|L1(s),0,
9.0,N,0,0,0,6,L0(s)|L1(s)|L2(s) / L0(s)|L1(s)|L2(l),0,
9.0,E,0,0,0,5,L0(s)|L1(s)|L2(s) / L0(s)|L1(ls),0,
9.0,S,0,0,0,6,L0(rs)|L1(s)|L2(lt) / L0(s)|L1(s)|L2(s),0,
10.0,W,0,0,0,4,L0(s)|L1(lst) / L0(s)|L1(s),0,
10.0,N,0,0,0,6,L0(s)|L1(s)|L2(s) / L0(s)|L1(s)|L2(l),0,
10.0,E,0,0,0,5,L0(s)|L1(s)|L2(s) / L0(s)|L1(ls),0,
10.0,S,0,0,0,6,L0(rs)|L1(s)|L2(lt) / L0(s)|L1(s)|L2(s),0,
11.0,W,0,0,0,4,L0(s)|L1(lst) / L0(s)|L1(s),0,
11.0,N,0,0,0,6,L0(s)|L1(s)|L2(s) / L0(s)|L1(s)|L2(l),0,
11.0,E,0,0,0,5,L0(s)|L1(s)|L2(s) / L0(s)|L1(ls),0,
11.0,S,0,0,0,6,L0(rs)|L1(s)|L2(lt) / L0(s)|L1(s)|L2(s),0,
12.0,W,0,0,0,4,L0(s)|L1(lst) / L0(s)|L1(s),0,
12.0,N,0,0,0,6,L0(s)|L1(s)|L2(s) / L0(s)|L1(s)|L2(l),0,
12.0,E,0,0,0,5,L0(s)|L1(s)|L2(s) / L0(s)|L1(ls),0,
12.0,S,0,0,0,6,L0(rs)|L1(s)|L2(lt) / L0(s)|L1(s)|L2(s),0,
13.0,W,0,0,0,4,L0(s)|L1(lst) / L0(s)|L1(s),0,
13.0,N,0,0,0,6,L0(s)|L1(s)|L2(s) / L0(s)|L1(s)|L2(l),0,
13.0,E,0,0,0,5,L0(s)|L1(s)|L2(s) / L0(s)|L1(ls),0,
13.0,S,0,0,0,6,L0(rs)|L1(s)|L2(lt) / L0(s)|L1(s)|L2(s),0,
14.0,W,0,0,0,4,L0(s)|L1(lst) / L0(s)|L1(s),0,
14.0,N,0,0,0,6,L0(s)|L1(s)|L2(s) / L0(s)|L1(s)|L2(l),0,
14.0,E,0,0,0,5,L0(s)|L1(s)|L2(s) / L0(s)|L1(ls),0,
14.0,S,0,0,0,6,L0(rs)|L1(s)|L2(lt) / L0(s)|L1(s)|L2(s),0,
15.0,W,0,0,0,4,L0(s)|L1(lst) / L0(s)|L1(s),0,
15.0,N,0,0,0,6,L0(s)|L1(s)|L2(s) / L0(s)|L1(s)|L2(l),0,
15.0,E,0,0,0,5,L0(s)|L1(s)|L2(s) / L0(s)|L1(ls),0,
15.0,S,0,0,0,6,L0(rs)|L1(s)|L2(lt) / L0(s)|L1(s)|L2(s),0,
16.0,W,0,0,0,4,L0(s)|L1(lst) / L0(s)|L1(s),0,
16.0,N,0,0,0,6,L0(s)|L1(s)|L2(s) / L0(s)|L1(s)|L2(l),0,
16.0,E,0,0,0,5,L0(s)|L1(s)|L2(s) / L0(s)|L1(ls),0,
16.0,S,0,0,0,6,L0(rs)|L1(s)|L2(lt) / L0(s)|L1(s)|L2(s),0,
17.0,W,0,0,0,4,L0(s)|L1(lst) / L0(s)|L1(s),0,
17.0,N,0,0,0,6,L0(s)|L1(s)|L2(s) / L0(s)|L1(s)|L2(l),0,
17.0,E,0,0,0,5,L0(s)|L1(s)|L2(s) / L0(s)|L1(ls),0,
17.0,S,0,0,0,6,L0(rs)|L1(s)|L2(lt) / L0(s)|L1(s)|L2(s),0,
18.0,W,0,0,0,4,L0(s)|L1(lst) / L0(s)|L1(s),0,
18.0,N,0,0,0,6,L0(s)|L1(s)|L2(s) / L0(s)|L1(s)|L2(l),0,
18.0,E,0,0,0,5,L0(s)|L1(s)|L2(s) / L0(s)|L1(ls),0,
18.0,S,0,0,0,6,L0(rs)|L1(s)|L2(lt) / L0(s)|L1(s)|L2(s),0,
19.0,W,0,0,0,4,L0(s)|L1(lst) / L0(s)|L1(s),0,
19.0,N,0,0,0,6,L0(s)|L1(s)|L2(s) / L0(s)|L1(s)|L2(l),0,
19.0,E,0,0,0,5,L0(s)|L1(s)|L2(s) / L0(s)|L1(ls),0,
19.0,S,0,0,0,6,L0(rs)|L1(s)|L2(lt) / L0(s)|L1(s)|L2(s),0,
20.0,W,0,0,0,4,L0(s)|L1(lst) / L0(s)|L1(s),0,
20.0,N,0,0,0,6,L0(s)|L1(s)|L2(s) / L0(s)|L1(s)|L2(l),0,
20.0,E,0,0,0,5,L0(s)|L1(s)|L2(s) / L0(s)|L1(ls),0,
20.0,S,0,0,0,6,L0(rs)|L1(s)|L2(lt) / L0(s)|L1(s)|L2(s),0,
21.0,W,0,0,0,4,L0(s)|L1(lst) / L0(s)|L1(s),0,
21.0,N,0,0,0,6,L0(s)|L1(s)|L2(s) / L0(s)|L1(s)|L2(l),0,
21.0,E,0,0,0,5,L0(s)|L1(s)|L2(s) / L0(s)|L1(ls),0,
21.0,S,0,0,0,6,L0(rs)|L1(s)|L2(lt) / L0(s)|L1(s)|L2(s),0,
22.0,W,0,0,0,4,L0(s)|L1(lst) / L0(s)|L1(s),0,
22.0,N,0,0,0,6,L0(s)|L1(s)|L2(s) / L0(s)|L1(s)|L2(l),0,
22.0,E,0,0,0,5,L0(s)|L1(s)|L2(s) / L0(s)|L1(ls),0,
22.0,S,0,0,0,6,L0(rs)|L1(s)|L2(lt) / L0(s)|L1(s)|L2(s),0,
23.0,W,0,0,0,4,L0(s)|L1(lst) / L0(s)|L1(s),0,
23.0,N,0,0,0,6,L0(s)|L1(s)|L2(s) / L0(s)|L1(s)|L2(l),0,
23.0,E,0,0,0,5,L0(s)|L1(s)|L2(s) / L0(s)|L1(ls),0,
23.0,S,0,0,0,6,L0(rs)|L1(s)|L2(lt) / L0(s)|L1(s)|L2(s),0,
24.0,W,0,0,0,4,L0(s)|L1(lst) / L0(s)|L1(s),0,
24.0,N,0,0,0,6,L0(s)|L1(s)|L2(s) / L0(s)|L1(s)|L2(l),0,
24.0,E,0,0,0,5,L0(s)|L1(s)|L2(s) / L0(s)|L1(ls),0,
24.0,S,0,0,0,6,L0(rs)|L1(s)|L2(lt) / L0(s)|L1(s)|L2(s),0,
25.0,W,0,0,0,4,L0(s)|L1(lst) / L0(s)|L1(s),0,
25.0,N,0,0,0,6,L0(s)|L1(s)|L2(s) / L0(s)|L1(s)|L2(l),0,
25.0,E,0,0,0,5,L0(s)|L1(s)|L2(s) / L0(s)|L1(ls),0,
25.0,S,0,0,0,6,L0(rs)|L1(s)|L2(lt) / L0(s)|L1(s)|L2(s),0,
26.0,W,0,0,0,4,L0(s)|L1(lst) / L0(s)|L1(s),0,
26.0,N,0,0,0,6,L0(s)|L1(s)|L2(s) / L0(s)|L1(s)|L2(l),0,
26.0,E,0,0,0,5,L0(s)|L1(s)|L2(s) / L0(s)|L1(ls),0,
26.0,S,0,0,0,6,L0(rs)|L1(s)|L2(lt) / L0(s)|L1(s)|L2(s),0,
27.0,W,0,0,0,4,L0(s)|L1(lst) / L0(s)|L1(s),0,
27.0,N,0,0,0,6,L0(s)|L1(s)|L2(s) / L0(s)|L1(s)|L2(l),0,
27.0,E,0,0,0,5,L0(s)|L1(s)|L2(s) / L0(s)|L1(ls),0,
27.0,S,0,0,0,6,L0(rs)|L1(s)|L2(lt) / L0(s)|L1(s)|L2(s),0,
28.0,W,0,0,0,4,L0(s)|L1(lst) / L0(s)|L1(s),0,
28.0,N,0,0,0,6,L0(s)|L1(s)|L2(s) / L0(s)|L1(s)|L2(l),0,
28.0,E,0,0,0,5,L0(s)|L1(s)|L2(s) / L0(s)|L1(ls),0,
28.0,S,0,1,60.32,6,L0(rs)|L1(s)|L2(lt) / L0(s)|L1(s)|L2(s),0,
29.0,W,0,0,0,4,L0(s)|L1(lst) / L0(s)|L1(s),0,
29.0,N,0,0,0,6,L0(s)|L1(s)|L2(s) / L0(s)|L1(s)|L2(l),0,
29.0,E,0,0,0,5,L0(s)|L1(s)|L2(s) / L0(s)|L1(ls),0,
29.0,S,0,1,59.72,6,L0(rs)|L1(s)|L2(lt) / L0(s)|L1(s)|L2(s),0,
30.0,W,0,0,0,4,L0(s)|L1(lst) / L0(s)|L1(s),0,
30.0,N,0,1,94.0,6,L0(s)|L1(s)|L2(s) / L0(s)|L1(s)|L2(l),0,
30.0,E,0,0,0,5,L0(s)|L1(s)|L2(s) / L0(s)|L1(ls),0,
30.0,S,0,1,60.12,6,L0(rs)|L1(s)|L2(lt) / L0(s)|L1(s)|L2(s),0,
31.0,W,0,0,0,4,L0(s)|L1(lst) / L0(s)|L1(s),0,
31.0,N,0,1,95.13,6,L0(s)|L1(s)|L2(s) / L0(s)|L1(s)|L2(l),0,
31.0,E,0,0,0,5,L0(s)|L1(s)|L2(s) / L0(s)|L1(ls),0,
31.0,S,0,1,60.19,6,L0(rs)|L1(s)|L2(lt) / L0(s)|L1(s)|L2(s),0,
32.0,W,0,0,0,4,L0(s)|L1(lst) / L0(s)|L1(s),0,
32.0,N,0,1,95.66,6,L0(s)|L1(s)|L2(s) / L0(s)|L1(s)|L2(l),0,
32.0,E,0,0,0,5,L0(s)|L1(s)|L2(s) / L0(s)|L1(ls),0,
32.0,S,0,1,59.99,6,L0(rs)|L1(s)|L2(lt) / L0(s)|L1(s)|L2(s),0,
33.0,W,0,0,0,4,L0(s)|L1(lst) / L0(s)|L1(s),0,
33.0,N,0,1,93.91,6,L0(s)|L1(s)|L2(s) / L0(s)|L1(s)|L2(l),0,
33.0,E,0,0,0,5,L0(s)|L1(s)|L2(s) / L0(s)|L1(ls),0,
33.0,S,0,1,59.79,6,L0(rs)|L1(s)|L2(lt) / L0(s)|L1(s)|L2(s),0,
34.0,W,0,0,0,4,L0(s)|L1(lst) / L0(s)|L1(s),0,
34.0,N,0,1,91.21,6,L0(s)|L1(s)|L2(s) / L0(s)|L1(s)|L2(l),0,
34.0,E,0,0,0,5,L0(s)|L1(s)|L2(s) / L0(s)|L1(ls),0,
34.0,S,0,1,60.44,6,L0(rs)|L1(s)|L2(lt) / L0(s)|L1(s)|L2(s),0,
35.0,W,0,0,0,4,L0(s)|L1(lst) / L0(s)|L1(s),0,
35.0,N,0,0,0,6,L0(s)|L1(s)|L2(s) / L0(s)|L1(s)|L2(l),0,
35.0,E,0,0,0,5,L0(s)|L1(s)|L2(s) / L0(s)|L1(ls),0,
35.0,S,0,1,59.81,6,L0(rs)|L1(s)|L2(lt) / L0(s)|L1(s)|L2(s),0,
36.0,W,0,0,0,4,L0(s)|L1(lst) / L0(s)|L1(s),0,
36.0,N,0,0,0,6,L0(s)|L1(s)|L2(s) / L0(s)|L1(s)|L2(l),0,
36.0,E,0,0,0,5,L0(s)|L1(s)|L2(s) / L0(s)|L1(ls),0,
36.0,S,0,1,59.77,6,L0(rs)|L1(s)|L2(lt) / L0(s)|L1(s)|L2(s),0,
37.0,W,0,0,0,4,L0(s)|L1(lst) / L0(s)|L1(s),0,
37.0,N,0,0,0,6,L0(s)|L1(s)|L2(s) / L0(s)|L1(s)|L2(l),0,
37.0,E,0,0,0,5,L0(s)|L1(s)|L2(s) / L0(s)|L1(ls),0,
37.0,S,0,1,60.0,6,L0(rs)|L1(s)|L2(lt) / L0(s)|L1(s)|L2(s),0,
38.0,W,0,0,0,4,L0(s)|L1(lst) / L0(s)|L1(s),0,
38.0,N,0,0,0,6,L0(s)|L1(s)|L2(s) / L0(s)|L1(s)|L2(l),0,
38.0,E,0,0,0,5,L0(s)|L1(s)|L2(s) / L0(s)|L1(ls),0,
38.0,S,0,1,59.7,6,L0(rs)|L1(s)|L2(lt) / L0(s)|L1(s)|L2(s),0,
39.0,W,0,0,0,4,L0(s)|L1(lst) / L0(s)|L1(s),0,
39.0,N,0,0,0,6,L0(s)|L1(s)|L2(s) / L0(s)|L1(s)|L2(l),0,
39.0,E,0,1,52.86,5,L0(s)|L1(s)|L2(s) / L0(s)|L1(ls),0,
39.0,S,0,2,59.0,6,L0(rs)|L1(s)|L2(lt) / L0(s)|L1(s)|L2(s),1,bus_r1_flow.0:[21 edges]
40.0,W,0,1,61.3,4,L0(s)|L1(lst) / L0(s)|L1(s),0,
40.0,N,0,0,0,6,L0(s)|L1(s)|L2(s) / L0(s)|L1(s)|L2(l),0,
40.0,E,0,1,54.63,5,L0(s)|L1(s)|L2(s) / L0(s)|L1(ls),0,
40.0,S,0,2,57.1,6,L0(rs)|L1(s)|L2(lt) / L0(s)|L1(s)|L2(s),1,bus_r1_flow.0:[21 edges]
41.0,W,0,1,61.85,4,L0(s)|L1(lst) / L0(s)|L1(s),0,
41.0,N,0,0,0,6,L0(s)|L1(s)|L2(s) / L0(s)|L1(s)|L2(l),0,
41.0,E,0,1,56.15,5,L0(s)|L1(s)|L2(s) / L0(s)|L1(ls),0,
41.0,S,0,2,53.67,6,L0(rs)|L1(s)|L2(lt) / L0(s)|L1(s)|L2(s),1,bus_r1_flow.0:[21 edges]
42.0,W,0,1,61.49,4,L0(s)|L1(lst) / L0(s)|L1(s),0,
42.0,N,0,0,0,6,L0(s)|L1(s)|L2(s) / L0(s)|L1(s)|L2(l),0,
42.0,E,0,1,56.79,5,L0(s)|L1(s)|L2(s) / L0(s)|L1(ls),0,
42.0,S,0,2,54.24,6,L0(rs)|L1(s)|L2(lt) / L0(s)|L1(s)|L2(s),1,bus_r1_flow.0:[21 edges]
43.0,W,0,1,61.03,4,L0(s)|L1(lst) / L0(s)|L1(s),0,
43.0,N,0,0,0,6,L0(s)|L1(s)|L2(s) / L0(s)|L1(s)|L2(l),0,
43.0,E,0,1,56.96,5,L0(s)|L1(s)|L2(s) / L0(s)|L1(ls),0,
43.0,S,0,2,55.31,6,L0(rs)|L1(s)|L2(lt) / L0(s)|L1(s)|L2(s),1,bus_r1_flow.0:[21 edges]
44.0,W,0,0,0,4,L0(s)|L1(lst) / L0(s)|L1(s),0,
44.0,N,0,0,0,6,L0(s)|L1(s)|L2(s) / L0(s)|L1(s)|L2(l),0,
44.0,E,0,1,57.41,5,L0(s)|L1(s)|L2(s) / L0(s)|L1(ls),0,
44.0,S,0,2,56.46,6,L0(rs)|L1(s)|L2(lt) / L0(s)|L1(s)|L2(s),1,bus_r1_flow.0:[21 edges]
45.0,W,0,0,0,4,L0(s)|L1(lst) / L0(s)|L1(s),0,
45.0,N,0,0,0,6,L0(s)|L1(s)|L2(s) / L0(s)|L1(s)|L2(l),0,
45.0,E,0,1,56.99,5,L0(s)|L1(s)|L2(s) / L0(s)|L1(ls),0,
45.0,S,0,2,57.72,6,L0(rs)|L1(s)|L2(lt) / L0(s)|L1(s)|L2(s),1,bus_r1_flow.0:[21 edges]
46.0,W,0,0,0,4,L0(s)|L1(lst) / L0(s)|L1(s),0,
46.0,N,0,0,0,6,L0(s)|L1(s)|L2(s) / L0(s)|L1(s)|L2(l),0,
46.0,E,0,2,58.83,5,L0(s)|L1(s)|L2(s) / L0(s)|L1(ls),0,
46.0,S,0,2,59.09,6,L0(rs)|L1(s)|L2(lt) / L0(s)|L1(s)|L2(s),1,bus_r1_flow.0:[21 edges]
47.0,W,0,0,0,4,L0(s)|L1(lst) / L0(s)|L1(s),0,
47.0,N,0,0,0,6,L0(s)|L1(s)|L2(s) / L0(s)|L1(s)|L2(l),0,
47.0,E,0,2,59.32,5,L0(s)|L1(s)|L2(s) / L0(s)|L1(ls),0,
47.0,S,0,2,58.99,6,L0(rs)|L1(s)|L2(lt) / L0(s)|L1(s)|L2(s),1,bus_r1_flow.0:[21 edges]
48.0,W,0,0,0,4,L0(s)|L1(lst) / L0(s)|L1(s),0,
48.0,N,0,0,0,6,L0(s)|L1(s)|L2(s) / L0(s)|L1(s)|L2(l),0,
48.0,E,0,2,59.4,5,L0(s)|L1(s)|L2(s) / L0(s)|L1(ls),0,
48.0,S,0,2,59.26,6,L0(rs)|L1(s)|L2(lt) / L0(s)|L1(s)|L2(s),1,bus_r1_flow.0:[21 edges]
49.0,W,0,1,59.83,4,L0(s)|L1(lst) / L0(s)|L1(s),1,bus_r2_flow.0:[35 edges]
49.0,N,0,0,0,6,L0(s)|L1(s)|L2(s) / L0(s)|L1(s)|L2(l),0,
49.0,E,0,2,58.92,5,L0(s)|L1(s)|L2(s) / L0(s)|L1(ls),0,
49.0,S,0,2,58.64,6,L0(rs)|L1(s)|L2(lt) / L0(s)|L1(s)|L2(s),1,bus_r1_flow.0:[21 edges]
50.0,W,0,1,59.94,4,L0(s)|L1(lst) / L0(s)|L1(s),1,bus_r2_flow.0:[35 edges]
50.0,N,0,0,0,6,L0(s)|L1(s)|L2(s) / L0(s)|L1(s)|L2(l),0,
50.0,E,0,2,58.92,5,L0(s)|L1(s)|L2(s) / L0(s)|L1(ls),0,
50.0,S,0,2,57.24,6,L0(rs)|L1(s)|L2(lt) / L0(s)|L1(s)|L2(s),1,bus_r1_flow.0:[21 edges]
51.0,W,0,1,59.58,4,L0(s)|L1(lst) / L0(s)|L1(s),1,bus_r2_flow.0:[35 edges]
51.0,N,0,0,0,6,L0(s)|L1(s)|L2(s) / L0(s)|L1(s)|L2(l),0,
51.0,E,0,1,60.77,5,L0(s)|L1(s)|L2(s) / L0(s)|L1(ls),0,
51.0,S,0,2,54.62,6,L0(rs)|L1(s)|L2(lt) / L0(s)|L1(s)|L2(s),1,bus_r1_flow.0:[21 edges]
52.0,W,0,1,60.0,4,L0(s)|L1(lst) / L0(s)|L1(s),1,bus_r2_flow.0:[35 edges]
52.0,N,0,0,0,6,L0(s)|L1(s)|L2(s) / L0(s)|L1(s)|L2(l),0,
52.0,E,0,1,61.69,5,L0(s)|L1(s)|L2(s) / L0(s)|L1(ls),0,
52.0,S,0,1,59.36,6,L0(rs)|L1(s)|L2(lt) / L0(s)|L1(s)|L2(s),0,
53.0,W,0,1,59.7,4,L0(s)|L1(lst) / L0(s)|L1(s),1,bus_r2_flow.0:[35 edges]
53.0,N,0,0,0,6,L0(s)|L1(s)|L2(s) / L0(s)|L1(s)|L2(l),0,
53.0,E,0,1,61.53,5,L0(s)|L1(s)|L2(s) / L0(s)|L1(ls),0,
53.0,S,0,1,58.95,6,L0(rs)|L1(s)|L2(lt) / L0(s)|L1(s)|L2(s),0,
54.0,W,0,0,0,4,L0(s)|L1(lst) / L0(s)|L1(s),0,
54.0,N,0,0,0,6,L0(s)|L1(s)|L2(s) / L0(s)|L1(s)|L2(l),0,
54.0,E,0,1,61.62,5,L0(s)|L1(s)|L2(s) / L0(s)|L1(ls),0,
54.0,S,0,1,59.17,6,L0(rs)|L1(s)|L2(lt) / L0(s)|L1(s)|L2(s),0,
55.0,W,0,0,0,4,L0(s)|L1(lst) / L0(s)|L1(s),0,
55.0,N,0,0,0,6,L0(s)|L1(s)|L2(s) / L0(s)|L1(s)|L2(l),0,
55.0,E,0,0,0,5,L0(s)|L1(s)|L2(s) / L0(s)|L1(ls),0,
55.0,S,0,1,56.76,6,L0(rs)|L1(s)|L2(lt) / L0(s)|L1(s)|L2(s),0,
56.0,W,0,0,0,4,L0(s)|L1(lst) / L0(s)|L1(s),0,
56.0,N,0,0,0,6,L0(s)|L1(s)|L2(s) / L0(s)|L1(s)|L2(l),0,
56.0,E,0,1,59.82,5,L0(s)|L1(s)|L2(s) / L0(s)|L1(ls),1,bus_r2_flow.0:[35 edges]
56.0,S,0,1,54.11,6,L0(rs)|L1(s)|L2(lt) / L0(s)|L1(s)|L2(s),0,
57.0,W,0,0,0,4,L0(s)|L1(lst) / L0(s)|L1(s),0,
57.0,N,0,0,0,6,L0(s)|L1(s)|L2(s) / L0(s)|L1(s)|L2(l),0,
57.0,E,0,1,59.89,5,L0(s)|L1(s)|L2(s) / L0(s)|L1(ls),1,bus_r2_flow.0:[35 edges]
57.0,S,0,1,51.96,6,L0(rs)|L1(s)|L2(lt) / L0(s)|L1(s)|L2(s),0,
58.0,W,0,0,0,4,L0(s)|L1(lst) / L0(s)|L1(s),0,
58.0,N,0,0,0,6,L0(s)|L1(s)|L2(s) / L0(s)|L1(s)|L2(l),0,
58.0,E,0,1,59.88,5,L0(s)|L1(s)|L2(s) / L0(s)|L1(ls),1,bus_r2_flow.0:[35 edges]
58.0,S,0,1,50.4,6,L0(rs)|L1(s)|L2(lt) / L0(s)|L1(s)|L2(s),0,
59.0,W,0,0,0,4,L0(s)|L1(lst) / L0(s)|L1(s),0,
59.0,N,0,0,0,6,L0(s)|L1(s)|L2(s) / L0(s)|L1(s)|L2(l),0,
59.0,E,0,1,59.73,5,L0(s)|L1(s)|L2(s) / L0(s)|L1(ls),1,bus_r2_flow.0:[35 edges]
59.0,S,0,1,50.07,6,L0(rs)|L1(s)|L2(lt) / L0(s)|L1(s)|L2(s),0,
60.0,W,0,0,0,4,L0(s)|L1(lst) / L0(s)|L1(s),0,
60.0,N,0,0,0,6,L0(s)|L1(s)|L2(s) / L0(s)|L1(s)|L2(l),0,
60.0,E,0,1,59.8,5,L0(s)|L1(s)|L2(s) / L0(s)|L1(ls),1,bus_r2_flow.0:[35 edges]
60.0,S,1,2,49.97,6,L0(rs)|L1(s)|L2(lt) / L0(s)|L1(s)|L2(s),1,bus_r1_flow.1:[21 edges]
61.0,W,0,0,0,4,L0(s)|L1(lst) / L0(s)|L1(s),0,
61.0,N,0,0,0,6,L0(s)|L1(s)|L2(s) / L0(s)|L1(s)|L2(l),0,
61.0,E,0,1,59.96,5,L0(s)|L1(s)|L2(s) / L0(s)|L1(ls),1,bus_r2_flow.0:[35 edges]
61.0,S,1,2,49.96,6,L0(rs)|L1(s)|L2(lt) / L0(s)|L1(s)|L2(s),1,bus_r1_flow.1:[21 edges]
62.0,W,0,0,0,4,L0(s)|L1(lst) / L0(s)|L1(s),0,
62.0,N,0,0,0,6,L0(s)|L1(s)|L2(s) / L0(s)|L1(s)|L2(l),0,
62.0,E,0,1,59.56,5,L0(s)|L1(s)|L2(s) / L0(s)|L1(ls),1,bus_r2_flow.0:[35 edges]
62.0,S,1,2,49.79,6,L0(rs)|L1(s)|L2(lt) / L0(s)|L1(s)|L2(s),1,bus_r1_flow.1:[21 edges]
63.0,W,0,0,0,4,L0(s)|L1(lst) / L0(s)|L1(s),0,
63.0,N,0,0,0,6,L0(s)|L1(s)|L2(s) / L0(s)|L1(s)|L2(l),0,
63.0,E,0,1,59.94,5,L0(s)|L1(s)|L2(s) / L0(s)|L1(ls),1,bus_r2_flow.0:[35 edges]
63.0,S,1,2,49.83,6,L0(rs)|L1(s)|L2(lt) / L0(s)|L1(s)|L2(s),1,bus_r1_flow.1:[21 edges]
64.0,W,0,0,0,4,L0(s)|L1(lst) / L0(s)|L1(s),0,
64.0,N,0,0,0,6,L0(s)|L1(s)|L2(s) / L0(s)|L1(s)|L2(l),0,
64.0,E,0,1,57.79,5,L0(s)|L1(s)|L2(s) / L0(s)|L1(ls),1,bus_r2_flow.0:[35 edges]
64.0,S,1,2,49.78,6,L0(rs)|L1(s)|L2(lt) / L0(s)|L1(s)|L2(s),1,bus_r1_flow.1:[21 edges]
65.0,W,0,0,0,4,L0(s)|L1(lst) / L0(s)|L1(s),0,
65.0,N,0,0,0,6,L0(s)|L1(s)|L2(s) / L0(s)|L1(s)|L2(l),0,
65.0,E,0,1,54.45,5,L0(s)|L1(s)|L2(s) / L0(s)|L1(ls),1,bus_r2_flow.0:[35 edges]
65.0,S,1,2,50.0,6,L0(rs)|L1(s)|L2(lt) / L0(s)|L1(s)|L2(s),1,bus_r1_flow.1:[21 edges]
66.0,W,0,0,0,4,L0(s)|L1(lst) / L0(s)|L1(s),0,
66.0,N,0,0,0,6,L0(s)|L1(s)|L2(s) / L0(s)|L1(s)|L2(l),0,
66.0,E,0,0,0,5,L0(s)|L1(s)|L2(s) / L0(s)|L1(ls),0,
66.0,S,1,2,49.94,6,L0(rs)|L1(s)|L2(lt) / L0(s)|L1(s)|L2(s),1,bus_r1_flow.1:[21 edges]
67.0,W,0,0,0,4,L0(s)|L1(lst) / L0(s)|L1(s),0,
67.0,N,0,0,0,6,L0(s)|L1(s)|L2(s) / L0(s)|L1(s)|L2(l),0,
67.0,E,0,0,0,5,L0(s)|L1(s)|L2(s) / L0(s)|L1(ls),0,
67.0,S,1,2,49.89,6,L0(rs)|L1(s)|L2(lt) / L0(s)|L1(s)|L2(s),1,bus_r1_flow.1:[21 edges]
68.0,W,0,1,57.45,4,L0(s)|L1(lst) / L0(s)|L1(s),0,
68.0,N,0,0,0,6,L0(s)|L1(s)|L2(s) / L0(s)|L1(s)|L2(l),0,
68.0,E,0,0,0,5,L0(s)|L1(s)|L2(s) / L0(s)|L1(ls),0,
68.0,S,1,2,49.9,6,L0(rs)|L1(s)|L2(lt) / L0(s)|L1(s)|L2(s),1,bus_r1_flow.1:[21 edges]
69.0,W,0,1,58.01,4,L0(s)|L1(lst) / L0(s)|L1(s),0,
69.0,N,0,0,0,6,L0(s)|L1(s)|L2(s) / L0(s)|L1(s)|L2(l),0,
69.0,E,0,0,0,5,L0(s)|L1(s)|L2(s) / L0(s)|L1(ls),0,
69.0,S,1,2,49.73,6,L0(rs)|L1(s)|L2(lt) / L0(s)|L1(s)|L2(s),1,bus_r1_flow.1:[21 edges]
70.0,W,0,1,58.0,4,L0(s)|L1(lst) / L0(s)|L1(s),0,
70.0,N,0,0,0,6,L0(s)|L1(s)|L2(s) / L0(s)|L1(s)|L2(l),0,
70.0,E,0,0,0,5,L0(s)|L1(s)|L2(s) / L0(s)|L1(ls),0,
70.0,S,1,2,48.15,6,L0(rs)|L1(s)|L2(lt) / L0(s)|L1(s)|L2(s),1,bus_r1_flow.1:[21 edges]
71.0,W,0,1,57.32,4,L0(s)|L1(lst) / L0(s)|L1(s),0,
71.0,N,0,0,0,6,L0(s)|L1(s)|L2(s) / L0(s)|L1(s)|L2(l),0,
71.0,E,0,0,0,5,L0(s)|L1(s)|L2(s) / L0(s)|L1(ls),0,
71.0,S,1,2,45.75,6,L0(rs)|L1(s)|L2(lt) / L0(s)|L1(s)|L2(s),1,bus_r1_flow.1:[21 edges]
72.0,W,0,1,57.26,4,L0(s)|L1(lst) / L0(s)|L1(s),0,
72.0,N,0,0,0,6,L0(s)|L1(s)|L2(s) / L0(s)|L1(s)|L2(l),0,
72.0,E,0,0,0,5,L0(s)|L1(s)|L2(s) / L0(s)|L1(ls),0,
72.0,S,1,2,43.35,6,L0(rs)|L1(s)|L2(lt) / L0(s)|L1(s)|L2(s),1,bus_r1_flow.1:[21 edges]
73.0,W,0,0,0,4,L0(s)|L1(lst) / L0(s)|L1(s),0,
73.0,N,0,0,0,6,L0(s)|L1(s)|L2(s) / L0(s)|L1(s)|L2(l),0,
73.0,E,0,0,0,5,L0(s)|L1(s)|L2(s) / L0(s)|L1(ls),0,
73.0,S,1,2,40.95,6,L0(rs)|L1(s)|L2(lt) / L0(s)|L1(s)|L2(s),1,bus_r1_flow.1:[21 edges]
74.0,W,0,0,0,4,L0(s)|L1(lst) / L0(s)|L1(s),0,
74.0,N,0,0,0,6,L0(s)|L1(s)|L2(s) / L0(s)|L1(s)|L2(l),0,
74.0,E,0,0,0,5,L0(s)|L1(s)|L2(s) / L0(s)|L1(ls),0,
74.0,S,1,2,40.18,6,L0(rs)|L1(s)|L2(lt) / L0(s)|L1(s)|L2(s),1,bus_r1_flow.1:[21 edges]
75.0,W,0,0,0,4,L0(s)|L1(lst) / L0(s)|L1(s),0,
75.0,N,0,0,0,6,L0(s)|L1(s)|L2(s) / L0(s)|L1(s)|L2(l),0,
75.0,E,0,0,0,5,L0(s)|L1(s)|L2(s) / L0(s)|L1(ls),0,
75.0,S,2,2,40.03,6,L0(rs)|L1(s)|L2(lt) / L0(s)|L1(s)|L2(s),1,bus_r1_flow.1:[21 edges]
76.0,W,0,0,0,4,L0(s)|L1(lst) / L0(s)|L1(s),0,
76.0,N,0,0,0,6,L0(s)|L1(s)|L2(s) / L0(s)|L1(s)|L2(l),0,
76.0,E,0,1,57.68,5,L0(s)|L1(s)|L2(s) / L0(s)|L1(ls),0,
76.0,S,2,2,40.01,6,L0(rs)|L1(s)|L2(lt) / L0(s)|L1(s)|L2(s),1,bus_r1_flow.1:[21 edges]
77.0,W,0,0,0,4,L0(s)|L1(lst) / L0(s)|L1(s),0,
77.0,N,0,0,0,6,L0(s)|L1(s)|L2(s) / L0(s)|L1(s)|L2(l),0,
77.0,E,0,1,57.29,5,L0(s)|L1(s)|L2(s) / L0(s)|L1(ls),0,
77.0,S,2,3,40.44,6,L0(rs)|L1(s)|L2(lt) / L0(s)|L1(s)|L2(s),1,bus_r1_flow.1:[21 edges]
78.0,W,0,0,0,4,L0(s)|L1(lst) / L0(s)|L1(s),0,
78.0,N,0,0,0,6,L0(s)|L1(s)|L2(s) / L0(s)|L1(s)|L2(l),0,
78.0,E,0,1,57.59,5,L0(s)|L1(s)|L2(s) / L0(s)|L1(ls),0,
78.0,S,2,3,41.35,6,L0(rs)|L1(s)|L2(lt) / L0(s)|L1(s)|L2(s),1,bus_r1_flow.1:[21 edges]
79.0,W,0,0,0,4,L0(s)|L1(lst) / L0(s)|L1(s),0,
79.0,N,0,0,0,6,L0(s)|L1(s)|L2(s) / L0(s)|L1(s)|L2(l),0,
79.0,E,0,1,57.21,5,L0(s)|L1(s)|L2(s) / L0(s)|L1(ls),0,
79.0,S,2,4,42.75,6,L0(rs)|L1(s)|L2(lt) / L0(s)|L1(s)|L2(s),2,bus_r1_flow.2:[21 edges]; bus_r1_flow.1:[21 edges]
80.0,W,0,0,0,4,L0(s)|L1(lst) / L0(s)|L1(s),0,
80.0,N,0,0,0,6,L0(s)|L1(s)|L2(s) / L0(s)|L1(s)|L2(l),0,
80.0,E,0,1,57.44,5,L0(s)|L1(s)|L2(s) / L0(s)|L1(ls),0,
80.0,S,2,4,39.27,6,L0(rs)|L1(s)|L2(lt) / L0(s)|L1(s)|L2(s),2,bus_r1_flow.2:[21 edges]; bus_r1_flow.1:[21 edges]
81.0,W,0,0,0,4,L0(s)|L1(lst) / L0(s)|L1(s),0,
81.0,N,0,0,0,6,L0(s)|L1(s)|L2(s) / L0(s)|L1(s)|L2(l),0,
81.0,E,0,1,57.76,5,L0(s)|L1(s)|L2(s) / L0(s)|L1(ls),0,
81.0,S,2,4,40.62,6,L0(rs)|L1(s)|L2(lt) / L0(s)|L1(s)|L2(s),2,bus_r1_flow.2:[21 edges]; bus_r1_flow.1:[21 edges]
82.0,W,0,0,0,4,L0(s)|L1(lst) / L0(s)|L1(s),0,
82.0,N,0,0,0,6,L0(s)|L1(s)|L2(s) / L0(s)|L1(s)|L2(l),0,
82.0,E,0,1,57.66,5,L0(s)|L1(s)|L2(s) / L0(s)|L1(ls),0,
82.0,S,1,4,41.48,6,L0(rs)|L1(s)|L2(lt) / L0(s)|L1(s)|L2(s),2,bus_r1_flow.2:[21 edges]; bus_r1_flow.1:[21 edges]
83.0,W,0,0,0,4,L0(s)|L1(lst) / L0(s)|L1(s),0,
83.0,N,0,1,93.23,6,L0(s)|L1(s)|L2(s) / L0(s)|L1(s)|L2(l),1,bus_r0_flow.0:[21 edges]
83.0,E,0,1,57.65,5,L0(s)|L1(s)|L2(s) / L0(s)|L1(ls),0,
83.0,S,2,4,41.16,6,L0(rs)|L1(s)|L2(lt) / L0(s)|L1(s)|L2(s),2,bus_r1_flow.2:[21 edges]; bus_r1_flow.1:[21 edges]
84.0,W,0,0,0,4,L0(s)|L1(lst) / L0(s)|L1(s),0,
84.0,N,0,1,93.3,6,L0(s)|L1(s)|L2(s) / L0(s)|L1(s)|L2(l),1,bus_r0_flow.0:[21 edges]
84.0,E,0,1,57.55,5,L0(s)|L1(s)|L2(s) / L0(s)|L1(ls),0,
84.0,S,2,4,41.34,6,L0(rs)|L1(s)|L2(lt) / L0(s)|L1(s)|L2(s),2,bus_r1_flow.2:[21 edges]; bus_r1_flow.1:[21 edges]
85.0,W,0,0,0,4,L0(s)|L1(lst) / L0(s)|L1(s),0,
85.0,N,0,1,93.29,6,L0(s)|L1(s)|L2(s) / L0(s)|L1(s)|L2(l),1,bus_r0_flow.0:[21 edges]
85.0,E,0,1,57.7,5,L0(s)|L1(s)|L2(s) / L0(s)|L1(ls),0,
85.0,S,2,4,41.89,6,L0(rs)|L1(s)|L2(lt) / L0(s)|L1(s)|L2(s),2,bus_r1_flow.2:[21 edges]; bus_r1_flow.1:[21 edges]
86.0,W,0,0,0,4,L0(s)|L1(lst) / L0(s)|L1(s),0,
86.0,N,0,1,91.81,6,L0(s)|L1(s)|L2(s) / L0(s)|L1(s)|L2(l),1,bus_r0_flow.0:[21 edges]
86.0,E,0,1,57.64,5,L0(s)|L1(s)|L2(s) / L0(s)|L1(ls),0,
86.0,S,2,4,42.24,6,L0(rs)|L1(s)|L2(lt) / L0(s)|L1(s)|L2(s),2,bus_r1_flow.2:[21 edges]; bus_r1_flow.1:[21 edges]
87.0,W,0,0,0,4,L0(s)|L1(lst) / L0(s)|L1(s),0,
87.0,N,0,1,89.42,6,L0(s)|L1(s)|L2(s) / L0(s)|L1(s)|L2(l),1,bus_r0_flow.0:[21 edges]
87.0,E,0,0,0,5,L0(s)|L1(s)|L2(s) / L0(s)|L1(ls),0,
87.0,S,2,4,42.68,6,L0(rs)|L1(s)|L2(lt) / L0(s)|L1(s)|L2(s),2,bus_r1_flow.2:[21 edges]; bus_r1_flow.1:[21 edges]
88.0,W,0,0,0,4,L0(s)|L1(lst) / L0(s)|L1(s),0,
88.0,N,0,1,87.26,6,L0(s)|L1(s)|L2(s) / L0(s)|L1(s)|L2(l),1,bus_r0_flow.0:[21 edges]
88.0,E,0,0,0,5,L0(s)|L1(s)|L2(s) / L0(s)|L1(ls),0,
88.0,S,2,4,43.05,6,L0(rs)|L1(s)|L2(lt) / L0(s)|L1(s)|L2(s),2,bus_r1_flow.2:[21 edges]; bus_r1_flow.1:[21 edges]
89.0,W,0,0,0,4,L0(s)|L1(lst) / L0(s)|L1(s),0,
89.0,N,0,1,85.09,6,L0(s)|L1(s)|L2(s) / L0(s)|L1(s)|L2(l),1,bus_r0_flow.0:[21 edges]
89.0,E,0,0,0,5,L0(s)|L1(s)|L2(s) / L0(s)|L1(ls),0,
89.0,S,2,4,43.23,6,L0(rs)|L1(s)|L2(lt) / L0(s)|L1(s)|L2(s),2,bus_r1_flow.2:[21 edges]; bus_r1_flow.1:[21 edges]
90.0,W,0,0,0,4,L0(s)|L1(lst) / L0(s)|L1(s),0,
90.0,N,0,1,83.46,6,L0(s)|L1(s)|L2(s) / L0(s)|L1(s)|L2(l),1,bus_r0_flow.0:[21 edges]
90.0,E,0,0,0,5,L0(s)|L1(s)|L2(s) / L0(s)|L1(ls),0,
90.0,S,2,4,42.68,6,L0(rs)|L1(s)|L2(lt) / L0(s)|L1(s)|L2(s),2,bus_r1_flow.2:[21 edges]; bus_r1_flow.1:[21 edges]
91.0,W,0,0,0,4,L0(s)|L1(lst) / L0(s)|L1(s),0,
91.0,N,0,0,0,6,L0(s)|L1(s)|L2(s) / L0(s)|L1(s)|L2(l),0,
91.0,E,0,0,0,5,L0(s)|L1(s)|L2(s) / L0(s)|L1(ls),0,
91.0,S,2,4,43.07,6,L0(rs)|L1(s)|L2(lt) / L0(s)|L1(s)|L2(s),2,bus_r1_flow.2:[21 edges]; bus_r1_flow.1:[21 edges]
92.0,W,0,0,0,4,L0(s)|L1(lst) / L0(s)|L1(s),0,
92.0,N,0,0,0,6,L0(s)|L1(s)|L2(s) / L0(s)|L1(s)|L2(l),0,
92.0,E,0,0,0,5,L0(s)|L1(s)|L2(s) / L0(s)|L1(ls),0,
92.0,S,0,3,39.25,6,L0(rs)|L1(s)|L2(lt) / L0(s)|L1(s)|L2(s),2,bus_r1_flow.2:[21 edges]; bus_r1_flow.1:[21 edges]
93.0,W,0,0,0,4,L0(s)|L1(lst) / L0(s)|L1(s),0,
93.0,N,0,0,0,6,L0(s)|L1(s)|L2(s) / L0(s)|L1(s)|L2(l),0,
93.0,E,0,0,0,5,L0(s)|L1(s)|L2(s) / L0(s)|L1(ls),0,
93.0,S,0,2,49.57,6,L0(rs)|L1(s)|L2(lt) / L0(s)|L1(s)|L2(s),2,bus_r1_flow.2:[21 edges]; bus_r1_flow.1:[21 edges]
94.0,W,0,0,0,4,L0(s)|L1(lst) / L0(s)|L1(s),0,
94.0,N,0,0,0,6,L0(s)|L1(s)|L2(s) / L0(s)|L1(s)|L2(l),0,
94.0,E,0,0,0,5,L0(s)|L1(s)|L2(s) / L0(s)|L1(ls),0,
94.0,S,0,2,48.17,6,L0(rs)|L1(s)|L2(lt) / L0(s)|L1(s)|L2(s),2,bus_r1_flow.2:[21 edges]; bus_r1_flow.1:[21 edges]
95.0,W,0,0,0,4,L0(s)|L1(lst) / L0(s)|L1(s),0,
95.0,N,0,0,0,6,L0(s)|L1(s)|L2(s) / L0(s)|L1(s)|L2(l),0,
95.0,E,0,1,58.57,5,L0(s)|L1(s)|L2(s) / L0(s)|L1(ls),1,bus_r5_flow.0:[25 edges]
95.0,S,0,2,46.98,6,L0(rs)|L1(s)|L2(lt) / L0(s)|L1(s)|L2(s),2,bus_r1_flow.2:[21 edges]; bus_r1_flow.1:[21 edges]
96.0,W,0,0,0,4,L0(s)|L1(lst) / L0(s)|L1(s),0,
96.0,N,0,1,89.88,6,L0(s)|L1(s)|L2(s) / L0(s)|L1(s)|L2(l),0,
96.0,E,0,1,58.88,5,L0(s)|L1(s)|L2(s) / L0(s)|L1(ls),1,bus_r5_flow.0:[25 edges]
96.0,S,0,1,53.92,6,L0(rs)|L1(s)|L2(lt) / L0(s)|L1(s)|L2(s),1,bus_r1_flow.2:[21 edges]
97.0,W,0,0,0,4,L0(s)|L1(lst) / L0(s)|L1(s),0,
97.0,N,0,1,91.15,6,L0(s)|L1(s)|L2(s) / L0(s)|L1(s)|L2(l),0,
97.0,E,0,1,59.46,5,L0(s)|L1(s)|L2(s) / L0(s)|L1(ls),1,bus_r5_flow.0:[25 edges]
97.0,S,0,0,0,6,L0(rs)|L1(s)|L2(lt) / L0(s)|L1(s)|L2(s),0,
98.0,W,0,0,0,4,L0(s)|L1(lst) / L0(s)|L1(s),0,
98.0,N,0,2,83.89,6,L0(s)|L1(s)|L2(s) / L0(s)|L1(s)|L2(l),0,
98.0,E,0,1,59.73,5,L0(s)|L1(s)|L2(s) / L0(s)|L1(ls),1,bus_r5_flow.0:[25 edges]
98.0,S,0,0,0,6,L0(rs)|L1(s)|L2(lt) / L0(s)|L1(s)|L2(s),0,
99.0,W,0,0,0,4,L0(s)|L1(lst) / L0(s)|L1(s),0,
99.0,N,0,3,80.59,6,L0(s)|L1(s)|L2(s) / L0(s)|L1(s)|L2(l),1,bus_r1_flow.0:[21 edges]
99.0,E,0,1,59.79,5,L0(s)|L1(s)|L2(s) / L0(s)|L1(ls),1,bus_r5_flow.0:[25 edges]
99.0,S,0,2,54.14,6,L0(rs)|L1(s)|L2(lt) / L0(s)|L1(s)|L2(s),2,bus_r0_flow.0:[21 edges] | bus_r1_flow.3:[21 edges]
100.0,W,0,0,0,4,L0(s)|L1(lst) / L0(s)|L1(s),0,
100.0,N,0,3,82.89,6,L0(s)|L1(s)|L2(s) / L0(s)|L1(s)|L2(l),1,bus_r1_flow.0:[21 edges]
100.0,E,0,1,59.75,5,L0(s)|L1(s)|L2(s) / L0(s)|L1(ls),1,bus_r5_flow.0:[25 edges]
100.0,S,0,2,54.81,6,L0(rs)|L1(s)|L2(lt) / L0(s)|L1(s)|L2(s),2,bus_r0_flow.0:[21 edges] | bus_r1_flow.3:[21 edges]
101.0,W,0,0,0,4,L0(s)|L1(lst) / L0(s)|L1(s),0,
101.0,N,0,2,83.63,6,L0(s)|L1(s)|L2(s) / L0(s)|L1(s)|L2(l),1,bus_r1_flow.0:[21 edges]
101.0,E,0,1,59.73,5,L0(s)|L1(s)|L2(s) / L0(s)|L1(ls),1,bus_r5_flow.0:[25 edges]
101.0,S,0,2,55.25,6,L0(rs)|L1(s)|L2(lt) / L0(s)|L1(s)|L2(s),2,bus_r0_flow.0:[21 edges] | bus_r1_flow.3:[21 edges]
102.0,W,0,0,0,4,L0(s)|L1(lst) / L0(s)|L1(s),0,
102.0,N,0,2,82.52,6,L0(s)|L1(s)|L2(s) / L0(s)|L1(s)|L2(l),2,bus_r1_flow.2:[21 edges]; bus_r1_flow.0:[21 edges]
102.0,E,0,1,59.92,5,L0(s)|L1(s)|L2(s) / L0(s)|L1(ls),1,bus_r5_flow.0:[25 edges]
102.0,S,0,2,55.7,6,L0(rs)|L1(s)|L2(lt) / L0(s)|L1(s)|L2(s),2,bus_r0_flow.0:[21 edges] | bus_r1_flow.3:[21 edges]
103.0,W,0,1,54.19,4,L0(s)|L1(lst) / L0(s)|L1(s),0,
103.0,N,0,2,83.01,6,L0(s)|L1(s)|L2(s) / L0(s)|L1(s)|L2(l),2,bus_r1_flow.2:[21 edges]; bus_r1_flow.0:[21 edges]
103.0,E,0,1,59.67,5,L0(s)|L1(s)|L2(s) / L0(s)|L1(ls),1,bus_r5_flow.0:[25 edges]
103.0,S,0,2,56.0,6,L0(rs)|L1(s)|L2(lt) / L0(s)|L1(s)|L2(s),2,bus_r0_flow.0:[21 edges] | bus_r1_flow.3:[21 edges]
104.0,W,0,1,55.9,4,L0(s)|L1(lst) / L0(s)|L1(s),0,
104.0,N,0,2,83.68,6,L0(s)|L1(s)|L2(s) / L0(s)|L1(s)|L2(l),2,bus_r1_flow.2:[21 edges]; bus_r1_flow.0:[21 edges]
104.0,E,0,1,57.42,5,L0(s)|L1(s)|L2(s) / L0(s)|L1(ls),1,bus_r5_flow.0:[25 edges]
104.0,S,0,2,56.37,6,L0(rs)|L1(s)|L2(lt) / L0(s)|L1(s)|L2(s),2,bus_r0_flow.0:[21 edges] | bus_r1_flow.3:[21 edges]
105.0,W,0,1,57.63,4,L0(s)|L1(lst) / L0(s)|L1(s),0,
105.0,N,0,2,84.28,6,L0(s)|L1(s)|L2(s) / L0(s)|L1(s)|L2(l),2,bus_r1_flow.2:[21 edges]; bus_r1_flow.0:[21 edges]
105.0,E,0,1,55.19,5,L0(s)|L1(s)|L2(s) / L0(s)|L1(ls),1,bus_r5_flow.0:[25 edges]
105.0,S,0,2,56.84,6,L0(rs)|L1(s)|L2(lt) / L0(s)|L1(s)|L2(s),2,bus_r0_flow.0:[21 edges] | bus_r1_flow.3:[21 edges]
106.0,W,0,1,59.52,4,L0(s)|L1(lst) / L0(s)|L1(s),0,
106.0,N,0,2,84.95,6,L0(s)|L1(s)|L2(s) / L0(s)|L1(s)|L2(l),2,bus_r1_flow.2:[21 edges]; bus_r1_flow.0:[21 edges]
106.0,E,0,0,0,5,L0(s)|L1(s)|L2(s) / L0(s)|L1(ls),0,
106.0,S,0,2,57.25,6,L0(rs)|L1(s)|L2(lt) / L0(s)|L1(s)|L2(s),2,bus_r0_flow.0:[21 edges] | bus_r1_flow.3:[21 edges]
107.0,W,0,1,58.89,4,L0(s)|L1(lst) / L0(s)|L1(s),0,
107.0,N,0,1,89.9,6,L0(s)|L1(s)|L2(s) / L0(s)|L1(s)|L2(l),1,bus_r1_flow.2:[21 edges]
107.0,E,0,0,0,5,L0(s)|L1(s)|L2(s) / L0(s)|L1(ls),0,
107.0,S,0,2,57.61,6,L0(rs)|L1(s)|L2(lt) / L0(s)|L1(s)|L2(s),2,bus_r0_flow.0:[21 edges] | bus_r1_flow.3:[21 edges]
108.0,W,0,1,57.84,4,L0(s)|L1(lst) / L0(s)|L1(s),0,
108.0,N,0,2,83.27,6,L0(s)|L1(s)|L2(s) / L0(s)|L1(s)|L2(l),2,bus_r1_flow.1:[21 edges]; bus_r1_flow.2:[21 edges]
108.0,E,0,0,0,5,L0(s)|L1(s)|L2(s) / L0(s)|L1(ls),0,
108.0,S,0,2,58.17,6,L0(rs)|L1(s)|L2(lt) / L0(s)|L1(s)|L2(s),2,bus_r0_flow.0:[21 edges] | bus_r1_flow.3:[21 edges]
109.0,W,0,1,58.39,4,L0(s)|L1(lst) / L0(s)|L1(s),0,
109.0,N,0,2,83.93,6,L0(s)|L1(s)|L2(s) / L0(s)|L1(s)|L2(l),2,bus_r1_flow.1:[21 edges]; bus_r1_flow.2:[21 edges]
109.0,E,0,0,0,5,L0(s)|L1(s)|L2(s) / L0(s)|L1(ls),0,
109.0,S,0,2,58.84,6,L0(rs)|L1(s)|L2(lt) / L0(s)|L1(s)|L2(s),2,bus_r0_flow.0:[21 edges] | bus_r1_flow.3:[21 edges]
110.0,W,0,1,58.13,4,L0(s)|L1(lst) / L0(s)|L1(s),0,
110.0,N,0,1,88.15,6,L0(s)|L1(s)|L2(s) / L0(s)|L1(s)|L2(l),1,bus_r1_flow.1:[21 edges]
110.0,E,0,0,0,5,L0(s)|L1(s)|L2(s) / L0(s)|L1(ls),0,
110.0,S,0,2,59.14,6,L0(rs)|L1(s)|L2(lt) / L0(s)|L1(s)|L2(s),2,bus_r0_flow.0:[21 edges] | bus_r1_flow.3:[21 edges]
111.0,W,0,1,58.12,4,L0(s)|L1(lst) / L0(s)|L1(s),0,
111.0,N,0,2,81.9,6,L0(s)|L1(s)|L2(s) / L0(s)|L1(s)|L2(l),2,bus_r0_flow.1:[21 edges] | bus_r1_flow.1:[21 edges]
111.0,E,0,0,0,5,L0(s)|L1(s)|L2(s) / L0(s)|L1(ls),0,
111.0,S,0,1,59.83,6,L0(rs)|L1(s)|L2(lt) / L0(s)|L1(s)|L2(s),1,bus_r0_flow.0:[21 edges]
112.0,W,0,1,56.97,4,L0(s)|L1(lst) / L0(s)|L1(s),0,
112.0,N,0,2,82.21,6,L0(s)|L1(s)|L2(s) / L0(s)|L1(s)|L2(l),2,bus_r0_flow.1:[21 edges] | bus_r1_flow.1:[21 edges]
112.0,E,0,0,0,5,L0(s)|L1(s)|L2(s) / L0(s)|L1(ls),0,
112.0,S,0,1,59.85,6,L0(rs)|L1(s)|L2(lt) / L0(s)|L1(s)|L2(s),1,bus_r0_flow.0:[21 edges]
113.0,W,0,2,55.77,4,L0(s)|L1(lst) / L0(s)|L1(s),0,
113.0,N,0,3,79.57,6,L0(s)|L1(s)|L2(s) / L0(s)|L1(s)|L2(l),3,bus_r0_flow.1:[21 edges] | bus_r1_flow.3:[21 edges]; bus_r1_flow.1:[21 edges]
113.0,E,0,0,0,5,L0(s)|L1(s)|L2(s) / L0(s)|L1(ls),0,
113.0,S,0,1,59.83,6,L0(rs)|L1(s)|L2(lt) / L0(s)|L1(s)|L2(s),1,bus_r0_flow.0:[21 edges]
114.0,W,0,1,59.08,4,L0(s)|L1(lst) / L0(s)|L1(s),0,
114.0,N,0,3,79.8,6,L0(s)|L1(s)|L2(s) / L0(s)|L1(s)|L2(l),3,bus_r0_flow.1:[21 edges] | bus_r1_flow.3:[21 edges]; bus_r1_flow.1:[21 edges]
114.0,E,0,0,0,5,L0(s)|L1(s)|L2(s) / L0(s)|L1(ls),0,
114.0,S,0,1,59.86,6,L0(rs)|L1(s)|L2(lt) / L0(s)|L1(s)|L2(s),1,bus_r0_flow.0:[21 edges]
115.0,W,0,1,59.67,4,L0(s)|L1(lst) / L0(s)|L1(s),0,
115.0,N,0,3,79.9,6,L0(s)|L1(s)|L2(s) / L0(s)|L1(s)|L2(l),3,bus_r0_flow.1:[21 edges] | bus_r1_flow.3:[21 edges]; bus_r1_flow.1:[21 edges]
115.0,E,0,0,0,5,L0(s)|L1(s)|L2(s) / L0(s)|L1(ls),0,
115.0,S,0,0,0,6,L0(rs)|L1(s)|L2(lt) / L0(s)|L1(s)|L2(s),0,
116.0,W,0,1,58.59,4,L0(s)|L1(lst) / L0(s)|L1(s),0,
116.0,N,0,2,86.7,6,L0(s)|L1(s)|L2(s) / L0(s)|L1(s)|L2(l),2,bus_r1_flow.3:[21 edges]; bus_r1_flow.1:[21 edges]
116.0,E,0,0,0,5,L0(s)|L1(s)|L2(s) / L0(s)|L1(ls),0,
116.0,S,0,0,0,6,L0(rs)|L1(s)|L2(lt) / L0(s)|L1(s)|L2(s),0,
117.0,W,0,1,56.92,4,L0(s)|L1(lst) / L0(s)|L1(s),0,
117.0,N,0,1,91.77,6,L0(s)|L1(s)|L2(s) / L0(s)|L1(s)|L2(l),1,bus_r1_flow.3:[21 edges]
117.0,E,0,0,0,5,L0(s)|L1(s)|L2(s) / L0(s)|L1(ls),0,
117.0,S,0,0,0,6,L0(rs)|L1(s)|L2(lt) / L0(s)|L1(s)|L2(s),0,
118.0,W,0,1,52.87,4,L0(s)|L1(lst) / L0(s)|L1(s),0,
118.0,N,0,1,91.94,6,L0(s)|L1(s)|L2(s) / L0(s)|L1(s)|L2(l),1,bus_r1_flow.3:[21 edges]
118.0,E,0,1,61.35,5,L0(s)|L1(s)|L2(s) / L0(s)|L1(ls),0,
118.0,S,0,1,59.76,6,L0(rs)|L1(s)|L2(lt) / L0(s)|L1(s)|L2(s),1,bus_r0_flow.1:[21 edges]
119.0,W,0,0,0,4,L0(s)|L1(lst) / L0(s)|L1(s),0,
119.0,N,0,0,0,6,L0(s)|L1(s)|L2(s) / L0(s)|L1(s)|L2(l),0,
119.0,E,0,1,61.51,5,L0(s)|L1(s)|L2(s) / L0(s)|L1(ls),0,
119.0,S,0,2,59.79,6,L0(rs)|L1(s)|L2(lt) / L0(s)|L1(s)|L2(s),2,bus_r0_flow.1:[21 edges] | bus_r1_flow.4:[21 edges]
120.0,W,0,1,59.91,4,L0(s)|L1(lst) / L0(s)|L1(s),1,bus_r2_flow.1:[35 edges]
120.0,N,0,0,0,6,L0(s)|L1(s)|L2(s) / L0(s)|L1(s)|L2(l),0,
120.0,E,0,1,61.52,5,L0(s)|L1(s)|L2(s) / L0(s)|L1(ls),0,
120.0,S,0,2,59.61,6,L0(rs)|L1(s)|L2(lt) / L0(s)|L1(s)|L2(s),2,bus_r0_flow.1:[21 edges] | bus_r1_flow.4:[21 edges]
121.0,W,0,2,59.25,4,L0(s)|L1(lst) / L0(s)|L1(s),2,bus_r2_flow.1:[35 edges]; bus_r2_flow.2:[35 edges]
121.0,N,0,0,0,6,L0(s)|L1(s)|L2(s) / L0(s)|L1(s)|L2(l),0,
121.0,E,0,2,59.65,5,L0(s)|L1(s)|L2(s) / L0(s)|L1(ls),0,
121.0,S,0,2,59.87,6,L0(rs)|L1(s)|L2(lt) / L0(s)|L1(s)|L2(s),2,bus_r0_flow.1:[21 edges] | bus_r1_flow.4:[21 edges]
122.0,W,0,2,59.85,4,L0(s)|L1(lst) / L0(s)|L1(s),2,bus_r2_flow.1:[35 edges]; bus_r2_flow.2:[35 edges]
122.0,N,0,0,0,6,L0(s)|L1(s)|L2(s) / L0(s)|L1(s)|L2(l),0,
122.0,E,0,3,59.68,5,L0(s)|L1(s)|L2(s) / L0(s)|L1(ls),1,bus_r3_flow.0:[35 edges]
122.0,S,0,2,59.64,6,L0(rs)|L1(s)|L2(lt) / L0(s)|L1(s)|L2(s),2,bus_r0_flow.1:[21 edges] | bus_r1_flow.4:[21 edges]
123.0,W,0,3,57.74,4,L0(s)|L1(lst) / L0(s)|L1(s),2,bus_r2_flow.1:[35 edges]; bus_r2_flow.2:[35 edges]
123.0,N,0,0,0,6,L0(s)|L1(s)|L2(s) / L0(s)|L1(s)|L2(l),0,
123.0,E,0,4,58.42,5,L0(s)|L1(s)|L2(s) / L0(s)|L1(ls),1,bus_r3_flow.0:[35 edges]
123.0,S,0,2,59.74,6,L0(rs)|L1(s)|L2(lt) / L0(s)|L1(s)|L2(s),2,bus_r0_flow.1:[21 edges] | bus_r1_flow.4:[21 edges]
124.0,W,0,4,55.56,4,L0(s)|L1(lst) / L0(s)|L1(s),3,bus_r2_flow.1:[35 edges]; bus_r2_flow.3:[35 edges]; bus_r2_flow.2:[35 edges]
124.0,N,0,0,0,6,L0(s)|L1(s)|L2(s) / L0(s)|L1(s)|L2(l),0,
124.0,E,0,4,58.49,5,L0(s)|L1(s)|L2(s) / L0(s)|L1(ls),1,bus_r3_flow.0:[35 edges]
124.0,S,0,2,59.69,6,L0(rs)|L1(s)|L2(lt) / L0(s)|L1(s)|L2(s),2,bus_r0_flow.1:[21 edges] | bus_r1_flow.4:[21 edges]
125.0,W,0,4,51.59,4,L0(s)|L1(lst) / L0(s)|L1(s),3,bus_r2_flow.1:[35 edges]; bus_r2_flow.3:[35 edges]; bus_r2_flow.2:[35 edges]
125.0,N,0,0,0,6,L0(s)|L1(s)|L2(s) / L0(s)|L1(s)|L2(l),0,
125.0,E,0,6,58.5,5,L0(s)|L1(s)|L2(s) / L0(s)|L1(ls),2,bus_r3_flow.1:[35 edges]; bus_r3_flow.0:[35 edges]
125.0,S,0,2,59.54,6,L0(rs)|L1(s)|L2(lt) / L0(s)|L1(s)|L2(s),2,bus_r0_flow.1:[21 edges] | bus_r1_flow.4:[21 edges]
126.0,W,0,4,45.52,4,L0(s)|L1(lst) / L0(s)|L1(s),3,bus_r2_flow.1:[35 edges]; bus_r2_flow.3:[35 edges]; bus_r2_flow.2:[35 edges]
126.0,N,0,0,0,6,L0(s)|L1(s)|L2(s) / L0(s)|L1(s)|L2(l),0,
126.0,E,0,6,57.04,5,L0(s)|L1(s)|L2(s) / L0(s)|L1(ls),2,bus_r3_flow.1:[35 edges]; bus_r3_flow.0:[35 edges]
126.0,S,0,2,59.69,6,L0(rs)|L1(s)|L2(lt) / L0(s)|L1(s)|L2(s),2,bus_r0_flow.1:[21 edges] | bus_r1_flow.4:[21 edges]
127.0,W,1,4,39.44,4,L0(s)|L1(lst) / L0(s)|L1(s),3,bus_r2_flow.1:[35 edges]; bus_r2_flow.3:[35 edges]; bus_r2_flow.2:[35 edges]
127.0,N,0,0,0,6,L0(s)|L1(s)|L2(s) / L0(s)|L1(s)|L2(l),0,
127.0,E,0,6,55.89,5,L0(s)|L1(s)|L2(s) / L0(s)|L1(ls),2,bus_r3_flow.1:[35 edges]; bus_r3_flow.0:[35 edges]
127.0,S,0,2,59.72,6,L0(rs)|L1(s)|L2(lt) / L0(s)|L1(s)|L2(s),2,bus_r0_flow.1:[21 edges] | bus_r1_flow.4:[21 edges]
128.0,W,1,5,39.43,4,L0(s)|L1(lst) / L0(s)|L1(s),4,bus_r2_flow.4:[35 edges]; bus_r2_flow.1:[35 edges]; bus_r2_flow.3:[35 edges]; bus_r2_flow.2:[35 edges]
128.0,N,0,0,0,6,L0(s)|L1(s)|L2(s) / L0(s)|L1(s)|L2(l),0,
128.0,E,0,5,57.85,5,L0(s)|L1(s)|L2(s) / L0(s)|L1(ls),2,bus_r3_flow.1:[35 edges]; bus_r3_flow.0:[35 edges]
128.0,S,0,2,59.89,6,L0(rs)|L1(s)|L2(lt) / L0(s)|L1(s)|L2(s),2,bus_r0_flow.1:[21 edges] | bus_r1_flow.4:[21 edges]
129.0,W,2,5,36.98,4,L0(s)|L1(lst) / L0(s)|L1(s),4,bus_r2_flow.4:[35 edges]; bus_r2_flow.1:[35 edges]; bus_r2_flow.3:[35 edges]; bus_r2_flow.2:[35 edges]
129.0,N,0,0,0,6,L0(s)|L1(s)|L2(s) / L0(s)|L1(s)|L2(l),0,
129.0,E,0,5,58.08,5,L0(s)|L1(s)|L2(s) / L0(s)|L1(ls),2,bus_r3_flow.1:[35 edges]; bus_r3_flow.0:[35 edges]
129.0,S,0,2,59.69,6,L0(rs)|L1(s)|L2(lt) / L0(s)|L1(s)|L2(s),2,bus_r0_flow.1:[21 edges] | bus_r1_flow.4:[21 edges]
130.0,W,3,5,34.64,4,L0(s)|L1(lst) / L0(s)|L1(s),4,bus_r2_flow.4:[35 edges]; bus_r2_flow.1:[35 edges]; bus_r2_flow.3:[35 edges]; bus_r2_flow.2:[35 edges]
130.0,N,0,0,0,6,L0(s)|L1(s)|L2(s) / L0(s)|L1(s)|L2(l),0,
130.0,E,0,5,57.19,5,L0(s)|L1(s)|L2(s) / L0(s)|L1(ls),2,bus_r3_flow.1:[35 edges]; bus_r3_flow.0:[35 edges]
130.0,S,0,2,58.18,6,L0(rs)|L1(s)|L2(lt) / L0(s)|L1(s)|L2(s),2,bus_r0_flow.1:[21 edges] | bus_r1_flow.4:[21 edges]
131.0,W,1,5,33.77,4,L0(s)|L1(lst) / L0(s)|L1(s),4,bus_r2_flow.4:[35 edges]; bus_r2_flow.1:[35 edges]; bus_r2_flow.3:[35 edges]; bus_r2_flow.2:[35 edges]
131.0,N,0,0,0,6,L0(s)|L1(s)|L2(s) / L0(s)|L1(s)|L2(l),0,
131.0,E,0,6,56.58,5,L0(s)|L1(s)|L2(s) / L0(s)|L1(ls),3,bus_r3_flow.2:[35 edges]; bus_r3_flow.1:[35 edges]; bus_r3_flow.0:[35 edges]
131.0,S,0,1,55.97,6,L0(rs)|L1(s)|L2(lt) / L0(s)|L1(s)|L2(s),1,bus_r1_flow.4:[21 edges]
132.0,W,0,3,33.55,4,L0(s)|L1(lst) / L0(s)|L1(s),2,bus_r2_flow.4:[35 edges]; bus_r2_flow.3:[35 edges]
132.0,N,0,0,0,6,L0(s)|L1(s)|L2(s) / L0(s)|L1(s)|L2(l),0,
132.0,E,0,6,54.6,5,L0(s)|L1(s)|L2(s) / L0(s)|L1(ls),3,bus_r3_flow.2:[35 edges]; bus_r3_flow.1:[35 edges]; bus_r3_flow.0:[35 edges]
132.0,S,0,0,0,6,L0(rs)|L1(s)|L2(lt) / L0(s)|L1(s)|L2(s),0,
133.0,W,0,3,32.25,4,L0(s)|L1(lst) / L0(s)|L1(s),2,bus_r2_flow.4:[35 edges]; bus_r2_flow.3:[35 edges]
133.0,N,0,0,0,6,L0(s)|L1(s)|L2(s) / L0(s)|L1(s)|L2(l),0,
133.0,E,0,5,53.28,5,L0(s)|L1(s)|L2(s) / L0(s)|L1(ls),2,bus_r3_flow.2:[35 edges]; bus_r3_flow.1:[35 edges]
133.0,S,0,0,0,6,L0(rs)|L1(s)|L2(lt) / L0(s)|L1(s)|L2(s),0,
134.0,W,0,3,33.01,4,L0(s)|L1(lst) / L0(s)|L1(s),2,bus_r2_flow.4:[35 edges]; bus_r2_flow.3:[35 edges]
134.0,N,0,0,0,6,L0(s)|L1(s)|L2(s) / L0(s)|L1(s)|L2(l),0,
134.0,E,0,5,44.46,5,L0(s)|L1(s)|L2(s) / L0(s)|L1(ls),2,bus_r3_flow.2:[35 edges]; bus_r3_flow.1:[35 edges]
134.0,S,0,0,0,6,L0(rs)|L1(s)|L2(lt) / L0(s)|L1(s)|L2(s),0,
135.0,W,0,5,36.01,4,L0(s)|L1(lst) / L0(s)|L1(s),2,bus_r2_flow.4:[35 edges]; bus_r2_flow.3:[35 edges]
135.0,N,0,0,0,6,L0(s)|L1(s)|L2(s) / L0(s)|L1(s)|L2(l),0,
135.0,E,0,7,41.04,5,L0(s)|L1(s)|L2(s) / L0(s)|L1(ls),2,bus_r3_flow.2:[35 edges]; bus_r3_flow.1:[35 edges]
135.0,S,0,0,0,6,L0(rs)|L1(s)|L2(lt) / L0(s)|L1(s)|L2(s),0,
136.0,W,0,5,37.18,4,L0(s)|L1(lst) / L0(s)|L1(s),2,bus_r2_flow.4:[35 edges]; bus_r2_flow.3:[35 edges]
136.0,N,0,0,0,6,L0(s)|L1(s)|L2(s) / L0(s)|L1(s)|L2(l),0,
136.0,E,0,4,53.87,5,L0(s)|L1(s)|L2(s) / L0(s)|L1(ls),1,bus_r3_flow.2:[35 edges]
136.0,S,0,0,0,6,L0(rs)|L1(s)|L2(lt) / L0(s)|L1(s)|L2(s),0,
137.0,W,0,6,36.67,4,L0(s)|L1(lst) / L0(s)|L1(s),3,bus_r3_flow.0:[35 edges] | bus_r2_flow.4:[35 edges]; bus_r2_flow.3:[35 edges]
137.0,N,0,0,0,6,L0(s)|L1(s)|L2(s) / L0(s)|L1(s)|L2(l),0,
137.0,E,0,4,56.37,5,L0(s)|L1(s)|L2(s) / L0(s)|L1(ls),1,bus_r3_flow.2:[35 edges]
137.0,S,0,0,0,6,L0(rs)|L1(s)|L2(lt) / L0(s)|L1(s)|L2(s),0,
138.0,W,0,4,39.06,4,L0(s)|L1(lst) / L0(s)|L1(s),2,bus_r3_flow.0:[35 edges] | bus_r2_flow.4:[35 edges]
138.0,N,0,0,0,6,L0(s)|L1(s)|L2(s) / L0(s)|L1(s)|L2(l),0,
138.0,E,0,4,57.98,5,L0(s)|L1(s)|L2(s) / L0(s)|L1(ls),1,bus_r3_flow.2:[35 edges]
138.0,S,0,0,0,6,L0(rs)|L1(s)|L2(lt) / L0(s)|L1(s)|L2(s),0,
139.0,W,0,6,31.25,4,L0(s)|L1(lst) / L0(s)|L1(s),3,bus_r5_flow.0:[25 edges]; bus_r3_flow.0:[35 edges] | bus_r2_flow.4:[35 edges]
139.0,N,0,0,0,6,L0(s)|L1(s)|L2(s) / L0(s)|L1(s)|L2(l),0,
139.0,E,0,4,56.29,5,L0(s)|L1(s)|L2(s) / L0(s)|L1(ls),1,bus_r3_flow.2:[35 edges]
139.0,S,0,1,59.96,6,L0(rs)|L1(s)|L2(lt) / L0(s)|L1(s)|L2(s),1,bus_r1_flow.5:[21 edges]
140.0,W,0,6,30.51,4,L0(s)|L1(lst) / L0(s)|L1(s),3,bus_r5_flow.0:[25 edges]; bus_r3_flow.0:[35 edges] | bus_r2_flow.4:[35 edges]
140.0,N,0,0,0,6,L0(s)|L1(s)|L2(s) / L0(s)|L1(s)|L2(l),0,
140.0,E,0,6,50.62,5,L0(s)|L1(s)|L2(s) / L0(s)|L1(ls),3,bus_r3_flow.2:[35 edges] | bus_r2_flow.1:[35 edges]; bus_r2_flow.2:[35 edges]
140.0,S,0,1,59.91,6,L0(rs)|L1(s)|L2(lt) / L0(s)|L1(s)|L2(s),1,bus_r1_flow.5:[21 edges]
141.0,W,0,4,46.46,4,L0(s)|L1(lst) / L0(s)|L1(s),2,bus_r5_flow.0:[25 edges]; bus_r3_flow.0:[35 edges]
141.0,N,0,0,0,6,L0(s)|L1(s)|L2(s) / L0(s)|L1(s)|L2(l),0,
141.0,E,0,5,51.06,5,L0(s)|L1(s)|L2(s) / L0(s)|L1(ls),2,bus_r2_flow.1:[35 edges]; bus_r2_flow.2:[35 edges]
141.0,S,0,1,59.72,6,L0(rs)|L1(s)|L2(lt) / L0(s)|L1(s)|L2(s),1,bus_r1_flow.5:[21 edges]
142.0,W,0,4,46.89,4,L0(s)|L1(lst) / L0(s)|L1(s),3,bus_r3_flow.1:[35 edges]; bus_r5_flow.0:[25 edges]; bus_r3_flow.0:[35 edges]
142.0,N,0,0,0,6,L0(s)|L1(s)|L2(s) / L0(s)|L1(s)|L2(l),0,
142.0,E,0,5,51.87,5,L0(s)|L1(s)|L2(s) / L0(s)|L1(ls),2,bus_r2_flow.1:[35 edges]; bus_r2_flow.2:[35 edges]
142.0,S,0,1,59.91,6,L0(rs)|L1(s)|L2(lt) / L0(s)|L1(s)|L2(s),1,bus_r1_flow.5:[21 edges]
143.0,W,0,6,36.36,4,L0(s)|L1(lst) / L0(s)|L1(s),4,bus_r3_flow.1:[35 edges]; bus_r5_flow.0:[25 edges]; bus_r3_flow.2:[35 edges]; bus_r3_flow.0:[35 edges]
143.0,N,0,0,0,6,L0(s)|L1(s)|L2(s) / L0(s)|L1(s)|L2(l),0,
143.0,E,0,7,50.14,5,L0(s)|L1(s)|L2(s) / L0(s)|L1(ls),3,bus_r2_flow.1:[35 edges]; bus_r2_flow.3:[35 edges]; bus_r2_flow.2:[35 edges]
143.0,S,0,1,59.73,6,L0(rs)|L1(s)|L2(lt) / L0(s)|L1(s)|L2(s),1,bus_r1_flow.5:[21 edges]
144.0,W,0,6,37.34,4,L0(s)|L1(lst) / L0(s)|L1(s),4,bus_r3_flow.1:[35 edges]; bus_r5_flow.0:[25 edges]; bus_r3_flow.2:[35 edges]; bus_r3_flow.0:[35 edges]
144.0,N,0,1,95.85,6,L0(s)|L1(s)|L2(s) / L0(s)|L1(s)|L2(l),0,
144.0,E,0,7,48.23,5,L0(s)|L1(s)|L2(s) / L0(s)|L1(ls),3,bus_r2_flow.1:[35 edges]; bus_r2_flow.3:[35 edges]; bus_r2_flow.2:[35 edges]
144.0,S,0,1,59.81,6,L0(rs)|L1(s)|L2(lt) / L0(s)|L1(s)|L2(s),1,bus_r1_flow.5:[21 edges]
145.0,W,0,5,40.12,4,L0(s)|L1(lst) / L0(s)|L1(s),3,bus_r3_flow.1:[35 edges]; bus_r5_flow.0:[25 edges]; bus_r3_flow.2:[35 edges]
145.0,N,0,1,97.23,6,L0(s)|L1(s)|L2(s) / L0(s)|L1(s)|L2(l),0,
145.0,E,0,6,50.13,5,L0(s)|L1(s)|L2(s) / L0(s)|L1(ls),4,bus_r2_flow.4:[35 edges]; bus_r2_flow.1:[35 edges]; bus_r2_flow.3:[35 edges]; bus_r2_flow.2:[35 edges]
145.0,S,0,1,59.83,6,L0(rs)|L1(s)|L2(lt) / L0(s)|L1(s)|L2(s),1,bus_r1_flow.5:[21 edges]
146.0,W,0,4,39.3,4,L0(s)|L1(lst) / L0(s)|L1(s),2,bus_r3_flow.1:[35 edges]; bus_r3_flow.2:[35 edges]
146.0,N,0,1,95.21,6,L0(s)|L1(s)|L2(s) / L0(s)|L1(s)|L2(l),0,
146.0,E,0,6,50.09,5,L0(s)|L1(s)|L2(s) / L0(s)|L1(ls),4,bus_r2_flow.4:[35 edges]; bus_r2_flow.1:[35 edges]; bus_r2_flow.3:[35 edges]; bus_r2_flow.2:[35 edges]
146.0,S,0,1,59.82,6,L0(rs)|L1(s)|L2(lt) / L0(s)|L1(s)|L2(s),1,bus_r1_flow.5:[21 edges]
147.0,W,0,4,40.76,4,L0(s)|L1(lst) / L0(s)|L1(s),2,bus_r3_flow.1:[35 edges]; bus_r3_flow.2:[35 edges]
147.0,N,0,2,79.03,6,L0(s)|L1(s)|L2(s) / L0(s)|L1(s)|L2(l),0,
147.0,E,0,6,51.6,5,L0(s)|L1(s)|L2(s) / L0(s)|L1(ls),4,bus_r2_flow.4:[35 edges]; bus_r2_flow.1:[35 edges]; bus_r2_flow.3:[35 edges]; bus_r2_flow.2:[35 edges]
147.0,S,0,1,59.78,6,L0(rs)|L1(s)|L2(lt) / L0(s)|L1(s)|L2(s),1,bus_r1_flow.5:[21 edges]
148.0,W,0,2,48.74,4,L0(s)|L1(lst) / L0(s)|L1(s),1,bus_r3_flow.2:[35 edges]
148.0,N,0,2,77.86,6,L0(s)|L1(s)|L2(s) / L0(s)|L1(s)|L2(l),0,
148.0,E,0,6,52.65,5,L0(s)|L1(s)|L2(s) / L0(s)|L1(ls),4,bus_r2_flow.4:[35 edges]; bus_r2_flow.1:[35 edges]; bus_r2_flow.3:[35 edges]; bus_r2_flow.2:[35 edges]
148.0,S,0,1,59.74,6,L0(rs)|L1(s)|L2(lt) / L0(s)|L1(s)|L2(s),1,bus_r1_flow.5:[21 edges]
149.0,W,0,3,51.3,4,L0(s)|L1(lst) / L0(s)|L1(s),2,bus_r3_flow.2:[35 edges] | bus_r2_flow.5:[35 edges]
149.0,N,0,1,88.89,6,L0(s)|L1(s)|L2(s) / L0(s)|L1(s)|L2(l),0,
149.0,E,0,6,53.81,5,L0(s)|L1(s)|L2(s) / L0(s)|L1(ls),4,bus_r2_flow.4:[35 edges]; bus_r2_flow.1:[35 edges]; bus_r2_flow.3:[35 edges]; bus_r2_flow.2:[35 edges]
149.0,S,0,1,60.0,6,L0(rs)|L1(s)|L2(lt) / L0(s)|L1(s)|L2(s),1,bus_r1_flow.5:[21 edges]
150.0,W,0,1,59.94,4,L0(s)|L1(lst) / L0(s)|L1(s),1,bus_r2_flow.5:[35 edges]
150.0,N,0,1,90.01,6,L0(s)|L1(s)|L2(s) / L0(s)|L1(s)|L2(l),0,
150.0,E,0,6,55.06,5,L0(s)|L1(s)|L2(s) / L0(s)|L1(ls),4,bus_r2_flow.4:[35 edges]; bus_r2_flow.1:[35 edges]; bus_r2_flow.3:[35 edges]; bus_r2_flow.2:[35 edges]
150.0,S,0,2,53.41,6,L0(rs)|L1(s)|L2(lt) / L0(s)|L1(s)|L2(s),1,bus_r1_flow.5:[21 edges]
151.0,W,0,1,59.75,4,L0(s)|L1(lst) / L0(s)|L1(s),1,bus_r2_flow.5:[35 edges]
151.0,N,0,1,91.23,6,L0(s)|L1(s)|L2(s) / L0(s)|L1(s)|L2(l),0,
151.0,E,0,6,56.4,5,L0(s)|L1(s)|L2(s) / L0(s)|L1(ls),4,bus_r2_flow.4:[35 edges]; bus_r2_flow.1:[35 edges]; bus_r2_flow.3:[35 edges]; bus_r2_flow.2:[35 edges]
151.0,S,0,2,52.49,6,L0(rs)|L1(s)|L2(lt) / L0(s)|L1(s)|L2(s),1,bus_r1_flow.5:[21 edges]
152.0,W,0,1,59.95,4,L0(s)|L1(lst) / L0(s)|L1(s),1,bus_r2_flow.5:[35 edges]
152.0,N,0,1,92.74,6,L0(s)|L1(s)|L2(s) / L0(s)|L1(s)|L2(l),0,
152.0,E,0,6,56.18,5,L0(s)|L1(s)|L2(s) / L0(s)|L1(ls),4,bus_r2_flow.4:[35 edges]; bus_r2_flow.1:[35 edges]; bus_r2_flow.3:[35 edges]; bus_r2_flow.2:[35 edges]
152.0,S,0,2,55.32,6,L0(rs)|L1(s)|L2(lt) / L0(s)|L1(s)|L2(s),0,
153.0,W,0,0,0,4,L0(s)|L1(lst) / L0(s)|L1(s),0,
153.0,N,0,1,93.59,6,L0(s)|L1(s)|L2(s) / L0(s)|L1(s)|L2(l),0,
153.0,E,0,5,54.7,5,L0(s)|L1(s)|L2(s) / L0(s)|L1(ls),3,bus_r2_flow.4:[35 edges]; bus_r2_flow.1:[35 edges]; bus_r2_flow.3:[35 edges]
153.0,S,0,2,56.42,6,L0(rs)|L1(s)|L2(lt) / L0(s)|L1(s)|L2(s),0,
154.0,W,0,1,60.65,4,L0(s)|L1(lst) / L0(s)|L1(s),0,
154.0,N,0,0,0,6,L0(s)|L1(s)|L2(s) / L0(s)|L1(s)|L2(l),0,
154.0,E,0,5,50.19,5,L0(s)|L1(s)|L2(s) / L0(s)|L1(ls),3,bus_r2_flow.4:[35 edges]; bus_r2_flow.1:[35 edges]; bus_r2_flow.3:[35 edges]
154.0,S,0,2,55.91,6,L0(rs)|L1(s)|L2(lt) / L0(s)|L1(s)|L2(s),0,
155.0,W,0,1,60.53,4,L0(s)|L1(lst) / L0(s)|L1(s),0,
155.0,N,0,0,0,6,L0(s)|L1(s)|L2(s) / L0(s)|L1(s)|L2(l),0,
155.0,E,0,6,46.33,5,L0(s)|L1(s)|L2(s) / L0(s)|L1(ls),4,bus_r2_flow.5:[35 edges]; bus_r2_flow.4:[35 edges]; bus_r2_flow.1:[35 edges]; bus_r2_flow.3:[35 edges]
155.0,S,0,2,57.0,6,L0(rs)|L1(s)|L2(lt) / L0(s)|L1(s)|L2(s),0,
156.0,W,0,1,60.4,4,L0(s)|L1(lst) / L0(s)|L1(s),0,
156.0,N,0,1,94.19,6,L0(s)|L1(s)|L2(s) / L0(s)|L1(s)|L2(l),0,
156.0,E,1,6,41.5,5,L0(s)|L1(s)|L2(s) / L0(s)|L1(ls),4,bus_r2_flow.5:[35 edges]; bus_r2_flow.4:[35 edges]; bus_r2_flow.1:[35 edges]; bus_r2_flow.3:[35 edges]
156.0,S,0,2,57.03,6,L0(rs)|L1(s)|L2(lt) / L0(s)|L1(s)|L2(s),0,
157.0,W,0,1,60.43,4,L0(s)|L1(lst) / L0(s)|L1(s),0,
157.0,N,0,1,95.34,6,L0(s)|L1(s)|L2(s) / L0(s)|L1(s)|L2(l),0,
157.0,E,1,6,38.07,5,L0(s)|L1(s)|L2(s) / L0(s)|L1(ls),4,bus_r2_flow.5:[35 edges]; bus_r2_flow.4:[35 edges]; bus_r2_flow.1:[35 edges]; bus_r2_flow.3:[35 edges]
157.0,S,0,2,57.43,6,L0(rs)|L1(s)|L2(lt) / L0(s)|L1(s)|L2(s),0,
158.0,W,0,0,0,4,L0(s)|L1(lst) / L0(s)|L1(s),0,
158.0,N,0,3,87.4,6,L0(s)|L1(s)|L2(s) / L0(s)|L1(s)|L2(l),1,bus_r0_flow.2:[21 edges]
158.0,E,2,6,35.58,5,L0(s)|L1(s)|L2(s) / L0(s)|L1(ls),4,bus_r2_flow.5:[35 edges]; bus_r2_flow.4:[35 edges]; bus_r2_flow.1:[35 edges]; bus_r2_flow.3:[35 edges]
158.0,S,0,2,57.91,6,L0(rs)|L1(s)|L2(lt) / L0(s)|L1(s)|L2(s),0,
159.0,W,0,0,0,4,L0(s)|L1(lst) / L0(s)|L1(s),0,
159.0,N,0,3,80.18,6,L0(s)|L1(s)|L2(s) / L0(s)|L1(s)|L2(l),1,bus_r0_flow.2:[21 edges]
159.0,E,3,6,35.19,5,L0(s)|L1(s)|L2(s) / L0(s)|L1(ls),4,bus_r2_flow.5:[35 edges]; bus_r2_flow.4:[35 edges]; bus_r2_flow.1:[35 edges]; bus_r2_flow.3:[35 edges]
159.0,S,0,3,56.81,6,L0(rs)|L1(s)|L2(lt) / L0(s)|L1(s)|L2(s),1,bus_r1_flow.6:[21 edges]
160.0,W,0,0,0,4,L0(s)|L1(lst) / L0(s)|L1(s),0,
160.0,N,0,4,78.53,6,L0(s)|L1(s)|L2(s) / L0(s)|L1(s)|L2(l),1,bus_r0_flow.2:[21 edges]
160.0,E,4,7,38.76,5,L0(s)|L1(s)|L2(s) / L0(s)|L1(ls),4,bus_r2_flow.5:[35 edges]; bus_r2_flow.4:[35 edges]; bus_r2_flow.1:[35 edges]; bus_r2_flow.3:[35 edges]
160.0,S,0,3,56.56,6,L0(rs)|L1(s)|L2(lt) / L0(s)|L1(s)|L2(s),1,bus_r1_flow.6:[21 edges]
161.0,W,0,1,57.38,4,L0(s)|L1(lst) / L0(s)|L1(s),0,
161.0,N,0,4,75.44,6,L0(s)|L1(s)|L2(s) / L0(s)|L1(s)|L2(l),1,bus_r0_flow.2:[21 edges]
161.0,E,5,7,38.34,5,L0(s)|L1(s)|L2(s) / L0(s)|L1(ls),4,bus_r2_flow.5:[35 edges]; bus_r2_flow.4:[35 edges]; bus_r2_flow.1:[35 edges]; bus_r2_flow.3:[35 edges]
161.0,S,0,3,56.42,6,L0(rs)|L1(s)|L2(lt) / L0(s)|L1(s)|L2(s),1,bus_r1_flow.6:[21 edges]
162.0,W,0,1,58.13,4,L0(s)|L1(lst) / L0(s)|L1(s),0,
162.0,N,0,4,68.4,6,L0(s)|L1(s)|L2(s) / L0(s)|L1(s)|L2(l),1,bus_r0_flow.2:[21 edges]
162.0,E,5,7,37.21,5,L0(s)|L1(s)|L2(s) / L0(s)|L1(ls),4,bus_r2_flow.4:[35 edges]; bus_r2_flow.1:[35 edges]; bus_r2_flow.5:[35 edges]; bus_r2_flow.3:[35 edges]
162.0,S,0,3,57.22,6,L0(rs)|L1(s)|L2(lt) / L0(s)|L1(s)|L2(s),1,bus_r1_flow.6:[21 edges]
163.0,W,0,1,57.26,4,L0(s)|L1(lst) / L0(s)|L1(s),0,
163.0,N,0,4,67.02,6,L0(s)|L1(s)|L2(s) / L0(s)|L1(s)|L2(l),2,bus_r0_flow.2:[21 edges]; bus_r0_flow.3:[21 edges]
163.0,E,5,7,37.56,5,L0(s)|L1(s)|L2(s) / L0(s)|L1(ls),4,bus_r2_flow.4:[35 edges]; bus_r2_flow.1:[35 edges]; bus_r2_flow.5:[35 edges]; bus_r2_flow.3:[35 edges]
163.0,S,0,3,57.21,6,L0(rs)|L1(s)|L2(lt) / L0(s)|L1(s)|L2(s),1,bus_r1_flow.6:[21 edges]
164.0,W,0,1,57.28,4,L0(s)|L1(lst) / L0(s)|L1(s),0,
164.0,N,1,3,74.26,6,L0(s)|L1(s)|L2(s) / L0(s)|L1(s)|L2(l),1,bus_r0_flow.3:[21 edges]
164.0,E,5,7,36.5,5,L0(s)|L1(s)|L2(s) / L0(s)|L1(ls),4,bus_r2_flow.4:[35 edges]; bus_r2_flow.1:[35 edges]; bus_r2_flow.5:[35 edges]; bus_r2_flow.3:[35 edges]
164.0,S,0,3,56.34,6,L0(rs)|L1(s)|L2(lt) / L0(s)|L1(s)|L2(s),1,bus_r1_flow.6:[21 edges]
165.0,W,0,1,56.53,4,L0(s)|L1(lst) / L0(s)|L1(s),0,
165.0,N,1,3,72.4,6,L0(s)|L1(s)|L2(s) / L0(s)|L1(s)|L2(l),1,bus_r0_flow.3:[21 edges]
165.0,E,5,7,35.36,5,L0(s)|L1(s)|L2(s) / L0(s)|L1(ls),4,bus_r2_flow.4:[35 edges]; bus_r2_flow.1:[35 edges]; bus_r2_flow.5:[35 edges]; bus_r2_flow.3:[35 edges]
165.0,S,0,3,54.45,6,L0(rs)|L1(s)|L2(lt) / L0(s)|L1(s)|L2(s),1,bus_r1_flow.6:[21 edges]
166.0,W,0,0,0,4,L0(s)|L1(lst) / L0(s)|L1(s),0,
166.0,N,1,4,72.14,6,L0(s)|L1(s)|L2(s) / L0(s)|L1(s)|L2(l),2,bus_r0_flow.4:[21 edges]; bus_r0_flow.3:[21 edges]
166.0,E,5,7,33.63,5,L0(s)|L1(s)|L2(s) / L0(s)|L1(ls),4,bus_r2_flow.4:[35 edges]; bus_r2_flow.1:[35 edges]; bus_r2_flow.5:[35 edges]; bus_r2_flow.3:[35 edges]
166.0,S,0,3,50.7,6,L0(rs)|L1(s)|L2(lt) / L0(s)|L1(s)|L2(s),1,bus_r1_flow.6:[21 edges]
167.0,W,0,0,0,4,L0(s)|L1(lst) / L0(s)|L1(s),0,
167.0,N,2,4,69.42,6,L0(s)|L1(s)|L2(s) / L0(s)|L1(s)|L2(l),2,bus_r0_flow.4:[21 edges]; bus_r0_flow.3:[21 edges]
167.0,E,5,7,32.47,5,L0(s)|L1(s)|L2(s) / L0(s)|L1(ls),4,bus_r2_flow.4:[35 edges]; bus_r2_flow.1:[35 edges]; bus_r2_flow.5:[35 edges]; bus_r2_flow.3:[35 edges]
167.0,S,0,3,46.77,6,L0(rs)|L1(s)|L2(lt) / L0(s)|L1(s)|L2(s),1,bus_r1_flow.6:[21 edges]
168.0,W,0,0,0,4,L0(s)|L1(lst) / L0(s)|L1(s),0,
168.0,N,2,4,66.83,6,L0(s)|L1(s)|L2(s) / L0(s)|L1(s)|L2(l),2,bus_r0_flow.4:[21 edges]; bus_r0_flow.3:[21 edges]
168.0,E,6,7,31.31,5,L0(s)|L1(s)|L2(s) / L0(s)|L1(ls),4,bus_r2_flow.4:[35 edges]; bus_r2_flow.1:[35 edges]; bus_r2_flow.5:[35 edges]; bus_r2_flow.3:[35 edges]
168.0,S,0,3,47.6,6,L0(rs)|L1(s)|L2(lt) / L0(s)|L1(s)|L2(s),1,bus_r1_flow.6:[21 edges]
169.0,W,0,0,0,4,L0(s)|L1(lst) / L0(s)|L1(s),0,
169.0,N,2,4,64.24,6,L0(s)|L1(s)|L2(s) / L0(s)|L1(s)|L2(l),2,bus_r0_flow.4:[21 edges]; bus_r0_flow.3:[21 edges]
169.0,E,6,7,30.46,5,L0(s)|L1(s)|L2(s) / L0(s)|L1(ls),4,bus_r2_flow.4:[35 edges]; bus_r2_flow.1:[35 edges]; bus_r2_flow.5:[35 edges]; bus_r2_flow.3:[35 edges]
169.0,S,0,3,48.56,6,L0(rs)|L1(s)|L2(lt) / L0(s)|L1(s)|L2(s),1,bus_r1_flow.6:[21 edges]
170.0,W,0,0,0,4,L0(s)|L1(lst) / L0(s)|L1(s),0,
170.0,N,2,5,57.46,6,L0(s)|L1(s)|L2(s) / L0(s)|L1(s)|L2(l),3,bus_r0_flow.4:[21 edges]; bus_r0_flow.3:[21 edges]; bus_r4_flow.0:[44 edges]
170.0,E,6,7,30.12,5,L0(s)|L1(s)|L2(s) / L0(s)|L1(ls),4,bus_r2_flow.4:[35 edges]; bus_r2_flow.1:[35 edges]; bus_r2_flow.5:[35 edges]; bus_r2_flow.3:[35 edges]
170.0,S,0,2,54.21,6,L0(rs)|L1(s)|L2(lt) / L0(s)|L1(s)|L2(s),1,bus_r1_flow.6:[21 edges]
171.0,W,0,0,0,4,L0(s)|L1(lst) / L0(s)|L1(s),0,
171.0,N,3,5,57.84,6,L0(s)|L1(s)|L2(s) / L0(s)|L1(s)|L2(l),3,bus_r0_flow.4:[21 edges]; bus_r0_flow.3:[21 edges]; bus_r4_flow.0:[44 edges]
171.0,E,7,7,30.01,5,L0(s)|L1(s)|L2(s) / L0(s)|L1(ls),4,bus_r2_flow.4:[35 edges]; bus_r2_flow.1:[35 edges]; bus_r2_flow.5:[35 edges]; bus_r2_flow.3:[35 edges]
171.0,S,0,2,53.25,6,L0(rs)|L1(s)|L2(lt) / L0(s)|L1(s)|L2(s),1,bus_r1_flow.6:[21 edges]
172.0,W,0,0,0,4,L0(s)|L1(lst) / L0(s)|L1(s),0,
172.0,N,3,5,57.82,6,L0(s)|L1(s)|L2(s) / L0(s)|L1(s)|L2(l),3,bus_r0_flow.4:[21 edges]; bus_r0_flow.3:[21 edges]; bus_r4_flow.0:[44 edges]
172.0,E,7,7,30.01,5,L0(s)|L1(s)|L2(s) / L0(s)|L1(ls),4,bus_r2_flow.4:[35 edges]; bus_r2_flow.1:[35 edges]; bus_r2_flow.5:[35 edges]; bus_r2_flow.3:[35 edges]
172.0,S,0,2,52.01,6,L0(rs)|L1(s)|L2(lt) / L0(s)|L1(s)|L2(s),1,bus_r1_flow.6:[21 edges]
173.0,W,0,0,0,4,L0(s)|L1(lst) / L0(s)|L1(s),0,
173.0,N,3,5,55.89,6,L0(s)|L1(s)|L2(s) / L0(s)|L1(s)|L2(l),3,bus_r0_flow.4:[21 edges]; bus_r0_flow.3:[21 edges]; bus_r4_flow.0:[44 edges]
173.0,E,7,7,30.01,5,L0(s)|L1(s)|L2(s) / L0(s)|L1(ls),4,bus_r2_flow.4:[35 edges]; bus_r2_flow.1:[35 edges]; bus_r2_flow.5:[35 edges]; bus_r2_flow.3:[35 edges]
173.0,S,1,2,49.84,6,L0(rs)|L1(s)|L2(lt) / L0(s)|L1(s)|L2(s),1,bus_r1_flow.6:[21 edges]
174.0,W,0,0,0,4,L0(s)|L1(lst) / L0(s)|L1(s),0,
174.0,N,3,5,53.02,6,L0(s)|L1(s)|L2(s) / L0(s)|L1(s)|L2(l),3,bus_r0_flow.4:[21 edges]; bus_r0_flow.3:[21 edges]; bus_r4_flow.0:[44 edges]
174.0,E,7,7,30.01,5,L0(s)|L1(s)|L2(s) / L0(s)|L1(ls),4,bus_r2_flow.4:[35 edges]; bus_r2_flow.1:[35 edges]; bus_r2_flow.5:[35 edges]; bus_r2_flow.3:[35 edges]
174.0,S,1,2,49.69,6,L0(rs)|L1(s)|L2(lt) / L0(s)|L1(s)|L2(s),1,bus_r1_flow.6:[21 edges]
175.0,W,0,0,0,4,L0(s)|L1(lst) / L0(s)|L1(s),0,
175.0,N,4,5,51.45,6,L0(s)|L1(s)|L2(s) / L0(s)|L1(s)|L2(l),3,bus_r0_flow.4:[21 edges]; bus_r0_flow.3:[21 edges]; bus_r4_flow.0:[44 edges]
175.0,E,7,7,30.01,5,L0(s)|L1(s)|L2(s) / L0(s)|L1(ls),4,bus_r2_flow.4:[35 edges]; bus_r2_flow.1:[35 edges]; bus_r2_flow.5:[35 edges]; bus_r2_flow.3:[35 edges]
175.0,S,1,2,49.58,6,L0(rs)|L1(s)|L2(lt) / L0(s)|L1(s)|L2(s),1,bus_r1_flow.6:[21 edges]
176.0,W,0,0,0,4,L0(s)|L1(lst) / L0(s)|L1(s),0,
176.0,N,4,5,50.06,6,L0(s)|L1(s)|L2(s) / L0(s)|L1(s)|L2(l),3,bus_r0_flow.4:[21 edges]; bus_r0_flow.3:[21 edges]; bus_r4_flow.0:[44 edges]
176.0,E,7,7,30.01,5,L0(s)|L1(s)|L2(s) / L0(s)|L1(ls),4,bus_r2_flow.4:[35 edges]; bus_r2_flow.1:[35 edges]; bus_r2_flow.5:[35 edges]; bus_r2_flow.3:[35 edges]
176.0,S,1,2,49.4,6,L0(rs)|L1(s)|L2(lt) / L0(s)|L1(s)|L2(s),1,bus_r1_flow.6:[21 edges]
177.0,W,0,0,0,4,L0(s)|L1(lst) / L0(s)|L1(s),0,
177.0,N,5,5,50.04,6,L0(s)|L1(s)|L2(s) / L0(s)|L1(s)|L2(l),3,bus_r0_flow.4:[21 edges]; bus_r0_flow.3:[21 edges]; bus_r4_flow.0:[44 edges]
177.0,E,7,7,30.01,5,L0(s)|L1(s)|L2(s) / L0(s)|L1(ls),4,bus_r2_flow.4:[35 edges]; bus_r2_flow.1:[35 edges]; bus_r2_flow.5:[35 edges]; bus_r2_flow.3:[35 edges]
177.0,S,1,2,49.45,6,L0(rs)|L1(s)|L2(lt) / L0(s)|L1(s)|L2(s),1,bus_r1_flow.6:[21 edges]
178.0,W,0,0,0,4,L0(s)|L1(lst) / L0(s)|L1(s),0,
178.0,N,5,5,50.01,6,L0(s)|L1(s)|L2(s) / L0(s)|L1(s)|L2(l),3,bus_r0_flow.4:[21 edges]; bus_r0_flow.3:[21 edges]; bus_r4_flow.0:[44 edges]
178.0,E,7,7,30.01,5,L0(s)|L1(s)|L2(s) / L0(s)|L1(ls),4,bus_r2_flow.4:[35 edges]; bus_r2_flow.1:[35 edges]; bus_r2_flow.5:[35 edges]; bus_r2_flow.3:[35 edges]
178.0,S,1,2,49.42,6,L0(rs)|L1(s)|L2(lt) / L0(s)|L1(s)|L2(s),1,bus_r1_flow.6:[21 edges]
179.0,W,0,0,0,4,L0(s)|L1(lst) / L0(s)|L1(s),0,
179.0,N,5,5,50.0,6,L0(s)|L1(s)|L2(s) / L0(s)|L1(s)|L2(l),3,bus_r0_flow.4:[21 edges]; bus_r0_flow.3:[21 edges]; bus_r4_flow.0:[44 edges]
179.0,E,7,7,30.01,5,L0(s)|L1(s)|L2(s) / L0(s)|L1(ls),4,bus_r2_flow.4:[35 edges]; bus_r2_flow.1:[35 edges]; bus_r2_flow.5:[35 edges]; bus_r2_flow.3:[35 edges]
179.0,S,1,3,51.53,6,L0(rs)|L1(s)|L2(lt) / L0(s)|L1(s)|L2(s),2,bus_r1_flow.7:[21 edges]; bus_r1_flow.6:[21 edges]
180.0,W,0,0,0,4,L0(s)|L1(lst) / L0(s)|L1(s),0,
180.0,N,5,6,54.87,6,L0(s)|L1(s)|L2(s) / L0(s)|L1(s)|L2(l),4,bus_r0_flow.4:[21 edges]; bus_r0_flow.3:[21 edges]; bus_r4_flow.1:[44 edges]; bus_r4_flow.0:[44 edges]
180.0,E,7,7,30.01,5,L0(s)|L1(s)|L2(s) / L0(s)|L1(ls),4,bus_r2_flow.4:[35 edges]; bus_r2_flow.1:[35 edges]; bus_r2_flow.5:[35 edges]; bus_r2_flow.3:[35 edges]
180.0,S,1,3,49.35,6,L0(rs)|L1(s)|L2(lt) / L0(s)|L1(s)|L2(s),2,bus_r1_flow.7:[21 edges]; bus_r1_flow.6:[21 edges]
181.0,W,0,0,0,4,L0(s)|L1(lst) / L0(s)|L1(s),0,
181.0,N,5,6,54.98,6,L0(s)|L1(s)|L2(s) / L0(s)|L1(s)|L2(l),4,bus_r0_flow.4:[21 edges]; bus_r0_flow.3:[21 edges]; bus_r4_flow.1:[44 edges]; bus_r4_flow.0:[44 edges]
181.0,E,7,7,30.01,5,L0(s)|L1(s)|L2(s) / L0(s)|L1(ls),4,bus_r2_flow.4:[35 edges]; bus_r2_flow.1:[35 edges]; bus_r2_flow.5:[35 edges]; bus_r2_flow.3:[35 edges]
181.0,S,1,3,47.94,6,L0(rs)|L1(s)|L2(lt) / L0(s)|L1(s)|L2(s),2,bus_r1_flow.7:[21 edges]; bus_r1_flow.6:[21 edges]
182.0,W,0,0,0,4,L0(s)|L1(lst) / L0(s)|L1(s),0,
182.0,N,2,6,55.3,6,L0(s)|L1(s)|L2(s) / L0(s)|L1(s)|L2(l),4,bus_r0_flow.4:[21 edges]; bus_r0_flow.3:[21 edges]; bus_r4_flow.1:[44 edges]; bus_r4_flow.0:[44 edges]
182.0,E,7,7,30.01,5,L0(s)|L1(s)|L2(s) / L0(s)|L1(ls),4,bus_r2_flow.4:[35 edges]; bus_r2_flow.1:[35 edges]; bus_r2_flow.5:[35 edges]; bus_r2_flow.3:[35 edges]
182.0,S,0,3,46.31,6,L0(rs)|L1(s)|L2(lt) / L0(s)|L1(s)|L2(s),2,bus_r1_flow.7:[21 edges]; bus_r1_flow.6:[21 edges]
183.0,W,0,0,0,4,L0(s)|L1(lst) / L0(s)|L1(s),0,
183.0,N,0,5,55.72,6,L0(s)|L1(s)|L2(s) / L0(s)|L1(s)|L2(l),4,bus_r0_flow.4:[21 edges]; bus_r0_flow.3:[21 edges]; bus_r4_flow.1:[44 edges]; bus_r4_flow.0:[44 edges]
183.0,E,5,7,30.31,5,L0(s)|L1(s)|L2(s) / L0(s)|L1(ls),4,bus_r2_flow.4:[35 edges]; bus_r2_flow.1:[35 edges]; bus_r2_flow.5:[35 edges]; bus_r2_flow.3:[35 edges]
183.0,S,0,3,45.9,6,L0(rs)|L1(s)|L2(lt) / L0(s)|L1(s)|L2(s),2,bus_r1_flow.7:[21 edges]; bus_r1_flow.6:[21 edges]
184.0,W,0,0,0,4,L0(s)|L1(lst) / L0(s)|L1(s),0,
184.0,N,0,4,55.19,6,L0(s)|L1(s)|L2(s) / L0(s)|L1(s)|L2(l),4,bus_r0_flow.4:[21 edges]; bus_r0_flow.3:[21 edges]; bus_r4_flow.1:[44 edges]; bus_r4_flow.0:[44 edges]
184.0,E,3,5,30.35,5,L0(s)|L1(s)|L2(s) / L0(s)|L1(ls),2,bus_r2_flow.4:[35 edges]; bus_r2_flow.5:[35 edges]
184.0,S,0,3,46.54,6,L0(rs)|L1(s)|L2(lt) / L0(s)|L1(s)|L2(s),2,bus_r1_flow.7:[21 edges]; bus_r1_flow.6:[21 edges]
185.0,W,0,0,0,4,L0(s)|L1(lst) / L0(s)|L1(s),0,
185.0,N,0,5,60.02,6,L0(s)|L1(s)|L2(s) / L0(s)|L1(s)|L2(l),5,bus_r0_flow.4:[21 edges]; bus_r0_flow.5:[21 edges]; bus_r0_flow.3:[21 edges]; bus_r4_flow.1:[44 edges]; bus_r4_flow.0:[44 edges]
185.0,E,1,5,31.1,5,L0(s)|L1(s)|L2(s) / L0(s)|L1(ls),2,bus_r2_flow.4:[35 edges]; bus_r2_flow.5:[35 edges]
185.0,S,0,4,46.5,6,L0(rs)|L1(s)|L2(lt) / L0(s)|L1(s)|L2(s),2,bus_r1_flow.7:[21 edges]; bus_r1_flow.6:[21 edges]
186.0,W,0,0,0,4,L0(s)|L1(lst) / L0(s)|L1(s),0,
186.0,N,0,5,60.46,6,L0(s)|L1(s)|L2(s) / L0(s)|L1(s)|L2(l),5,bus_r0_flow.4:[21 edges]; bus_r0_flow.5:[21 edges]; bus_r0_flow.3:[21 edges]; bus_r4_flow.1:[44 edges]; bus_r4_flow.0:[44 edges]
186.0,E,0,5,31.92,5,L0(s)|L1(s)|L2(s) / L0(s)|L1(ls),2,bus_r2_flow.4:[35 edges]; bus_r2_flow.5:[35 edges]
186.0,S,0,5,44.44,6,L0(rs)|L1(s)|L2(lt) / L0(s)|L1(s)|L2(s),2,bus_r1_flow.7:[21 edges]; bus_r1_flow.6:[21 edges]
187.0,W,0,0,0,4,L0(s)|L1(lst) / L0(s)|L1(s),0,
187.0,N,0,4,68.65,6,L0(s)|L1(s)|L2(s) / L0(s)|L1(s)|L2(l),4,bus_r0_flow.5:[21 edges]; bus_r0_flow.3:[21 edges]; bus_r4_flow.1:[44 edges]; bus_r4_flow.0:[44 edges]
187.0,E,0,6,30.93,5,L0(s)|L1(s)|L2(s) / L0(s)|L1(ls),2,bus_r2_flow.4:[35 edges]; bus_r2_flow.5:[35 edges]
187.0,S,0,5,50.05,6,L0(rs)|L1(s)|L2(lt) / L0(s)|L1(s)|L2(s),1,bus_r1_flow.7:[21 edges]
188.0,W,0,0,0,4,L0(s)|L1(lst) / L0(s)|L1(s),0,
188.0,N,0,4,49.85,6,L0(s)|L1(s)|L2(s) / L0(s)|L1(s)|L2(l),4,bus_r0_flow.5:[21 edges]; bus_r4_flow.1:[44 edges] | bus_r1_flow.4:[21 edges]; bus_r1_flow.5:[21 edges]
188.0,E,0,6,32.77,5,L0(s)|L1(s)|L2(s) / L0(s)|L1(ls),2,bus_r2_flow.4:[35 edges]; bus_r2_flow.5:[35 edges]
188.0,S,0,6,54.12,6,L0(rs)|L1(s)|L2(lt) / L0(s)|L1(s)|L2(s),1,bus_r1_flow.7:[21 edges]
189.0,W,0,0,0,4,L0(s)|L1(lst) / L0(s)|L1(s),0,
189.0,N,0,4,50.66,6,L0(s)|L1(s)|L2(s) / L0(s)|L1(s)|L2(l),4,bus_r0_flow.5:[21 edges]; bus_r4_flow.1:[44 edges] | bus_r1_flow.4:[21 edges]; bus_r1_flow.5:[21 edges]
189.0,E,0,6,34.96,5,L0(s)|L1(s)|L2(s) / L0(s)|L1(ls),2,bus_r2_flow.4:[35 edges]; bus_r2_flow.5:[35 edges]
189.0,S,0,7,54.41,6,L0(rs)|L1(s)|L2(lt) / L0(s)|L1(s)|L2(s),2,bus_r0_flow.2:[21 edges] | bus_r1_flow.7:[21 edges]
190.0,W,0,0,0,4,L0(s)|L1(lst) / L0(s)|L1(s),0,
190.0,N,0,4,50.6,6,L0(s)|L1(s)|L2(s) / L0(s)|L1(s)|L2(l),4,bus_r0_flow.5:[21 edges]; bus_r4_flow.1:[44 edges] | bus_r1_flow.4:[21 edges]; bus_r1_flow.5:[21 edges]
190.0,E,0,4,36.15,5,L0(s)|L1(s)|L2(s) / L0(s)|L1(ls),2,bus_r2_flow.4:[35 edges]; bus_r2_flow.5:[35 edges]
190.0,S,0,7,55.45,6,L0(rs)|L1(s)|L2(lt) / L0(s)|L1(s)|L2(s),2,bus_r0_flow.2:[21 edges] | bus_r1_flow.7:[21 edges]
191.0,W,0,0,0,4,L0(s)|L1(lst) / L0(s)|L1(s),0,
191.0,N,0,5,45.8,6,L0(s)|L1(s)|L2(s) / L0(s)|L1(s)|L2(l),4,bus_r0_flow.5:[21 edges]; bus_r4_flow.1:[44 edges] | bus_r1_flow.4:[21 edges]; bus_r1_flow.5:[21 edges]
191.0,E,0,6,29.5,5,L0(s)|L1(s)|L2(s) / L0(s)|L1(ls),4,bus_r3_flow.3:[35 edges]; bus_r5_flow.1:[25 edges] | bus_r2_flow.4:[35 edges]; bus_r2_flow.5:[35 edges]
191.0,S,0,7,55.04,6,L0(rs)|L1(s)|L2(lt) / L0(s)|L1(s)|L2(s),2,bus_r0_flow.2:[21 edges] | bus_r1_flow.7:[21 edges]
192.0,W,0,1,60.09,4,L0(s)|L1(lst) / L0(s)|L1(s),0,
192.0,N,0,4,57.74,6,L0(s)|L1(s)|L2(s) / L0(s)|L1(s)|L2(l),3,bus_r4_flow.1:[44 edges] | bus_r1_flow.4:[21 edges]; bus_r1_flow.5:[21 edges]
192.0,E,0,6,31.99,5,L0(s)|L1(s)|L2(s) / L0(s)|L1(ls),4,bus_r3_flow.3:[35 edges]; bus_r5_flow.1:[25 edges] | bus_r2_flow.4:[35 edges]; bus_r2_flow.5:[35 edges]
192.0,S,0,6,58.19,6,L0(rs)|L1(s)|L2(lt) / L0(s)|L1(s)|L2(s),1,bus_r0_flow.2:[21 edges]
193.0,W,0,1,60.28,4,L0(s)|L1(lst) / L0(s)|L1(s),0,
193.0,N,0,5,54.24,6,L0(s)|L1(s)|L2(s) / L0(s)|L1(s)|L2(l),4,bus_r4_flow.1:[44 edges] | bus_r1_flow.4:[21 edges]; bus_r1_flow.6:[21 edges]; bus_r1_flow.5:[21 edges]
193.0,E,0,5,41.73,5,L0(s)|L1(s)|L2(s) / L0(s)|L1(ls),3,bus_r3_flow.3:[35 edges]; bus_r5_flow.1:[25 edges]; bus_r5_flow.2:[25 edges]
193.0,S,0,8,54.56,6,L0(rs)|L1(s)|L2(lt) / L0(s)|L1(s)|L2(s),3,bus_r0_flow.4:[21 edges]; bus_r0_flow.2:[21 edges]; bus_r0_flow.3:[21 edges]
194.0,W,0,1,59.96,4,L0(s)|L1(lst) / L0(s)|L1(s),0,
194.0,N,1,5,54.44,6,L0(s)|L1(s)|L2(s) / L0(s)|L1(s)|L2(l),4,bus_r4_flow.1:[44 edges] | bus_r1_flow.6:[21 edges]; bus_r1_flow.4:[21 edges]; bus_r1_flow.5:[21 edges]
194.0,E,0,6,42.57,5,L0(s)|L1(s)|L2(s) / L0(s)|L1(ls),4,bus_r3_flow.3:[35 edges]; bus_r5_flow.4:[25 edges]; bus_r5_flow.1:[25 edges]; bus_r5_flow.2:[25 edges]
194.0,S,0,8,55.61,6,L0(rs)|L1(s)|L2(lt) / L0(s)|L1(s)|L2(s),3,bus_r0_flow.4:[21 edges]; bus_r0_flow.2:[21 edges]; bus_r0_flow.3:[21 edges]
195.0,W,0,1,57.64,4,L0(s)|L1(lst) / L0(s)|L1(s),0,
195.0,N,1,5,55.87,6,L0(s)|L1(s)|L2(s) / L0(s)|L1(s)|L2(l),4,bus_r4_flow.1:[44 edges] | bus_r1_flow.6:[21 edges]; bus_r1_flow.4:[21 edges]; bus_r1_flow.5:[21 edges]
195.0,E,0,7,43.22,5,L0(s)|L1(s)|L2(s) / L0(s)|L1(ls),5,bus_r5_flow.3:[25 edges]; bus_r3_flow.3:[35 edges]; bus_r5_flow.4:[25 edges]; bus_r5_flow.1:[25 edges]; bus_r5_flow.2:[25 edges]
195.0,S,0,9,55.41,6,L0(rs)|L1(s)|L2(lt) / L0(s)|L1(s)|L2(s),4,bus_r0_flow.4:[21 edges]; bus_r0_flow.2:[21 edges]; bus_r0_flow.5:[21 edges]; bus_r0_flow.3:[21 edges]
196.0,W,0,1,53.97,4,L0(s)|L1(lst) / L0(s)|L1(s),0,
196.0,N,1,5,55.76,6,L0(s)|L1(s)|L2(s) / L0(s)|L1(s)|L2(l),4,bus_r4_flow.1:[44 edges] | bus_r1_flow.7:[21 edges]; bus_r1_flow.6:[21 edges]; bus_r1_flow.4:[21 edges]
196.0,E,0,6,48.99,5,L0(s)|L1(s)|L2(s) / L0(s)|L1(ls),5,bus_r5_flow.3:[25 edges]; bus_r3_flow.3:[35 edges]; bus_r5_flow.4:[25 edges]; bus_r5_flow.1:[25 edges]; bus_r5_flow.2:[25 edges]
196.0,S,0,9,55.58,6,L0(rs)|L1(s)|L2(lt) / L0(s)|L1(s)|L2(s),4,bus_r0_flow.4:[21 edges]; bus_r0_flow.2:[21 edges]; bus_r0_flow.5:[21 edges]; bus_r0_flow.3:[21 edges]
197.0,W,0,0,0,4,L0(s)|L1(lst) / L0(s)|L1(s),0,
197.0,N,1,5,56.48,6,L0(s)|L1(s)|L2(s) / L0(s)|L1(s)|L2(l),4,bus_r4_flow.1:[44 edges] | bus_r1_flow.7:[21 edges]; bus_r1_flow.6:[21 edges]; bus_r1_flow.4:[21 edges]
197.0,E,0,7,47.49,5,L0(s)|L1(s)|L2(s) / L0(s)|L1(ls),6,bus_r5_flow.3:[25 edges]; bus_r3_flow.3:[35 edges]; bus_r5_flow.5:[25 edges]; bus_r5_flow.4:[25 edges]; bus_r5_flow.2:[25 edges]; bus_r5_flow.1:[25 edges]
197.0,S,0,9,52.53,6,L0(rs)|L1(s)|L2(lt) / L0(s)|L1(s)|L2(s),4,bus_r0_flow.4:[21 edges]; bus_r0_flow.2:[21 edges]; bus_r0_flow.5:[21 edges]; bus_r0_flow.3:[21 edges]
198.0,W,0,0,0,4,L0(s)|L1(lst) / L0(s)|L1(s),0,
198.0,N,0,5,57.68,6,L0(s)|L1(s)|L2(s) / L0(s)|L1(s)|L2(l),4,bus_r4_flow.1:[44 edges] | bus_r1_flow.7:[21 edges]; bus_r1_flow.6:[21 edges]; bus_r1_flow.4:[21 edges]
198.0,E,0,6,50.65,5,L0(s)|L1(s)|L2(s) / L0(s)|L1(ls),6,bus_r5_flow.3:[25 edges]; bus_r3_flow.3:[35 edges]; bus_r5_flow.5:[25 edges]; bus_r5_flow.4:[25 edges]; bus_r5_flow.2:[25 edges]; bus_r5_flow.1:[25 edges]
198.0,S,0,8,52.26,6,L0(rs)|L1(s)|L2(lt) / L0(s)|L1(s)|L2(s),4,bus_r0_flow.4:[21 edges]; bus_r0_flow.2:[21 edges]; bus_r0_flow.5:[21 edges]; bus_r0_flow.3:[21 edges]
199.0,W,0,0,0,4,L0(s)|L1(lst) / L0(s)|L1(s),0,
199.0,N,0,4,60.95,6,L0(s)|L1(s)|L2(s) / L0(s)|L1(s)|L2(l),3,bus_r4_flow.1:[44 edges] | bus_r1_flow.7:[21 edges]; bus_r1_flow.6:[21 edges]
199.0,E,0,6,51.94,5,L0(s)|L1(s)|L2(s) / L0(s)|L1(ls),6,bus_r5_flow.3:[25 edges]; bus_r3_flow.3:[35 edges]; bus_r5_flow.5:[25 edges]; bus_r5_flow.4:[25 edges]; bus_r5_flow.2:[25 edges]; bus_r5_flow.1:[25 edges]
199.0,S,0,6,55.16,6,L0(rs)|L1(s)|L2(lt) / L0(s)|L1(s)|L2(s),4,bus_r0_flow.4:[21 edges]; bus_r0_flow.2:[21 edges]; bus_r0_flow.5:[21 edges]; bus_r0_flow.3:[21 edges]
200.0,W,0,1,59.94,4,L0(s)|L1(lst) / L0(s)|L1(s),0,
200.0,N,0,3,67.87,6,L0(s)|L1(s)|L2(s) / L0(s)|L1(s)|L2(l),3,bus_r4_flow.1:[44 edges] | bus_r1_flow.7:[21 edges]; bus_r1_flow.6:[21 edges]
200.0,E,0,6,53.14,5,L0(s)|L1(s)|L2(s) / L0(s)|L1(ls),6,bus_r5_flow.3:[25 edges]; bus_r3_flow.3:[35 edges]; bus_r5_flow.5:[25 edges]; bus_r5_flow.4:[25 edges]; bus_r5_flow.2:[25 edges]; bus_r5_flow.1:[25 edges]
200.0,S,0,5,54.44,6,L0(rs)|L1(s)|L2(lt) / L0(s)|L1(s)|L2(s),4,bus_r0_flow.4:[21 edges]; bus_r0_flow.2:[21 edges]; bus_r0_flow.5:[21 edges]; bus_r0_flow.3:[21 edges]
201.0,W,0,1,60.1,4,L0(s)|L1(lst) / L0(s)|L1(s),0,
201.0,N,0,2,83.84,6,L0(s)|L1(s)|L2(s) / L0(s)|L1(s)|L2(l),2,bus_r1_flow.7:[21 edges]; bus_r1_flow.6:[21 edges]
201.0,E,0,6,54.13,5,L0(s)|L1(s)|L2(s) / L0(s)|L1(ls),6,bus_r5_flow.3:[25 edges]; bus_r3_flow.3:[35 edges]; bus_r5_flow.5:[25 edges]; bus_r5_flow.4:[25 edges]; bus_r5_flow.2:[25 edges]; bus_r5_flow.1:[25 edges]
201.0,S,0,5,56.37,6,L0(rs)|L1(s)|L2(lt) / L0(s)|L1(s)|L2(s),4,bus_r0_flow.4:[21 edges]; bus_r0_flow.2:[21 edges]; bus_r0_flow.5:[21 edges]; bus_r0_flow.3:[21 edges]
202.0,W,0,2,56.25,4,L0(s)|L1(lst) / L0(s)|L1(s),0,
202.0,N,0,2,82.9,6,L0(s)|L1(s)|L2(s) / L0(s)|L1(s)|L2(l),2,bus_r4_flow.2:[44 edges] | bus_r1_flow.7:[21 edges]
202.0,E,0,6,53.49,5,L0(s)|L1(s)|L2(s) / L0(s)|L1(ls),6,bus_r5_flow.3:[25 edges]; bus_r3_flow.3:[35 edges]; bus_r5_flow.5:[25 edges]; bus_r5_flow.4:[25 edges]; bus_r5_flow.2:[25 edges]; bus_r5_flow.1:[25 edges]
202.0,S,0,4,58.12,6,L0(rs)|L1(s)|L2(lt) / L0(s)|L1(s)|L2(s),4,bus_r0_flow.4:[21 edges]; bus_r0_flow.2:[21 edges]; bus_r0_flow.5:[21 edges]; bus_r0_flow.3:[21 edges]
203.0,W,0,2,54.12,4,L0(s)|L1(lst) / L0(s)|L1(s),0,
203.0,N,0,2,82.97,6,L0(s)|L1(s)|L2(s) / L0(s)|L1(s)|L2(l),2,bus_r4_flow.2:[44 edges] | bus_r1_flow.7:[21 edges]
203.0,E,0,7,42.43,5,L0(s)|L1(s)|L2(s) / L0(s)|L1(ls),7,bus_r5_flow.5:[25 edges]; bus_r5_flow.3:[25 edges]; bus_r3_flow.3:[35 edges]; bus_r5_flow.4:[25 edges]; bus_r5_flow.2:[25 edges]; bus_r5_flow.1:[25 edges] | bus_r4_flow.0:[44 edges]
203.0,S,0,4,58.98,6,L0(rs)|L1(s)|L2(lt) / L0(s)|L1(s)|L2(s),4,bus_r0_flow.4:[21 edges]; bus_r0_flow.2:[21 edges]; bus_r0_flow.5:[21 edges]; bus_r0_flow.3:[21 edges]
204.0,W,0,2,52.34,4,L0(s)|L1(lst) / L0(s)|L1(s),0,
204.0,N,0,1,93.28,6,L0(s)|L1(s)|L2(s) / L0(s)|L1(s)|L2(l),1,bus_r4_flow.2:[44 edges]
204.0,E,0,5,43.79,5,L0(s)|L1(s)|L2(s) / L0(s)|L1(ls),5,bus_r5_flow.5:[25 edges]; bus_r5_flow.3:[25 edges]; bus_r5_flow.4:[25 edges]; bus_r5_flow.2:[25 edges] | bus_r4_flow.0:[44 edges]
204.0,S,0,4,59.58,6,L0(rs)|L1(s)|L2(lt) / L0(s)|L1(s)|L2(s),4,bus_r0_flow.4:[21 edges]; bus_r0_flow.2:[21 edges]; bus_r0_flow.5:[21 edges]; bus_r0_flow.3:[21 edges]
205.0,W,0,2,49.62,4,L0(s)|L1(lst) / L0(s)|L1(s),0,
205.0,N,0,1,93.1,6,L0(s)|L1(s)|L2(s) / L0(s)|L1(s)|L2(l),1,bus_r4_flow.2:[44 edges]
205.0,E,0,5,42.15,5,L0(s)|L1(s)|L2(s) / L0(s)|L1(ls),5,bus_r5_flow.5:[25 edges]; bus_r5_flow.3:[25 edges]; bus_r5_flow.4:[25 edges]; bus_r5_flow.2:[25 edges] | bus_r4_flow.0:[44 edges]
205.0,S,0,3,59.74,6,L0(rs)|L1(s)|L2(lt) / L0(s)|L1(s)|L2(s),3,bus_r0_flow.4:[21 edges]; bus_r0_flow.5:[21 edges]; bus_r0_flow.3:[21 edges]
206.0,W,0,1,45.38,4,L0(s)|L1(lst) / L0(s)|L1(s),0,
206.0,N,0,1,91.81,6,L0(s)|L1(s)|L2(s) / L0(s)|L1(s)|L2(l),1,bus_r4_flow.2:[44 edges]
206.0,E,0,5,40.67,5,L0(s)|L1(s)|L2(s) / L0(s)|L1(ls),5,bus_r5_flow.5:[25 edges]; bus_r5_flow.3:[25 edges]; bus_r5_flow.4:[25 edges]; bus_r5_flow.2:[25 edges] | bus_r4_flow.0:[44 edges]
206.0,S,0,3,59.86,6,L0(rs)|L1(s)|L2(lt) / L0(s)|L1(s)|L2(s),3,bus_r0_flow.4:[21 edges]; bus_r0_flow.5:[21 edges]; bus_r0_flow.3:[21 edges]
207.0,W,0,1,45.34,4,L0(s)|L1(lst) / L0(s)|L1(s),0,
207.0,N,0,1,90.21,6,L0(s)|L1(s)|L2(s) / L0(s)|L1(s)|L2(l),1,bus_r4_flow.2:[44 edges]
207.0,E,0,6,35.46,5,L0(s)|L1(s)|L2(s) / L0(s)|L1(ls),6,bus_r5_flow.5:[25 edges]; bus_r5_flow.3:[25 edges]; bus_r5_flow.4:[25 edges]; bus_r5_flow.2:[25 edges] | bus_r4_flow.1:[44 edges]; bus_r4_flow.0:[44 edges]
207.0,S,0,3,59.68,6,L0(rs)|L1(s)|L2(lt) / L0(s)|L1(s)|L2(s),3,bus_r0_flow.4:[21 edges]; bus_r0_flow.5:[21 edges]; bus_r0_flow.3:[21 edges]
208.0,W,1,1,45.01,4,L0(s)|L1(lst) / L0(s)|L1(s),0,
208.0,N,0,0,0,6,L0(s)|L1(s)|L2(s) / L0(s)|L1(s)|L2(l),0,
208.0,E,0,6,34.4,5,L0(s)|L1(s)|L2(s) / L0(s)|L1(ls),6,bus_r5_flow.5:[25 edges]; bus_r5_flow.3:[25 edges]; bus_r5_flow.4:[25 edges]; bus_r5_flow.2:[25 edges] | bus_r4_flow.1:[44 edges]; bus_r4_flow.0:[44 edges]
208.0,S,0,1,59.92,6,L0(rs)|L1(s)|L2(lt) / L0(s)|L1(s)|L2(s),1,bus_r0_flow.5:[21 edges]
209.0,W,1,1,45.01,4,L0(s)|L1(lst) / L0(s)|L1(s),0,
209.0,N,0,0,0,6,L0(s)|L1(s)|L2(s) / L0(s)|L1(s)|L2(l),0,
209.0,E,1,6,34.17,5,L0(s)|L1(s)|L2(s) / L0(s)|L1(ls),6,bus_r5_flow.5:[25 edges]; bus_r5_flow.3:[25 edges]; bus_r5_flow.4:[25 edges]; bus_r5_flow.2:[25 edges] | bus_r4_flow.1:[44 edges]; bus_r4_flow.0:[44 edges]
209.0,S,0,2,59.79,6,L0(rs)|L1(s)|L2(lt) / L0(s)|L1(s)|L2(s),2,bus_r0_flow.5:[21 edges] | bus_r1_flow.8:[21 edges]
210.0,W,1,3,49.62,4,L0(s)|L1(lst) / L0(s)|L1(s),2,bus_r2_flow.6:[35 edges]; bus_r2_flow.7:[35 edges]
210.0,N,0,0,0,6,L0(s)|L1(s)|L2(s) / L0(s)|L1(s)|L2(l),0,
210.0,E,2,6,32.14,5,L0(s)|L1(s)|L2(s) / L0(s)|L1(ls),6,bus_r5_flow.5:[25 edges]; bus_r5_flow.3:[25 edges]; bus_r5_flow.4:[25 edges]; bus_r5_flow.2:[25 edges] | bus_r4_flow.1:[44 edges]; bus_r4_flow.0:[44 edges]
210.0,S,0,1,59.8,6,L0(rs)|L1(s)|L2(lt) / L0(s)|L1(s)|L2(s),1,bus_r1_flow.8:[21 edges]
211.0,W,1,3,49.73,4,L0(s)|L1(lst) / L0(s)|L1(s),2,bus_r2_flow.6:[35 edges]; bus_r2_flow.7:[35 edges]
211.0,N,0,0,0,6,L0(s)|L1(s)|L2(s) / L0(s)|L1(s)|L2(l),0,
211.0,E,2,8,29.97,5,L0(s)|L1(s)|L2(s) / L0(s)|L1(ls),7,bus_r5_flow.5:[25 edges]; bus_r5_flow.3:[25 edges]; bus_r5_flow.4:[25 edges]; bus_r5_flow.2:[25 edges] | bus_r4_flow.0:[44 edges]; bus_r4_flow.2:[44 edges]; bus_r4_flow.1:[44 edges]
211.0,S,0,2,55.28,6,L0(rs)|L1(s)|L2(lt) / L0(s)|L1(s)|L2(s),1,bus_r1_flow.8:[21 edges]
212.0,W,1,4,51.04,4,L0(s)|L1(lst) / L0(s)|L1(s),3,bus_r2_flow.8:[35 edges]; bus_r2_flow.6:[35 edges]; bus_r2_flow.7:[35 edges]
212.0,N,0,0,0,6,L0(s)|L1(s)|L2(s) / L0(s)|L1(s)|L2(l),0,
212.0,E,3,8,30.03,5,L0(s)|L1(s)|L2(s) / L0(s)|L1(ls),7,bus_r5_flow.5:[25 edges]; bus_r5_flow.3:[25 edges]; bus_r5_flow.4:[25 edges]; bus_r5_flow.2:[25 edges] | bus_r4_flow.0:[44 edges]; bus_r4_flow.2:[44 edges]; bus_r4_flow.1:[44 edges]
212.0,S,0,2,56.09,6,L0(rs)|L1(s)|L2(lt) / L0(s)|L1(s)|L2(s),1,bus_r1_flow.8:[21 edges]
213.0,W,1,4,47.01,4,L0(s)|L1(lst) / L0(s)|L1(s),3,bus_r2_flow.8:[35 edges]; bus_r2_flow.6:[35 edges]; bus_r2_flow.7:[35 edges]
213.0,N,0,0,0,6,L0(s)|L1(s)|L2(s) / L0(s)|L1(s)|L2(l),0,
213.0,E,4,10,35.68,5,L0(s)|L1(s)|L2(s) / L0(s)|L1(ls),9,bus_r3_flow.4:[35 edges]; bus_r5_flow.5:[25 edges]; bus_r5_flow.3:[25 edges]; bus_r3_flow.5:[35 edges]; bus_r5_flow.4:[25 edges]; bus_r5_flow.2:[25 edges] | bus_r4_flow.0:[44 edges]; bus_r4_flow.2:[44 edges]; bus_r4_flow.1:[44 edges]
213.0,S,0,2,55.84,6,L0(rs)|L1(s)|L2(lt) / L0(s)|L1(s)|L2(s),1,bus_r1_flow.8:[21 edges]
214.0,W,1,4,41.85,4,L0(s)|L1(lst) / L0(s)|L1(s),3,bus_r2_flow.6:[35 edges]; bus_r2_flow.8:[35 edges]; bus_r2_flow.7:[35 edges]
214.0,N,0,0,0,6,L0(s)|L1(s)|L2(s) / L0(s)|L1(s)|L2(l),0,
214.0,E,4,10,36.53,5,L0(s)|L1(s)|L2(s) / L0(s)|L1(ls),9,bus_r3_flow.4:[35 edges]; bus_r5_flow.5:[25 edges]; bus_r5_flow.3:[25 edges]; bus_r3_flow.5:[35 edges]; bus_r5_flow.4:[25 edges]; bus_r5_flow.2:[25 edges] | bus_r4_flow.0:[44 edges]; bus_r4_flow.2:[44 edges]; bus_r4_flow.1:[44 edges]
214.0,S,0,2,57.07,6,L0(rs)|L1(s)|L2(lt) / L0(s)|L1(s)|L2(s),1,bus_r1_flow.8:[21 edges]
215.0,W,1,4,38.14,4,L0(s)|L1(lst) / L0(s)|L1(s),3,bus_r2_flow.6:[35 edges]; bus_r2_flow.8:[35 edges]; bus_r2_flow.7:[35 edges]
215.0,N,0,0,0,6,L0(s)|L1(s)|L2(s) / L0(s)|L1(s)|L2(l),0,
215.0,E,4,12,37.09,5,L0(s)|L1(s)|L2(s) / L0(s)|L1(ls),10,bus_r3_flow.4:[35 edges]; bus_r5_flow.5:[25 edges]; bus_r5_flow.3:[25 edges]; bus_r3_flow.6:[35 edges]; bus_r3_flow.5:[35 edges]; bus_r5_flow.4:[25 edges]; bus_r5_flow.2:[25 edges] | bus_r4_flow.0:[44 edges]; bus_r4_flow.2:[44 edges]; bus_r4_flow.1:[44 edges]
215.0,S,0,2,57.9,6,L0(rs)|L1(s)|L2(lt) / L0(s)|L1(s)|L2(s),1,bus_r1_flow.8:[21 edges]
216.0,W,2,4,33.46,4,L0(s)|L1(lst) / L0(s)|L1(s),3,bus_r2_flow.6:[35 edges]; bus_r2_flow.8:[35 edges]; bus_r2_flow.7:[35 edges]
216.0,N,0,0,0,6,L0(s)|L1(s)|L2(s) / L0(s)|L1(s)|L2(l),0,
216.0,E,4,12,38.55,5,L0(s)|L1(s)|L2(s) / L0(s)|L1(ls),10,bus_r3_flow.4:[35 edges]; bus_r5_flow.5:[25 edges]; bus_r5_flow.3:[25 edges]; bus_r3_flow.6:[35 edges]; bus_r3_flow.5:[35 edges]; bus_r5_flow.4:[25 edges]; bus_r5_flow.2:[25 edges] | bus_r4_flow.0:[44 edges]; bus_r4_flow.2:[44 edges]; bus_r4_flow.1:[44 edges]
216.0,S,0,2,58.15,6,L0(rs)|L1(s)|L2(lt) / L0(s)|L1(s)|L2(s),1,bus_r1_flow.8:[21 edges]
217.0,W,3,4,30.94,4,L0(s)|L1(lst) / L0(s)|L1(s),3,bus_r2_flow.6:[35 edges]; bus_r2_flow.8:[35 edges]; bus_r2_flow.7:[35 edges]
217.0,N,0,0,0,6,L0(s)|L1(s)|L2(s) / L0(s)|L1(s)|L2(l),0,
217.0,E,4,11,40.73,5,L0(s)|L1(s)|L2(s) / L0(s)|L1(ls),9,bus_r3_flow.4:[35 edges]; bus_r5_flow.5:[25 edges]; bus_r5_flow.3:[25 edges]; bus_r3_flow.6:[35 edges]; bus_r3_flow.5:[35 edges]; bus_r5_flow.4:[25 edges]; bus_r5_flow.2:[25 edges] | bus_r4_flow.2:[44 edges]; bus_r4_flow.1:[44 edges]
217.0,S,0,2,58.27,6,L0(rs)|L1(s)|L2(lt) / L0(s)|L1(s)|L2(s),1,bus_r1_flow.8:[21 edges]
218.0,W,3,4,30.1,4,L0(s)|L1(lst) / L0(s)|L1(s),3,bus_r2_flow.6:[35 edges]; bus_r2_flow.8:[35 edges]; bus_r2_flow.7:[35 edges]
218.0,N,0,0,0,6,L0(s)|L1(s)|L2(s) / L0(s)|L1(s)|L2(l),0,
218.0,E,4,11,40.67,5,L0(s)|L1(s)|L2(s) / L0(s)|L1(ls),9,bus_r3_flow.4:[35 edges]; bus_r5_flow.5:[25 edges]; bus_r5_flow.3:[25 edges]; bus_r3_flow.6:[35 edges]; bus_r3_flow.5:[35 edges]; bus_r5_flow.4:[25 edges]; bus_r5_flow.2:[25 edges] | bus_r4_flow.2:[44 edges]; bus_r4_flow.1:[44 edges]
218.0,S,0,3,58.63,6,L0(rs)|L1(s)|L2(lt) / L0(s)|L1(s)|L2(s),2,bus_r1_flow.9:[21 edges]; bus_r1_flow.8:[21 edges]
219.0,W,4,4,30.05,4,L0(s)|L1(lst) / L0(s)|L1(s),3,bus_r2_flow.6:[35 edges]; bus_r2_flow.8:[35 edges]; bus_r2_flow.7:[35 edges]
219.0,N,0,0,0,6,L0(s)|L1(s)|L2(s) / L0(s)|L1(s)|L2(l),0,
219.0,E,4,11,41.56,5,L0(s)|L1(s)|L2(s) / L0(s)|L1(ls),9,bus_r3_flow.4:[35 edges]; bus_r5_flow.5:[25 edges]; bus_r5_flow.3:[25 edges]; bus_r3_flow.6:[35 edges]; bus_r3_flow.5:[35 edges]; bus_r5_flow.4:[25 edges]; bus_r5_flow.2:[25 edges] | bus_r4_flow.2:[44 edges]; bus_r4_flow.1:[44 edges]
219.0,S,0,3,59.03,6,L0(rs)|L1(s)|L2(lt) / L0(s)|L1(s)|L2(s),2,bus_r1_flow.9:[21 edges]; bus_r1_flow.8:[21 edges]
220.0,W,4,4,30.01,4,L0(s)|L1(lst) / L0(s)|L1(s),3,bus_r2_flow.6:[35 edges]; bus_r2_flow.8:[35 edges]; bus_r2_flow.7:[35 edges]
220.0,N,0,0,0,6,L0(s)|L1(s)|L2(s) / L0(s)|L1(s)|L2(l),0,
220.0,E,4,11,39.43,5,L0(s)|L1(s)|L2(s) / L0(s)|L1(ls),9,bus_r3_flow.4:[35 edges]; bus_r5_flow.5:[25 edges]; bus_r5_flow.3:[25 edges]; bus_r3_flow.6:[35 edges]; bus_r3_flow.5:[35 edges]; bus_r5_flow.4:[25 edges]; bus_r5_flow.2:[25 edges] | bus_r4_flow.2:[44 edges]; bus_r4_flow.1:[44 edges]
220.0,S,0,3,57.1,6,L0(rs)|L1(s)|L2(lt) / L0(s)|L1(s)|L2(s),2,bus_r1_flow.9:[21 edges]; bus_r1_flow.8:[21 edges]
221.0,W,2,4,30.77,4,L0(s)|L1(lst) / L0(s)|L1(s),3,bus_r2_flow.6:[35 edges]; bus_r2_flow.8:[35 edges]; bus_r2_flow.7:[35 edges]
221.0,N,0,0,0,6,L0(s)|L1(s)|L2(s) / L0(s)|L1(s)|L2(l),0,
221.0,E,2,10,37.08,5,L0(s)|L1(s)|L2(s) / L0(s)|L1(ls),8,bus_r3_flow.4:[35 edges]; bus_r5_flow.5:[25 edges]; bus_r5_flow.3:[25 edges]; bus_r3_flow.6:[35 edges]; bus_r3_flow.5:[35 edges]; bus_r5_flow.4:[25 edges]; bus_r5_flow.2:[25 edges] | bus_r4_flow.2:[44 edges]
221.0,S,0,3,55.62,6,L0(rs)|L1(s)|L2(lt) / L0(s)|L1(s)|L2(s),2,bus_r1_flow.9:[21 edges]; bus_r1_flow.8:[21 edges]
222.0,W,0,2,31.4,4,L0(s)|L1(lst) / L0(s)|L1(s),2,bus_r2_flow.6:[35 edges]; bus_r2_flow.8:[35 edges]
222.0,N,0,0,0,6,L0(s)|L1(s)|L2(s) / L0(s)|L1(s)|L2(l),0,
222.0,E,0,10,35.52,5,L0(s)|L1(s)|L2(s) / L0(s)|L1(ls),8,bus_r3_flow.4:[35 edges]; bus_r5_flow.5:[25 edges]; bus_r5_flow.3:[25 edges]; bus_r3_flow.6:[35 edges]; bus_r3_flow.5:[35 edges]; bus_r5_flow.4:[25 edges]; bus_r5_flow.2:[25 edges] | bus_r4_flow.2:[44 edges]
222.0,S,0,2,58.12,6,L0(rs)|L1(s)|L2(lt) / L0(s)|L1(s)|L2(s),1,bus_r1_flow.9:[21 edges]
223.0,W,0,2,33.07,4,L0(s)|L1(lst) / L0(s)|L1(s),2,bus_r2_flow.6:[35 edges]; bus_r2_flow.8:[35 edges]
223.0,N,0,0,0,6,L0(s)|L1(s)|L2(s) / L0(s)|L1(s)|L2(l),0,
223.0,E,0,9,35.94,5,L0(s)|L1(s)|L2(s) / L0(s)|L1(ls),7,bus_r3_flow.6:[35 edges]; bus_r3_flow.4:[35 edges]; bus_r5_flow.5:[25 edges]; bus_r5_flow.3:[25 edges]; bus_r3_flow.5:[35 edges]; bus_r5_flow.4:[25 edges]; bus_r5_flow.2:[25 edges]
223.0,S,0,2,58.35,6,L0(rs)|L1(s)|L2(lt) / L0(s)|L1(s)|L2(s),1,bus_r1_flow.9:[21 edges]
224.0,W,0,2,34.48,4,L0(s)|L1(lst) / L0(s)|L1(s),2,bus_r2_flow.6:[35 edges]; bus_r2_flow.8:[35 edges]
224.0,N,0,0,0,6,L0(s)|L1(s)|L2(s) / L0(s)|L1(s)|L2(l),0,
224.0,E,0,10,29.8,5,L0(s)|L1(s)|L2(s) / L0(s)|L1(ls),7,bus_r3_flow.6:[35 edges]; bus_r3_flow.4:[35 edges]; bus_r5_flow.5:[25 edges]; bus_r5_flow.3:[25 edges]; bus_r3_flow.5:[35 edges]; bus_r5_flow.4:[25 edges]; bus_r5_flow.2:[25 edges]
224.0,S,0,2,58.72,6,L0(rs)|L1(s)|L2(lt) / L0(s)|L1(s)|L2(s),1,bus_r1_flow.9:[21 edges]
225.0,W,0,1,47.8,4,L0(s)|L1(lst) / L0(s)|L1(s),1,bus_r2_flow.8:[35 edges]
225.0,N,0,0,0,6,L0(s)|L1(s)|L2(s) / L0(s)|L1(s)|L2(l),0,
225.0,E,0,10,31.59,5,L0(s)|L1(s)|L2(s) / L0(s)|L1(ls),6,bus_r3_flow.6:[35 edges]; bus_r3_flow.4:[35 edges]; bus_r5_flow.5:[25 edges]; bus_r5_flow.3:[25 edges]; bus_r3_flow.5:[35 edges]; bus_r5_flow.4:[25 edges]
225.0,S,0,2,59.0,6,L0(rs)|L1(s)|L2(lt) / L0(s)|L1(s)|L2(s),1,bus_r1_flow.9:[21 edges]
226.0,W,0,1,48.32,4,L0(s)|L1(lst) / L0(s)|L1(s),1,bus_r2_flow.8:[35 edges]
226.0,N,0,0,0,6,L0(s)|L1(s)|L2(s) / L0(s)|L1(s)|L2(l),0,
226.0,E,0,8,31.82,5,L0(s)|L1(s)|L2(s) / L0(s)|L1(ls),5,bus_r3_flow.6:[35 edges]; bus_r3_flow.4:[35 edges]; bus_r5_flow.5:[25 edges]; bus_r3_flow.5:[35 edges]; bus_r5_flow.4:[25 edges]
226.0,S,0,2,56.55,6,L0(rs)|L1(s)|L2(lt) / L0(s)|L1(s)|L2(s),1,bus_r1_flow.9:[21 edges]
227.0,W,0,0,0,4,L0(s)|L1(lst) / L0(s)|L1(s),0,
227.0,N,0,0,0,6,L0(s)|L1(s)|L2(s) / L0(s)|L1(s)|L2(l),0,
227.0,E,0,9,32.07,5,L0(s)|L1(s)|L2(s) / L0(s)|L1(ls),5,bus_r3_flow.6:[35 edges]; bus_r3_flow.4:[35 edges]; bus_r5_flow.5:[25 edges]; bus_r3_flow.5:[35 edges]; bus_r5_flow.4:[25 edges]
227.0,S,0,2,55.18,6,L0(rs)|L1(s)|L2(lt) / L0(s)|L1(s)|L2(s),1,bus_r1_flow.9:[21 edges]
228.0,W,0,3,41.85,4,L0(s)|L1(lst) / L0(s)|L1(s),3,bus_r3_flow.3:[35 edges]; bus_r5_flow.1:[25 edges] | bus_r2_flow.9:[35 edges]
228.0,N,0,0,0,6,L0(s)|L1(s)|L2(s) / L0(s)|L1(s)|L2(l),0,
228.0,E,0,9,35.9,5,L0(s)|L1(s)|L2(s) / L0(s)|L1(ls),5,bus_r3_flow.6:[35 edges]; bus_r3_flow.4:[35 edges]; bus_r5_flow.5:[25 edges]; bus_r3_flow.5:[35 edges]; bus_r5_flow.4:[25 edges]
228.0,S,0,2,54.64,6,L0(rs)|L1(s)|L2(lt) / L0(s)|L1(s)|L2(s),1,bus_r1_flow.9:[21 edges]
229.0,W,0,3,43.15,4,L0(s)|L1(lst) / L0(s)|L1(s),3,bus_r3_flow.3:[35 edges]; bus_r5_flow.1:[25 edges] | bus_r2_flow.9:[35 edges]
229.0,N,0,0,0,6,L0(s)|L1(s)|L2(s) / L0(s)|L1(s)|L2(l),0,
229.0,E,0,8,39.3,5,L0(s)|L1(s)|L2(s) / L0(s)|L1(ls),4,bus_r3_flow.6:[35 edges]; bus_r3_flow.4:[35 edges]; bus_r5_flow.5:[25 edges]; bus_r3_flow.5:[35 edges]
229.0,S,0,2,53.75,6,L0(rs)|L1(s)|L2(lt) / L0(s)|L1(s)|L2(s),1,bus_r1_flow.9:[21 edges]
230.0,W,0,3,44.83,4,L0(s)|L1(lst) / L0(s)|L1(s),3,bus_r3_flow.3:[35 edges]; bus_r5_flow.1:[25 edges] | bus_r2_flow.9:[35 edges]
230.0,N,0,0,0,6,L0(s)|L1(s)|L2(s) / L0(s)|L1(s)|L2(l),0,
230.0,E,0,8,37.75,5,L0(s)|L1(s)|L2(s) / L0(s)|L1(ls),4,bus_r3_flow.6:[35 edges]; bus_r3_flow.4:[35 edges]; bus_r3_flow.5:[35 edges] | bus_r2_flow.7:[35 edges]
230.0,S,0,2,52.3,6,L0(rs)|L1(s)|L2(lt) / L0(s)|L1(s)|L2(s),1,bus_r1_flow.9:[21 edges]
231.0,W,0,5,45.1,4,L0(s)|L1(lst) / L0(s)|L1(s),5,bus_r5_flow.3:[25 edges]; bus_r3_flow.3:[35 edges]; bus_r5_flow.2:[25 edges]; bus_r5_flow.1:[25 edges] | bus_r2_flow.9:[35 edges]
231.0,N,0,0,0,6,L0(s)|L1(s)|L2(s) / L0(s)|L1(s)|L2(l),0,
231.0,E,0,9,37.86,5,L0(s)|L1(s)|L2(s) / L0(s)|L1(ls),4,bus_r3_flow.6:[35 edges]; bus_r3_flow.4:[35 edges]; bus_r3_flow.5:[35 edges] | bus_r2_flow.7:[35 edges]
231.0,S,0,2,51.06,6,L0(rs)|L1(s)|L2(lt) / L0(s)|L1(s)|L2(s),1,bus_r1_flow.9:[21 edges]
232.0,W,0,5,46.68,4,L0(s)|L1(lst) / L0(s)|L1(s),4,bus_r5_flow.3:[25 edges]; bus_r3_flow.3:[35 edges]; bus_r5_flow.2:[25 edges]; bus_r5_flow.1:[25 edges]
232.0,N,0,0,0,6,L0(s)|L1(s)|L2(s) / L0(s)|L1(s)|L2(l),0,
232.0,E,0,10,37.44,5,L0(s)|L1(s)|L2(s) / L0(s)|L1(ls),5,bus_r3_flow.6:[35 edges]; bus_r3_flow.4:[35 edges]; bus_r3_flow.5:[35 edges] | bus_r2_flow.6:[35 edges]; bus_r2_flow.7:[35 edges]
232.0,S,0,2,51.9,6,L0(rs)|L1(s)|L2(lt) / L0(s)|L1(s)|L2(s),1,bus_r1_flow.9:[21 edges]
233.0,W,0,5,48.27,4,L0(s)|L1(lst) / L0(s)|L1(s),4,bus_r5_flow.3:[25 edges]; bus_r3_flow.3:[35 edges]; bus_r5_flow.2:[25 edges]; bus_r5_flow.1:[25 edges]
233.0,N,0,0,0,6,L0(s)|L1(s)|L2(s) / L0(s)|L1(s)|L2(l),0,
233.0,E,0,9,39.22,5,L0(s)|L1(s)|L2(s) / L0(s)|L1(ls),5,bus_r3_flow.6:[35 edges]; bus_r3_flow.5:[35 edges] | bus_r2_flow.6:[35 edges]; bus_r2_flow.8:[35 edges]; bus_r2_flow.7:[35 edges]
233.0,S,0,1,59.37,6,L0(rs)|L1(s)|L2(lt) / L0(s)|L1(s)|L2(s),0,
234.0,W,0,7,47.58,4,L0(s)|L1(lst) / L0(s)|L1(s),6,bus_r5_flow.5:[25 edges]; bus_r5_flow.3:[25 edges]; bus_r3_flow.3:[35 edges]; bus_r5_flow.4:[25 edges]; bus_r5_flow.2:[25 edges]; bus_r5_flow.1:[25 edges]
234.0,N,0,0,0,6,L0(s)|L1(s)|L2(s) / L0(s)|L1(s)|L2(l),0,
234.0,E,0,9,41.14,5,L0(s)|L1(s)|L2(s) / L0(s)|L1(ls),5,bus_r3_flow.6:[35 edges]; bus_r3_flow.5:[35 edges] | bus_r2_flow.6:[35 edges]; bus_r2_flow.8:[35 edges]; bus_r2_flow.7:[35 edges]
234.0,S,0,1,59.23,6,L0(rs)|L1(s)|L2(lt) / L0(s)|L1(s)|L2(s),0,
235.0,W,0,7,49.17,4,L0(s)|L1(lst) / L0(s)|L1(s),6,bus_r5_flow.5:[25 edges]; bus_r5_flow.3:[25 edges]; bus_r3_flow.3:[35 edges]; bus_r5_flow.4:[25 edges]; bus_r5_flow.2:[25 edges]; bus_r5_flow.1:[25 edges]
235.0,N,0,0,0,6,L0(s)|L1(s)|L2(s) / L0(s)|L1(s)|L2(l),0,
235.0,E,0,8,46.23,5,L0(s)|L1(s)|L2(s) / L0(s)|L1(ls),5,bus_r3_flow.6:[35 edges] | bus_r2_flow.9:[35 edges]; bus_r2_flow.6:[35 edges]; bus_r2_flow.8:[35 edges]; bus_r2_flow.7:[35 edges]
235.0,S,0,1,59.25,6,L0(rs)|L1(s)|L2(lt) / L0(s)|L1(s)|L2(s),0,
236.0,W,0,4,50.08,4,L0(s)|L1(lst) / L0(s)|L1(s),4,bus_r5_flow.5:[25 edges]; bus_r5_flow.3:[25 edges]; bus_r5_flow.4:[25 edges]; bus_r5_flow.2:[25 edges]
236.0,N,0,0,0,6,L0(s)|L1(s)|L2(s) / L0(s)|L1(s)|L2(l),0,
236.0,E,0,7,52.35,5,L0(s)|L1(s)|L2(s) / L0(s)|L1(ls),4,bus_r2_flow.9:[35 edges]; bus_r2_flow.6:[35 edges]; bus_r2_flow.8:[35 edges]; bus_r2_flow.7:[35 edges]
236.0,S,0,1,58.97,6,L0(rs)|L1(s)|L2(lt) / L0(s)|L1(s)|L2(s),0,
237.0,W,0,5,50.77,4,L0(s)|L1(lst) / L0(s)|L1(s),5,bus_r3_flow.4:[35 edges]; bus_r5_flow.5:[25 edges]; bus_r5_flow.3:[25 edges]; bus_r5_flow.4:[25 edges]; bus_r5_flow.2:[25 edges]
237.0,N,0,0,0,6,L0(s)|L1(s)|L2(s) / L0(s)|L1(s)|L2(l),0,
237.0,E,0,5,51.05,5,L0(s)|L1(s)|L2(s) / L0(s)|L1(ls),4,bus_r2_flow.9:[35 edges]; bus_r2_flow.6:[35 edges]; bus_r2_flow.8:[35 edges]; bus_r2_flow.7:[35 edges]
237.0,S,0,1,59.37,6,L0(rs)|L1(s)|L2(lt) / L0(s)|L1(s)|L2(s),0,
238.0,W,0,3,50.84,4,L0(s)|L1(lst) / L0(s)|L1(s),3,bus_r3_flow.4:[35 edges]; bus_r5_flow.5:[25 edges]; bus_r5_flow.4:[25 edges]
238.0,N,0,0,0,6,L0(s)|L1(s)|L2(s) / L0(s)|L1(s)|L2(l),0,
238.0,E,0,5,52.07,5,L0(s)|L1(s)|L2(s) / L0(s)|L1(ls),4,bus_r2_flow.9:[35 edges]; bus_r2_flow.6:[35 edges]; bus_r2_flow.8:[35 edges]; bus_r2_flow.7:[35 edges]
238.0,S,0,1,59.62,6,L0(rs)|L1(s)|L2(lt) / L0(s)|L1(s)|L2(s),0,
239.0,W,0,4,51.4,4,L0(s)|L1(lst) / L0(s)|L1(s),4,bus_r3_flow.4:[35 edges]; bus_r5_flow.5:[25 edges]; bus_r3_flow.5:[35 edges]; bus_r5_flow.4:[25 edges]
239.0,N,0,0,0,6,L0(s)|L1(s)|L2(s) / L0(s)|L1(s)|L2(l),0,
239.0,E,0,6,54.33,5,L0(s)|L1(s)|L2(s) / L0(s)|L1(ls),4,bus_r2_flow.9:[35 edges]; bus_r2_flow.6:[35 edges]; bus_r2_flow.8:[35 edges]; bus_r2_flow.7:[35 edges]
239.0,S,0,2,59.13,6,L0(rs)|L1(s)|L2(lt) / L0(s)|L1(s)|L2(s),1,bus_r1_flow.10:[21 edges]
240.0,W,0,4,52.07,4,L0(s)|L1(lst) / L0(s)|L1(s),4,bus_r3_flow.6:[35 edges]; bus_r3_flow.4:[35 edges]; bus_r3_flow.5:[35 edges]; bus_r5_flow.4:[25 edges]
240.0,N,0,0,0,6,L0(s)|L1(s)|L2(s) / L0(s)|L1(s)|L2(l),0,
240.0,E,0,6,54.84,5,L0(s)|L1(s)|L2(s) / L0(s)|L1(ls),4,bus_r2_flow.9:[35 edges]; bus_r2_flow.6:[35 edges]; bus_r2_flow.8:[35 edges]; bus_r2_flow.7:[35 edges]
240.0,S,0,2,57.68,6,L0(rs)|L1(s)|L2(lt) / L0(s)|L1(s)|L2(s),1,bus_r1_flow.10:[21 edges]
241.0,W,0,3,52.78,4,L0(s)|L1(lst) / L0(s)|L1(s),3,bus_r3_flow.6:[35 edges]; bus_r3_flow.4:[35 edges]; bus_r3_flow.5:[35 edges]
241.0,N,0,0,0,6,L0(s)|L1(s)|L2(s) / L0(s)|L1(s)|L2(l),0,
241.0,E,0,6,54.01,5,L0(s)|L1(s)|L2(s) / L0(s)|L1(ls),4,bus_r2_flow.9:[35 edges]; bus_r2_flow.6:[35 edges]; bus_r2_flow.8:[35 edges]; bus_r2_flow.7:[35 edges]
241.0,S,0,2,54.82,6,L0(rs)|L1(s)|L2(lt) / L0(s)|L1(s)|L2(s),1,bus_r1_flow.10:[21 edges]
242.0,W,0,3,54.1,4,L0(s)|L1(lst) / L0(s)|L1(s),3,bus_r3_flow.6:[35 edges]; bus_r3_flow.4:[35 edges]; bus_r3_flow.5:[35 edges]
242.0,N,0,0,0,6,L0(s)|L1(s)|L2(s) / L0(s)|L1(s)|L2(l),0,
242.0,E,0,5,56.52,5,L0(s)|L1(s)|L2(s) / L0(s)|L1(ls),4,bus_r2_flow.9:[35 edges]; bus_r2_flow.6:[35 edges]; bus_r2_flow.8:[35 edges]; bus_r2_flow.7:[35 edges]
242.0,S,0,2,52.51,6,L0(rs)|L1(s)|L2(lt) / L0(s)|L1(s)|L2(s),1,bus_r1_flow.10:[21 edges]
243.0,W,0,2,54.98,4,L0(s)|L1(lst) / L0(s)|L1(s),2,bus_r3_flow.6:[35 edges]; bus_r3_flow.5:[35 edges]
243.0,N,0,0,0,6,L0(s)|L1(s)|L2(s) / L0(s)|L1(s)|L2(l),0,
243.0,E,0,5,53.08,5,L0(s)|L1(s)|L2(s) / L0(s)|L1(ls),4,bus_r2_flow.9:[35 edges]; bus_r2_flow.6:[35 edges]; bus_r2_flow.8:[35 edges]; bus_r2_flow.7:[35 edges]
243.0,S,0,3,45.63,6,L0(rs)|L1(s)|L2(lt) / L0(s)|L1(s)|L2(s),1,bus_r1_flow.10:[21 edges]
244.0,W,0,2,56.48,4,L0(s)|L1(lst) / L0(s)|L1(s),2,bus_r3_flow.6:[35 edges]; bus_r3_flow.5:[35 edges]
244.0,N,0,0,0,6,L0(s)|L1(s)|L2(s) / L0(s)|L1(s)|L2(l),0,
244.0,E,0,5,48.59,5,L0(s)|L1(s)|L2(s) / L0(s)|L1(ls),4,bus_r2_flow.9:[35 edges]; bus_r2_flow.6:[35 edges]; bus_r2_flow.8:[35 edges]; bus_r2_flow.7:[35 edges]
244.0,S,1,3,46.71,6,L0(rs)|L1(s)|L2(lt) / L0(s)|L1(s)|L2(s),1,bus_r1_flow.10:[21 edges]
245.0,W,0,0,0,4,L0(s)|L1(lst) / L0(s)|L1(s),0,
245.0,N,0,0,0,6,L0(s)|L1(s)|L2(s) / L0(s)|L1(s)|L2(l),0,
245.0,E,1,5,42.77,5,L0(s)|L1(s)|L2(s) / L0(s)|L1(ls),4,bus_r2_flow.9:[35 edges]; bus_r2_flow.6:[35 edges]; bus_r2_flow.8:[35 edges]; bus_r2_flow.7:[35 edges]
245.0,S,1,3,47.89,6,L0(rs)|L1(s)|L2(lt) / L0(s)|L1(s)|L2(s),1,bus_r1_flow.10:[21 edges]
246.0,W,0,0,0,4,L0(s)|L1(lst) / L0(s)|L1(s),0,
246.0,N,0,0,0,6,L0(s)|L1(s)|L2(s) / L0(s)|L1(s)|L2(l),0,
246.0,E,1,5,36.95,5,L0(s)|L1(s)|L2(s) / L0(s)|L1(ls),4,bus_r2_flow.9:[35 edges]; bus_r2_flow.6:[35 edges]; bus_r2_flow.8:[35 edges]; bus_r2_flow.7:[35 edges]
246.0,S,1,4,45.37,6,L0(rs)|L1(s)|L2(lt) / L0(s)|L1(s)|L2(s),1,bus_r1_flow.10:[21 edges]
247.0,W,0,0,0,4,L0(s)|L1(lst) / L0(s)|L1(s),0,
247.0,N,0,0,0,6,L0(s)|L1(s)|L2(s) / L0(s)|L1(s)|L2(l),0,
247.0,E,2,5,33.52,5,L0(s)|L1(s)|L2(s) / L0(s)|L1(ls),4,bus_r2_flow.9:[35 edges]; bus_r2_flow.6:[35 edges]; bus_r2_flow.8:[35 edges]; bus_r2_flow.7:[35 edges]
247.0,S,1,4,46.53,6,L0(rs)|L1(s)|L2(lt) / L0(s)|L1(s)|L2(s),1,bus_r1_flow.10:[21 edges]
248.0,W,0,0,0,4,L0(s)|L1(lst) / L0(s)|L1(s),0,
248.0,N,0,1,93.2,6,L0(s)|L1(s)|L2(s) / L0(s)|L1(s)|L2(l),1,bus_r0_flow.6:[21 edges]
248.0,E,4,5,31.22,5,L0(s)|L1(s)|L2(s) / L0(s)|L1(ls),4,bus_r2_flow.9:[35 edges]; bus_r2_flow.6:[35 edges]; bus_r2_flow.8:[35 edges]; bus_r2_flow.7:[35 edges]
248.0,S,1,4,48.98,6,L0(rs)|L1(s)|L2(lt) / L0(s)|L1(s)|L2(s),1,bus_r1_flow.10:[21 edges]
249.0,W,0,0,0,4,L0(s)|L1(lst) / L0(s)|L1(s),0,
249.0,N,0,2,86.37,6,L0(s)|L1(s)|L2(s) / L0(s)|L1(s)|L2(l),2,bus_r0_flow.6:[21 edges]; bus_r4_flow.3:[44 edges]
249.0,E,4,5,30.4,5,L0(s)|L1(s)|L2(s) / L0(s)|L1(ls),4,bus_r2_flow.9:[35 edges]; bus_r2_flow.6:[35 edges]; bus_r2_flow.8:[35 edges]; bus_r2_flow.7:[35 edges]
249.0,S,1,4,48.8,6,L0(rs)|L1(s)|L2(lt) / L0(s)|L1(s)|L2(s),1,bus_r1_flow.10:[21 edges]
250.0,W,0,0,0,4,L0(s)|L1(lst) / L0(s)|L1(s),0,
250.0,N,0,3,84.76,6,L0(s)|L1(s)|L2(s) / L0(s)|L1(s)|L2(l),3,bus_r0_flow.7:[21 edges]; bus_r0_flow.6:[21 edges]; bus_r4_flow.3:[44 edges]
250.0,E,4,5,30.07,5,L0(s)|L1(s)|L2(s) / L0(s)|L1(ls),4,bus_r2_flow.9:[35 edges]; bus_r2_flow.6:[35 edges]; bus_r2_flow.8:[35 edges]; bus_r2_flow.7:[35 edges]
250.0,S,1,4,47.23,6,L0(rs)|L1(s)|L2(lt) / L0(s)|L1(s)|L2(s),1,bus_r1_flow.10:[21 edges]
251.0,W,0,0,0,4,L0(s)|L1(lst) / L0(s)|L1(s),0,
251.0,N,0,4,83.61,6,L0(s)|L1(s)|L2(s) / L0(s)|L1(s)|L2(l),4,bus_r0_flow.7:[21 edges]; bus_r0_flow.6:[21 edges]; bus_r4_flow.4:[44 edges]; bus_r4_flow.3:[44 edges]
251.0,E,5,5,30.01,5,L0(s)|L1(s)|L2(s) / L0(s)|L1(ls),4,bus_r2_flow.9:[35 edges]; bus_r2_flow.6:[35 edges]; bus_r2_flow.8:[35 edges]; bus_r2_flow.7:[35 edges]
251.0,S,1,4,44.9,6,L0(rs)|L1(s)|L2(lt) / L0(s)|L1(s)|L2(s),1,bus_r1_flow.10:[21 edges]
252.0,W,0,0,0,4,L0(s)|L1(lst) / L0(s)|L1(s),0,
252.0,N,0,4,81.87,6,L0(s)|L1(s)|L2(s) / L0(s)|L1(s)|L2(l),4,bus_r0_flow.7:[21 edges]; bus_r0_flow.6:[21 edges]; bus_r4_flow.4:[44 edges]; bus_r4_flow.3:[44 edges]
252.0,E,5,5,30.01,5,L0(s)|L1(s)|L2(s) / L0(s)|L1(ls),4,bus_r2_flow.9:[35 edges]; bus_r2_flow.6:[35 edges]; bus_r2_flow.8:[35 edges]; bus_r2_flow.7:[35 edges]
252.0,S,1,4,42.38,6,L0(rs)|L1(s)|L2(lt) / L0(s)|L1(s)|L2(s),1,bus_r1_flow.10:[21 edges]
253.0,W,0,0,0,4,L0(s)|L1(lst) / L0(s)|L1(s),0,
253.0,N,0,5,78.63,6,L0(s)|L1(s)|L2(s) / L0(s)|L1(s)|L2(l),5,bus_r0_flow.8:[21 edges]; bus_r0_flow.7:[21 edges]; bus_r0_flow.6:[21 edges]; bus_r4_flow.4:[44 edges]; bus_r4_flow.3:[44 edges]
253.0,E,5,5,30.01,5,L0(s)|L1(s)|L2(s) / L0(s)|L1(ls),4,bus_r2_flow.9:[35 edges]; bus_r2_flow.6:[35 edges]; bus_r2_flow.8:[35 edges]; bus_r2_flow.7:[35 edges]
253.0,S,2,4,40.12,6,L0(rs)|L1(s)|L2(lt) / L0(s)|L1(s)|L2(s),1,bus_r1_flow.10:[21 edges]
254.0,W,0,0,0,4,L0(s)|L1(lst) / L0(s)|L1(s),0,
254.0,N,0,4,77.24,6,L0(s)|L1(s)|L2(s) / L0(s)|L1(s)|L2(l),4,bus_r0_flow.8:[21 edges]; bus_r0_flow.7:[21 edges]; bus_r4_flow.4:[44 edges]; bus_r4_flow.3:[44 edges]
254.0,E,5,5,30.01,5,L0(s)|L1(s)|L2(s) / L0(s)|L1(ls),4,bus_r2_flow.9:[35 edges]; bus_r2_flow.6:[35 edges]; bus_r2_flow.8:[35 edges]; bus_r2_flow.7:[35 edges]
254.0,S,2,4,36.99,6,L0(rs)|L1(s)|L2(lt) / L0(s)|L1(s)|L2(s),1,bus_r1_flow.10:[21 edges]
255.0,W,0,0,0,4,L0(s)|L1(lst) / L0(s)|L1(s),0,
255.0,N,0,3,78.29,6,L0(s)|L1(s)|L2(s) / L0(s)|L1(s)|L2(l),3,bus_r0_flow.8:[21 edges]; bus_r0_flow.7:[21 edges]; bus_r4_flow.4:[44 edges]
255.0,E,5,5,30.01,5,L0(s)|L1(s)|L2(s) / L0(s)|L1(ls),4,bus_r2_flow.9:[35 edges]; bus_r2_flow.6:[35 edges]; bus_r2_flow.8:[35 edges]; bus_r2_flow.7:[35 edges]
255.0,S,2,4,34.68,6,L0(rs)|L1(s)|L2(lt) / L0(s)|L1(s)|L2(s),1,bus_r1_flow.10:[21 edges]
256.0,W,0,0,0,4,L0(s)|L1(lst) / L0(s)|L1(s),0,
256.0,N,0,3,74.7,6,L0(s)|L1(s)|L2(s) / L0(s)|L1(s)|L2(l),3,bus_r0_flow.8:[21 edges]; bus_r0_flow.7:[21 edges]; bus_r4_flow.4:[44 edges]
256.0,E,5,5,30.01,5,L0(s)|L1(s)|L2(s) / L0(s)|L1(ls),4,bus_r2_flow.9:[35 edges]; bus_r2_flow.6:[35 edges]; bus_r2_flow.8:[35 edges]; bus_r2_flow.7:[35 edges]
256.0,S,2,3,39.25,6,L0(rs)|L1(s)|L2(lt) / L0(s)|L1(s)|L2(s),1,bus_r1_flow.10:[21 edges]
257.0,W,0,0,0,4,L0(s)|L1(lst) / L0(s)|L1(s),0,
257.0,N,0,2,73.97,6,L0(s)|L1(s)|L2(s) / L0(s)|L1(s)|L2(l),2,bus_r0_flow.8:[21 edges]; bus_r4_flow.4:[44 edges]
257.0,E,5,5,30.01,5,L0(s)|L1(s)|L2(s) / L0(s)|L1(ls),4,bus_r2_flow.9:[35 edges]; bus_r2_flow.6:[35 edges]; bus_r2_flow.8:[35 edges]; bus_r2_flow.7:[35 edges]
257.0,S,2,3,39.22,6,L0(rs)|L1(s)|L2(lt) / L0(s)|L1(s)|L2(s),1,bus_r1_flow.10:[21 edges]
258.0,W,0,0,0,4,L0(s)|L1(lst) / L0(s)|L1(s),0,
258.0,N,0,2,71.33,6,L0(s)|L1(s)|L2(s) / L0(s)|L1(s)|L2(l),2,bus_r0_flow.8:[21 edges]; bus_r4_flow.4:[44 edges]
258.0,E,5,5,30.01,5,L0(s)|L1(s)|L2(s) / L0(s)|L1(ls),4,bus_r2_flow.9:[35 edges]; bus_r2_flow.6:[35 edges]; bus_r2_flow.8:[35 edges]; bus_r2_flow.7:[35 edges]
258.0,S,2,4,43.73,6,L0(rs)|L1(s)|L2(lt) / L0(s)|L1(s)|L2(s),2,bus_r1_flow.11:[21 edges]; bus_r1_flow.10:[21 edges]
259.0,W,0,0,0,4,L0(s)|L1(lst) / L0(s)|L1(s),0,
259.0,N,0,2,68.89,6,L0(s)|L1(s)|L2(s) / L0(s)|L1(s)|L2(l),2,bus_r0_flow.8:[21 edges]; bus_r4_flow.4:[44 edges]
259.0,E,5,5,30.01,5,L0(s)|L1(s)|L2(s) / L0(s)|L1(ls),4,bus_r2_flow.9:[35 edges]; bus_r2_flow.6:[35 edges]; bus_r2_flow.8:[35 edges]; bus_r2_flow.7:[35 edges]
259.0,S,2,4,43.15,6,L0(rs)|L1(s)|L2(lt) / L0(s)|L1(s)|L2(s),2,bus_r1_flow.11:[21 edges]; bus_r1_flow.10:[21 edges]
260.0,W,0,0,0,4,L0(s)|L1(lst) / L0(s)|L1(s),0,
260.0,N,1,2,66.77,6,L0(s)|L1(s)|L2(s) / L0(s)|L1(s)|L2(l),2,bus_r0_flow.8:[21 edges]; bus_r4_flow.4:[44 edges]
260.0,E,5,5,30.01,5,L0(s)|L1(s)|L2(s) / L0(s)|L1(ls),4,bus_r2_flow.9:[35 edges]; bus_r2_flow.6:[35 edges]; bus_r2_flow.8:[35 edges]; bus_r2_flow.7:[35 edges]
260.0,S,2,4,41.03,6,L0(rs)|L1(s)|L2(lt) / L0(s)|L1(s)|L2(s),2,bus_r1_flow.11:[21 edges]; bus_r1_flow.10:[21 edges]
261.0,W,0,0,0,4,L0(s)|L1(lst) / L0(s)|L1(s),0,
261.0,N,2,3,70.0,6,L0(s)|L1(s)|L2(s) / L0(s)|L1(s)|L2(l),3,bus_r0_flow.8:[21 edges]; bus_r4_flow.5:[44 edges]; bus_r4_flow.4:[44 edges]
261.0,E,5,5,30.01,5,L0(s)|L1(s)|L2(s) / L0(s)|L1(ls),4,bus_r2_flow.9:[35 edges]; bus_r2_flow.6:[35 edges]; bus_r2_flow.8:[35 edges]; bus_r2_flow.7:[35 edges]
261.0,S,2,4,38.82,6,L0(rs)|L1(s)|L2(lt) / L0(s)|L1(s)|L2(s),2,bus_r1_flow.11:[21 edges]; bus_r1_flow.10:[21 edges]
262.0,W,0,0,0,4,L0(s)|L1(lst) / L0(s)|L1(s),0,
262.0,N,2,3,69.87,6,L0(s)|L1(s)|L2(s) / L0(s)|L1(s)|L2(l),3,bus_r0_flow.8:[21 edges]; bus_r4_flow.5:[44 edges]; bus_r4_flow.4:[44 edges]
262.0,E,5,5,30.01,5,L0(s)|L1(s)|L2(s) / L0(s)|L1(ls),4,bus_r2_flow.9:[35 edges]; bus_r2_flow.6:[35 edges]; bus_r2_flow.8:[35 edges]; bus_r2_flow.7:[35 edges]
262.0,S,1,3,45.01,6,L0(rs)|L1(s)|L2(lt) / L0(s)|L1(s)|L2(s),2,bus_r1_flow.11:[21 edges]; bus_r1_flow.10:[21 edges]
263.0,W,0,0,0,4,L0(s)|L1(lst) / L0(s)|L1(s),0,
263.0,N,2,3,68.06,6,L0(s)|L1(s)|L2(s) / L0(s)|L1(s)|L2(l),3,bus_r0_flow.8:[21 edges]; bus_r4_flow.5:[44 edges]; bus_r4_flow.4:[44 edges]
263.0,E,5,5,30.01,5,L0(s)|L1(s)|L2(s) / L0(s)|L1(ls),4,bus_r2_flow.9:[35 edges]; bus_r2_flow.6:[35 edges]; bus_r2_flow.8:[35 edges]; bus_r2_flow.7:[35 edges]
263.0,S,1,3,44.97,6,L0(rs)|L1(s)|L2(lt) / L0(s)|L1(s)|L2(s),2,bus_r1_flow.11:[21 edges]; bus_r1_flow.10:[21 edges]
264.0,W,0,0,0,4,L0(s)|L1(lst) / L0(s)|L1(s),0,
264.0,N,2,3,66.26,6,L0(s)|L1(s)|L2(s) / L0(s)|L1(s)|L2(l),3,bus_r0_flow.8:[21 edges]; bus_r4_flow.5:[44 edges]; bus_r4_flow.4:[44 edges]
264.0,E,5,5,30.01,5,L0(s)|L1(s)|L2(s) / L0(s)|L1(ls),4,bus_r2_flow.9:[35 edges]; bus_r2_flow.6:[35 edges]; bus_r2_flow.8:[35 edges]; bus_r2_flow.7:[35 edges]
264.0,S,1,3,44.92,6,L0(rs)|L1(s)|L2(lt) / L0(s)|L1(s)|L2(s),2,bus_r1_flow.11:[21 edges]; bus_r1_flow.10:[21 edges]
265.0,W,0,0,0,4,L0(s)|L1(lst) / L0(s)|L1(s),0,
265.0,N,2,4,67.51,6,L0(s)|L1(s)|L2(s) / L0(s)|L1(s)|L2(l),4,bus_r0_flow.9:[21 edges]; bus_r0_flow.8:[21 edges]; bus_r4_flow.5:[44 edges]; bus_r4_flow.4:[44 edges]
265.0,E,5,5,30.01,5,L0(s)|L1(s)|L2(s) / L0(s)|L1(ls),4,bus_r2_flow.9:[35 edges]; bus_r2_flow.6:[35 edges]; bus_r2_flow.8:[35 edges]; bus_r2_flow.7:[35 edges]
265.0,S,2,3,44.94,6,L0(rs)|L1(s)|L2(lt) / L0(s)|L1(s)|L2(s),2,bus_r1_flow.11:[21 edges]; bus_r1_flow.10:[21 edges]
266.0,W,0,0,0,4,L0(s)|L1(lst) / L0(s)|L1(s),0,
266.0,N,2,4,66.47,6,L0(s)|L1(s)|L2(s) / L0(s)|L1(s)|L2(l),4,bus_r0_flow.9:[21 edges]; bus_r0_flow.8:[21 edges]; bus_r4_flow.5:[44 edges]; bus_r4_flow.4:[44 edges]
266.0,E,5,5,30.01,5,L0(s)|L1(s)|L2(s) / L0(s)|L1(ls),4,bus_r2_flow.9:[35 edges]; bus_r2_flow.6:[35 edges]; bus_r2_flow.8:[35 edges]; bus_r2_flow.7:[35 edges]
266.0,S,2,3,44.88,6,L0(rs)|L1(s)|L2(lt) / L0(s)|L1(s)|L2(s),2,bus_r1_flow.11:[21 edges]; bus_r1_flow.10:[21 edges]
267.0,W,0,0,0,4,L0(s)|L1(lst) / L0(s)|L1(s),0,
267.0,N,2,4,64.59,6,L0(s)|L1(s)|L2(s) / L0(s)|L1(s)|L2(l),4,bus_r0_flow.9:[21 edges]; bus_r0_flow.8:[21 edges]; bus_r4_flow.5:[44 edges]; bus_r4_flow.4:[44 edges]
267.0,E,5,5,30.01,5,L0(s)|L1(s)|L2(s) / L0(s)|L1(ls),4,bus_r2_flow.9:[35 edges]; bus_r2_flow.6:[35 edges]; bus_r2_flow.8:[35 edges]; bus_r2_flow.7:[35 edges]
267.0,S,2,3,44.8,6,L0(rs)|L1(s)|L2(lt) / L0(s)|L1(s)|L2(s),2,bus_r1_flow.11:[21 edges]; bus_r1_flow.10:[21 edges]
268.0,W,0,0,0,4,L0(s)|L1(lst) / L0(s)|L1(s),0,
268.0,N,3,4,63.11,6,L0(s)|L1(s)|L2(s) / L0(s)|L1(s)|L2(l),4,bus_r0_flow.9:[21 edges]; bus_r0_flow.8:[21 edges]; bus_r4_flow.5:[44 edges]; bus_r4_flow.4:[44 edges]
268.0,E,5,5,30.01,5,L0(s)|L1(s)|L2(s) / L0(s)|L1(ls),4,bus_r2_flow.9:[35 edges]; bus_r2_flow.6:[35 edges]; bus_r2_flow.8:[35 edges]; bus_r2_flow.7:[35 edges]
268.0,S,2,3,43.36,6,L0(rs)|L1(s)|L2(lt) / L0(s)|L1(s)|L2(s),2,bus_r1_flow.11:[21 edges]; bus_r1_flow.10:[21 edges]
269.0,W,0,0,0,4,L0(s)|L1(lst) / L0(s)|L1(s),0,
269.0,N,3,4,61.67,6,L0(s)|L1(s)|L2(s) / L0(s)|L1(s)|L2(l),4,bus_r0_flow.9:[21 edges]; bus_r0_flow.8:[21 edges]; bus_r4_flow.5:[44 edges]; bus_r4_flow.4:[44 edges]
269.0,E,5,5,30.01,5,L0(s)|L1(s)|L2(s) / L0(s)|L1(ls),4,bus_r2_flow.9:[35 edges]; bus_r2_flow.6:[35 edges]; bus_r2_flow.8:[35 edges]; bus_r2_flow.7:[35 edges]
269.0,S,2,3,41.56,6,L0(rs)|L1(s)|L2(lt) / L0(s)|L1(s)|L2(s),2,bus_r1_flow.11:[21 edges]; bus_r1_flow.10:[21 edges]
270.0,W,0,0,0,4,L0(s)|L1(lst) / L0(s)|L1(s),0,
270.0,N,3,5,56.11,6,L0(s)|L1(s)|L2(s) / L0(s)|L1(s)|L2(l),5,bus_r0_flow.9:[21 edges]; bus_r0_flow.8:[21 edges]; bus_r4_flow.6:[44 edges]; bus_r4_flow.5:[44 edges]; bus_r4_flow.4:[44 edges]
270.0,E,5,5,30.01,5,L0(s)|L1(s)|L2(s) / L0(s)|L1(ls),4,bus_r2_flow.9:[35 edges]; bus_r2_flow.6:[35 edges]; bus_r2_flow.8:[35 edges]; bus_r2_flow.7:[35 edges]
270.0,S,2,3,39.84,6,L0(rs)|L1(s)|L2(lt) / L0(s)|L1(s)|L2(s),2,bus_r1_flow.11:[21 edges]; bus_r1_flow.10:[21 edges]
271.0,W,0,0,0,4,L0(s)|L1(lst) / L0(s)|L1(s),0,
271.0,N,3,5,55.01,6,L0(s)|L1(s)|L2(s) / L0(s)|L1(s)|L2(l),5,bus_r0_flow.9:[21 edges]; bus_r0_flow.8:[21 edges]; bus_r4_flow.6:[44 edges]; bus_r4_flow.5:[44 edges]; bus_r4_flow.4:[44 edges]
271.0,E,5,5,30.01,5,L0(s)|L1(s)|L2(s) / L0(s)|L1(ls),4,bus_r2_flow.9:[35 edges]; bus_r2_flow.6:[35 edges]; bus_r2_flow.8:[35 edges]; bus_r2_flow.7:[35 edges]
271.0,S,2,3,38.21,6,L0(rs)|L1(s)|L2(lt) / L0(s)|L1(s)|L2(s),2,bus_r1_flow.11:[21 edges]; bus_r1_flow.10:[21 edges]
272.0,W,0,0,0,4,L0(s)|L1(lst) / L0(s)|L1(s),0,
272.0,N,1,5,54.27,6,L0(s)|L1(s)|L2(s) / L0(s)|L1(s)|L2(l),5,bus_r0_flow.9:[21 edges]; bus_r0_flow.8:[21 edges]; bus_r4_flow.6:[44 edges]; bus_r4_flow.5:[44 edges]; bus_r4_flow.4:[44 edges]
272.0,E,5,5,30.01,5,L0(s)|L1(s)|L2(s) / L0(s)|L1(ls),4,bus_r2_flow.9:[35 edges]; bus_r2_flow.6:[35 edges]; bus_r2_flow.8:[35 edges]; bus_r2_flow.7:[35 edges]
272.0,S,0,3,38.13,6,L0(rs)|L1(s)|L2(lt) / L0(s)|L1(s)|L2(s),2,bus_r1_flow.11:[21 edges]; bus_r1_flow.10:[21 edges]
273.0,W,0,0,0,4,L0(s)|L1(lst) / L0(s)|L1(s),0,
273.0,N,0,5,53.68,6,L0(s)|L1(s)|L2(s) / L0(s)|L1(s)|L2(l),5,bus_r0_flow.9:[21 edges]; bus_r0_flow.8:[21 edges]; bus_r4_flow.6:[44 edges]; bus_r4_flow.5:[44 edges]; bus_r4_flow.4:[44 edges]
273.0,E,5,5,30.01,5,L0(s)|L1(s)|L2(s) / L0(s)|L1(ls),4,bus_r2_flow.9:[35 edges]; bus_r2_flow.6:[35 edges]; bus_r2_flow.8:[35 edges]; bus_r2_flow.7:[35 edges]
273.0,S,0,2,45.75,6,L0(rs)|L1(s)|L2(lt) / L0(s)|L1(s)|L2(s),2,bus_r1_flow.11:[21 edges]; bus_r1_flow.10:[21 edges]
274.0,W,0,0,0,4,L0(s)|L1(lst) / L0(s)|L1(s),0,
274.0,N,0,5,53.35,6,L0(s)|L1(s)|L2(s) / L0(s)|L1(s)|L2(l),5,bus_r0_flow.9:[21 edges]; bus_r0_flow.8:[21 edges]; bus_r4_flow.6:[44 edges]; bus_r4_flow.5:[44 edges]; bus_r4_flow.4:[44 edges]
274.0,E,5,5,30.01,5,L0(s)|L1(s)|L2(s) / L0(s)|L1(ls),4,bus_r2_flow.9:[35 edges]; bus_r2_flow.6:[35 edges]; bus_r2_flow.8:[35 edges]; bus_r2_flow.7:[35 edges]
274.0,S,0,2,46.5,6,L0(rs)|L1(s)|L2(lt) / L0(s)|L1(s)|L2(s),2,bus_r1_flow.11:[21 edges]; bus_r1_flow.10:[21 edges]
275.0,W,0,0,0,4,L0(s)|L1(lst) / L0(s)|L1(s),0,
275.0,N,0,5,54.2,6,L0(s)|L1(s)|L2(s) / L0(s)|L1(s)|L2(l),5,bus_r0_flow.9:[21 edges]; bus_r0_flow.8:[21 edges]; bus_r4_flow.6:[44 edges]; bus_r4_flow.5:[44 edges]; bus_r4_flow.4:[44 edges]
275.0,E,5,5,30.01,5,L0(s)|L1(s)|L2(s) / L0(s)|L1(ls),4,bus_r2_flow.9:[35 edges]; bus_r2_flow.6:[35 edges]; bus_r2_flow.8:[35 edges]; bus_r2_flow.7:[35 edges]
275.0,S,0,2,47.16,6,L0(rs)|L1(s)|L2(lt) / L0(s)|L1(s)|L2(s),2,bus_r1_flow.11:[21 edges]; bus_r1_flow.10:[21 edges]
276.0,W,0,0,0,4,L0(s)|L1(lst) / L0(s)|L1(s),0,
276.0,N,0,5,54.49,6,L0(s)|L1(s)|L2(s) / L0(s)|L1(s)|L2(l),5,bus_r0_flow.9:[21 edges]; bus_r0_flow.8:[21 edges]; bus_r4_flow.6:[44 edges]; bus_r4_flow.5:[44 edges]; bus_r4_flow.4:[44 edges]
276.0,E,5,5,30.01,5,L0(s)|L1(s)|L2(s) / L0(s)|L1(ls),4,bus_r2_flow.9:[35 edges]; bus_r2_flow.6:[35 edges]; bus_r2_flow.8:[35 edges]; bus_r2_flow.7:[35 edges]
276.0,S,0,1,51.55,6,L0(rs)|L1(s)|L2(lt) / L0(s)|L1(s)|L2(s),1,bus_r1_flow.11:[21 edges]
277.0,W,0,0,0,4,L0(s)|L1(lst) / L0(s)|L1(s),0,
277.0,N,0,3,70.81,6,L0(s)|L1(s)|L2(s) / L0(s)|L1(s)|L2(l),3,bus_r4_flow.6:[44 edges]; bus_r4_flow.5:[44 edges]; bus_r4_flow.4:[44 edges]
277.0,E,3,6,28.21,5,L0(s)|L1(s)|L2(s) / L0(s)|L1(ls),4,bus_r2_flow.9:[35 edges]; bus_r2_flow.6:[35 edges]; bus_r2_flow.8:[35 edges]; bus_r2_flow.7:[35 edges]
277.0,S,0,1,51.95,6,L0(rs)|L1(s)|L2(lt) / L0(s)|L1(s)|L2(s),1,bus_r1_flow.11:[21 edges]
278.0,W,0,0,0,4,L0(s)|L1(lst) / L0(s)|L1(s),0,
278.0,N,1,4,57.27,6,L0(s)|L1(s)|L2(s) / L0(s)|L1(s)|L2(l),4,bus_r4_flow.6:[44 edges]; bus_r4_flow.5:[44 edges]; bus_r4_flow.4:[44 edges] | bus_r1_flow.9:[21 edges]
278.0,E,1,4,28.15,5,L0(s)|L1(s)|L2(s) / L0(s)|L1(ls),2,bus_r2_flow.9:[35 edges]; bus_r2_flow.8:[35 edges]
278.0,S,0,1,52.34,6,L0(rs)|L1(s)|L2(lt) / L0(s)|L1(s)|L2(s),1,bus_r1_flow.11:[21 edges]
279.0,W,0,0,0,4,L0(s)|L1(lst) / L0(s)|L1(s),0,
279.0,N,2,5,44.62,6,L0(s)|L1(s)|L2(s) / L0(s)|L1(s)|L2(l),5,bus_r4_flow.6:[44 edges]; bus_r4_flow.5:[44 edges]; bus_r4_flow.4:[44 edges] | bus_r1_flow.8:[21 edges]; bus_r1_flow.9:[21 edges]
279.0,E,0,4,29.64,5,L0(s)|L1(s)|L2(s) / L0(s)|L1(ls),2,bus_r2_flow.9:[35 edges]; bus_r2_flow.8:[35 edges]
279.0,S,0,4,40.76,6,L0(rs)|L1(s)|L2(lt) / L0(s)|L1(s)|L2(s),4,bus_r0_flow.6:[21 edges]; bus_r0_flow.7:[21 edges] | bus_r1_flow.11:[21 edges]; bus_r1_flow.12:[21 edges]
280.0,W,0,0,0,4,L0(s)|L1(lst) / L0(s)|L1(s),0,
280.0,N,3,5,45.39,6,L0(s)|L1(s)|L2(s) / L0(s)|L1(s)|L2(l),5,bus_r4_flow.6:[44 edges]; bus_r4_flow.5:[44 edges]; bus_r4_flow.4:[44 edges] | bus_r1_flow.8:[21 edges]; bus_r1_flow.9:[21 edges]
280.0,E,0,4,31.62,5,L0(s)|L1(s)|L2(s) / L0(s)|L1(ls),2,bus_r2_flow.9:[35 edges]; bus_r2_flow.8:[35 edges]
280.0,S,0,4,42.47,6,L0(rs)|L1(s)|L2(lt) / L0(s)|L1(s)|L2(s),4,bus_r0_flow.6:[21 edges]; bus_r0_flow.7:[21 edges] | bus_r1_flow.11:[21 edges]; bus_r1_flow.12:[21 edges]
281.0,W,0,0,0,4,L0(s)|L1(lst) / L0(s)|L1(s),0,
281.0,N,3,5,46.1,6,L0(s)|L1(s)|L2(s) / L0(s)|L1(s)|L2(l),5,bus_r4_flow.6:[44 edges]; bus_r4_flow.5:[44 edges]; bus_r4_flow.4:[44 edges] | bus_r1_flow.8:[21 edges]; bus_r1_flow.9:[21 edges]
281.0,E,0,5,27.85,5,L0(s)|L1(s)|L2(s) / L0(s)|L1(ls),3,bus_r5_flow.6:[25 edges] | bus_r2_flow.9:[35 edges]; bus_r2_flow.8:[35 edges]
281.0,S,0,3,50.42,6,L0(rs)|L1(s)|L2(lt) / L0(s)|L1(s)|L2(s),3,bus_r0_flow.6:[21 edges]; bus_r0_flow.7:[21 edges] | bus_r1_flow.12:[21 edges]
282.0,W,0,0,0,4,L0(s)|L1(lst) / L0(s)|L1(s),0,
282.0,N,3,6,43.57,6,L0(s)|L1(s)|L2(s) / L0(s)|L1(s)|L2(l),6,bus_r4_flow.6:[44 edges]; bus_r4_flow.5:[44 edges]; bus_r4_flow.4:[44 edges] | bus_r1_flow.8:[21 edges]; bus_r1_flow.10:[21 edges]; bus_r1_flow.9:[21 edges]
282.0,E,0,5,28.51,5,L0(s)|L1(s)|L2(s) / L0(s)|L1(ls),3,bus_r5_flow.6:[25 edges] | bus_r2_flow.9:[35 edges]; bus_r2_flow.8:[35 edges]
282.0,S,0,4,49.47,6,L0(rs)|L1(s)|L2(lt) / L0(s)|L1(s)|L2(s),4,bus_r0_flow.9:[21 edges]; bus_r0_flow.6:[21 edges]; bus_r0_flow.7:[21 edges] | bus_r1_flow.12:[21 edges]
283.0,W,0,0,0,4,L0(s)|L1(lst) / L0(s)|L1(s),0,
283.0,N,3,6,43.09,6,L0(s)|L1(s)|L2(s) / L0(s)|L1(s)|L2(l),6,bus_r4_flow.6:[44 edges]; bus_r4_flow.5:[44 edges]; bus_r4_flow.4:[44 edges] | bus_r1_flow.8:[21 edges]; bus_r1_flow.10:[21 edges]; bus_r1_flow.9:[21 edges]
283.0,E,0,5,31.09,5,L0(s)|L1(s)|L2(s) / L0(s)|L1(ls),3,bus_r5_flow.6:[25 edges] | bus_r2_flow.9:[35 edges]; bus_r2_flow.8:[35 edges]
283.0,S,0,5,49.66,6,L0(rs)|L1(s)|L2(lt) / L0(s)|L1(s)|L2(s),5,bus_r0_flow.9:[21 edges]; bus_r0_flow.6:[21 edges]; bus_r0_flow.8:[21 edges]; bus_r0_flow.7:[21 edges] | bus_r1_flow.12:[21 edges]
284.0,W,0,1,59.41,4,L0(s)|L1(lst) / L0(s)|L1(s),0,
284.0,N,3,6,41.5,6,L0(s)|L1(s)|L2(s) / L0(s)|L1(s)|L2(l),6,bus_r4_flow.6:[44 edges]; bus_r4_flow.5:[44 edges]; bus_r4_flow.4:[44 edges] | bus_r1_flow.8:[21 edges]; bus_r1_flow.10:[21 edges]; bus_r1_flow.9:[21 edges]
284.0,E,0,4,40.63,5,L0(s)|L1(s)|L2(s) / L0(s)|L1(ls),2,bus_r5_flow.7:[25 edges]; bus_r5_flow.6:[25 edges]
284.0,S,0,5,50.7,6,L0(rs)|L1(s)|L2(lt) / L0(s)|L1(s)|L2(s),5,bus_r0_flow.9:[21 edges]; bus_r0_flow.6:[21 edges]; bus_r0_flow.8:[21 edges]; bus_r0_flow.7:[21 edges] | bus_r1_flow.12:[21 edges]
285.0,W,0,1,59.17,4,L0(s)|L1(lst) / L0(s)|L1(s),0,
285.0,N,3,9,40.17,6,L0(s)|L1(s)|L2(s) / L0(s)|L1(s)|L2(l),7,bus_r4_flow.6:[44 edges]; bus_r4_flow.5:[44 edges]; bus_r4_flow.4:[44 edges] | bus_r1_flow.11:[21 edges]; bus_r1_flow.8:[21 edges]; bus_r1_flow.10:[21 edges]; bus_r1_flow.9:[21 edges]
285.0,E,0,4,41.54,5,L0(s)|L1(s)|L2(s) / L0(s)|L1(ls),2,bus_r5_flow.7:[25 edges]; bus_r5_flow.6:[25 edges]
285.0,S,0,5,51.92,6,L0(rs)|L1(s)|L2(lt) / L0(s)|L1(s)|L2(s),5,bus_r0_flow.9:[21 edges]; bus_r0_flow.6:[21 edges]; bus_r0_flow.8:[21 edges]; bus_r0_flow.7:[21 edges] | bus_r1_flow.12:[21 edges]
286.0,W,0,1,59.62,4,L0(s)|L1(lst) / L0(s)|L1(s),0,
286.0,N,3,9,33.04,6,L0(s)|L1(s)|L2(s) / L0(s)|L1(s)|L2(l),7,bus_r4_flow.6:[44 edges]; bus_r4_flow.5:[44 edges]; bus_r4_flow.4:[44 edges] | bus_r1_flow.11:[21 edges]; bus_r1_flow.8:[21 edges]; bus_r1_flow.10:[21 edges]; bus_r1_flow.9:[21 edges]
286.0,E,0,4,43.3,5,L0(s)|L1(s)|L2(s) / L0(s)|L1(ls),2,bus_r5_flow.7:[25 edges]; bus_r5_flow.6:[25 edges]
286.0,S,0,5,53.09,6,L0(rs)|L1(s)|L2(lt) / L0(s)|L1(s)|L2(s),5,bus_r0_flow.9:[21 edges]; bus_r0_flow.6:[21 edges]; bus_r0_flow.8:[21 edges]; bus_r0_flow.7:[21 edges] | bus_r1_flow.12:[21 edges]
287.0,W,0,1,59.51,4,L0(s)|L1(lst) / L0(s)|L1(s),0,
287.0,N,3,8,34.09,6,L0(s)|L1(s)|L2(s) / L0(s)|L1(s)|L2(l),6,bus_r4_flow.6:[44 edges]; bus_r4_flow.5:[44 edges]; bus_r4_flow.4:[44 edges] | bus_r1_flow.11:[21 edges]; bus_r1_flow.8:[21 edges]; bus_r1_flow.10:[21 edges]
287.0,E,0,4,44.87,5,L0(s)|L1(s)|L2(s) / L0(s)|L1(ls),2,bus_r5_flow.7:[25 edges]; bus_r5_flow.6:[25 edges]
287.0,S,0,5,54.25,6,L0(rs)|L1(s)|L2(lt) / L0(s)|L1(s)|L2(s),5,bus_r0_flow.9:[21 edges]; bus_r0_flow.6:[21 edges]; bus_r0_flow.8:[21 edges]; bus_r0_flow.7:[21 edges] | bus_r1_flow.12:[21 edges]
288.0,W,0,2,50.61,4,L0(s)|L1(lst) / L0(s)|L1(s),0,
288.0,N,3,8,32.84,6,L0(s)|L1(s)|L2(s) / L0(s)|L1(s)|L2(l),6,bus_r4_flow.6:[44 edges]; bus_r4_flow.5:[44 edges]; bus_r4_flow.4:[44 edges] | bus_r1_flow.11:[21 edges]; bus_r1_flow.8:[21 edges]; bus_r1_flow.10:[21 edges]
288.0,E,0,3,55.11,5,L0(s)|L1(s)|L2(s) / L0(s)|L1(ls),2,bus_r5_flow.7:[25 edges]; bus_r5_flow.6:[25 edges]
288.0,S,0,5,55.46,6,L0(rs)|L1(s)|L2(lt) / L0(s)|L1(s)|L2(s),5,bus_r0_flow.9:[21 edges]; bus_r0_flow.6:[21 edges]; bus_r0_flow.8:[21 edges]; bus_r0_flow.7:[21 edges] | bus_r1_flow.12:[21 edges]
289.0,W,0,2,55.06,4,L0(s)|L1(lst) / L0(s)|L1(s),0,
289.0,N,3,7,34.9,6,L0(s)|L1(s)|L2(s) / L0(s)|L1(s)|L2(l),6,bus_r4_flow.6:[44 edges]; bus_r4_flow.5:[44 edges]; bus_r4_flow.4:[44 edges] | bus_r1_flow.11:[21 edges]; bus_r1_flow.8:[21 edges]; bus_r1_flow.10:[21 edges]
289.0,E,0,3,53.86,5,L0(s)|L1(s)|L2(s) / L0(s)|L1(ls),2,bus_r5_flow.7:[25 edges]; bus_r5_flow.6:[25 edges]
289.0,S,0,5,56.43,6,L0(rs)|L1(s)|L2(lt) / L0(s)|L1(s)|L2(s),5,bus_r0_flow.9:[21 edges]; bus_r0_flow.6:[21 edges]; bus_r0_flow.8:[21 edges]; bus_r0_flow.7:[21 edges] | bus_r1_flow.12:[21 edges]
290.0,W,0,2,56.23,4,L0(s)|L1(lst) / L0(s)|L1(s),0,
290.0,N,3,7,35.92,6,L0(s)|L1(s)|L2(s) / L0(s)|L1(s)|L2(l),6,bus_r4_flow.6:[44 edges]; bus_r4_flow.5:[44 edges]; bus_r4_flow.4:[44 edges] | bus_r1_flow.11:[21 edges]; bus_r1_flow.10:[21 edges]; bus_r1_flow.8:[21 edges]
290.0,E,0,2,58.47,5,L0(s)|L1(s)|L2(s) / L0(s)|L1(ls),2,bus_r5_flow.7:[25 edges]; bus_r5_flow.6:[25 edges]
290.0,S,0,5,57.44,6,L0(rs)|L1(s)|L2(lt) / L0(s)|L1(s)|L2(s),5,bus_r0_flow.9:[21 edges]; bus_r0_flow.6:[21 edges]; bus_r0_flow.8:[21 edges]; bus_r0_flow.7:[21 edges] | bus_r1_flow.12:[21 edges]
291.0,W,0,2,56.88,4,L0(s)|L1(lst) / L0(s)|L1(s),0,
291.0,N,4,6,44.51,6,L0(s)|L1(s)|L2(s) / L0(s)|L1(s)|L2(l),6,bus_r4_flow.6:[44 edges]; bus_r4_flow.5:[44 edges]; bus_r4_flow.4:[44 edges] | bus_r1_flow.10:[21 edges]; bus_r1_flow.11:[21 edges]; bus_r1_flow.8:[21 edges]
291.0,E,0,2,59.05,5,L0(s)|L1(s)|L2(s) / L0(s)|L1(ls),2,bus_r5_flow.7:[25 edges]; bus_r5_flow.6:[25 edges]
291.0,S,0,5,58.05,6,L0(rs)|L1(s)|L2(lt) / L0(s)|L1(s)|L2(s),4,bus_r0_flow.9:[21 edges]; bus_r0_flow.6:[21 edges]; bus_r0_flow.8:[21 edges]; bus_r0_flow.7:[21 edges]
292.0,W,0,2,58.19,4,L0(s)|L1(lst) / L0(s)|L1(s),0,
292.0,N,3,6,45.36,6,L0(s)|L1(s)|L2(s) / L0(s)|L1(s)|L2(l),6,bus_r4_flow.6:[44 edges]; bus_r4_flow.5:[44 edges]; bus_r4_flow.4:[44 edges] | bus_r1_flow.10:[21 edges]; bus_r1_flow.11:[21 edges]; bus_r1_flow.8:[21 edges]
292.0,E,0,3,55.32,5,L0(s)|L1(s)|L2(s) / L0(s)|L1(ls),3,bus_r5_flow.7:[25 edges]; bus_r5_flow.6:[25 edges]; bus_r5_flow.9:[25 edges]
292.0,S,0,5,58.62,6,L0(rs)|L1(s)|L2(lt) / L0(s)|L1(s)|L2(s),4,bus_r0_flow.9:[21 edges]; bus_r0_flow.6:[21 edges]; bus_r0_flow.8:[21 edges]; bus_r0_flow.7:[21 edges]
293.0,W,0,1,57.17,4,L0(s)|L1(lst) / L0(s)|L1(s),0,
293.0,N,3,6,48.51,6,L0(s)|L1(s)|L2(s) / L0(s)|L1(s)|L2(l),6,bus_r4_flow.6:[44 edges]; bus_r4_flow.5:[44 edges]; bus_r4_flow.4:[44 edges] | bus_r1_flow.12:[21 edges]; bus_r1_flow.10:[21 edges]; bus_r1_flow.11:[21 edges]
293.0,E,0,3,54.18,5,L0(s)|L1(s)|L2(s) / L0(s)|L1(ls),3,bus_r5_flow.6:[25 edges]; bus_r5_flow.9:[25 edges]; bus_r5_flow.7:[25 edges]
293.0,S,0,6,59.41,6,L0(rs)|L1(s)|L2(lt) / L0(s)|L1(s)|L2(s),4,bus_r0_flow.9:[21 edges]; bus_r0_flow.6:[21 edges]; bus_r0_flow.8:[21 edges]; bus_r0_flow.7:[21 edges]
294.0,W,0,0,0,4,L0(s)|L1(lst) / L0(s)|L1(s),0,
294.0,N,3,6,47.94,6,L0(s)|L1(s)|L2(s) / L0(s)|L1(s)|L2(l),6,bus_r4_flow.6:[44 edges]; bus_r4_flow.5:[44 edges]; bus_r4_flow.4:[44 edges] | bus_r1_flow.12:[21 edges]; bus_r1_flow.10:[21 edges]; bus_r1_flow.11:[21 edges]
294.0,E,0,3,52.46,5,L0(s)|L1(s)|L2(s) / L0(s)|L1(ls),3,bus_r5_flow.6:[25 edges]; bus_r5_flow.9:[25 edges]; bus_r5_flow.7:[25 edges]
294.0,S,0,5,59.74,6,L0(rs)|L1(s)|L2(lt) / L0(s)|L1(s)|L2(s),3,bus_r0_flow.9:[21 edges]; bus_r0_flow.6:[21 edges]; bus_r0_flow.8:[21 edges]
295.0,W,0,0,0,4,L0(s)|L1(lst) / L0(s)|L1(s),0,
295.0,N,2,6,47.77,6,L0(s)|L1(s)|L2(s) / L0(s)|L1(s)|L2(l),6,bus_r4_flow.6:[44 edges]; bus_r4_flow.5:[44 edges]; bus_r4_flow.4:[44 edges] | bus_r1_flow.12:[21 edges]; bus_r1_flow.10:[21 edges]; bus_r1_flow.11:[21 edges]
295.0,E,0,2,55.6,5,L0(s)|L1(s)|L2(s) / L0(s)|L1(ls),2,bus_r5_flow.9:[25 edges]; bus_r5_flow.7:[25 edges]
295.0,S,0,4,59.56,6,L0(rs)|L1(s)|L2(lt) / L0(s)|L1(s)|L2(s),2,bus_r0_flow.9:[21 edges]; bus_r0_flow.8:[21 edges]
296.0,W,0,0,0,4,L0(s)|L1(lst) / L0(s)|L1(s),0,
296.0,N,1,6,49.55,6,L0(s)|L1(s)|L2(s) / L0(s)|L1(s)|L2(l),5,bus_r4_flow.6:[44 edges]; bus_r4_flow.5:[44 edges]; bus_r4_flow.4:[44 edges] | bus_r1_flow.12:[21 edges]; bus_r1_flow.10:[21 edges]
296.0,E,0,2,54.15,5,L0(s)|L1(s)|L2(s) / L0(s)|L1(ls),2,bus_r5_flow.9:[25 edges]; bus_r5_flow.7:[25 edges]
296.0,S,0,4,59.62,6,L0(rs)|L1(s)|L2(lt) / L0(s)|L1(s)|L2(s),2,bus_r0_flow.9:[21 edges]; bus_r0_flow.8:[21 edges]
297.0,W,0,1,53.27,4,L0(s)|L1(lst) / L0(s)|L1(s),0,
297.0,N,0,6,50.76,6,L0(s)|L1(s)|L2(s) / L0(s)|L1(s)|L2(l),5,bus_r4_flow.6:[44 edges]; bus_r4_flow.5:[44 edges]; bus_r4_flow.4:[44 edges] | bus_r1_flow.12:[21 edges]; bus_r1_flow.10:[21 edges]
297.0,E,0,2,54.81,5,L0(s)|L1(s)|L2(s) / L0(s)|L1(ls),2,bus_r5_flow.8:[25 edges]; bus_r5_flow.9:[25 edges]
297.0,S,0,3,59.59,6,L0(rs)|L1(s)|L2(lt) / L0(s)|L1(s)|L2(s),1,bus_r0_flow.8:[21 edges]
298.0,W,0,1,55.17,4,L0(s)|L1(lst) / L0(s)|L1(s),0,
298.0,N,0,5,54.56,6,L0(s)|L1(s)|L2(s) / L0(s)|L1(s)|L2(l),4,bus_r4_flow.6:[44 edges]; bus_r4_flow.5:[44 edges] | bus_r1_flow.12:[21 edges]; bus_r1_flow.10:[21 edges]
298.0,E,0,2,55.43,5,L0(s)|L1(s)|L2(s) / L0(s)|L1(ls),2,bus_r5_flow.8:[25 edges]; bus_r5_flow.9:[25 edges]
298.0,S,0,2,59.78,6,L0(rs)|L1(s)|L2(lt) / L0(s)|L1(s)|L2(s),0,
299.0,W,0,3,56.56,4,L0(s)|L1(lst) / L0(s)|L1(s),2,bus_r2_flow.10:[35 edges]; bus_r2_flow.11:[35 edges]
299.0,N,0,5,53.82,6,L0(s)|L1(s)|L2(s) / L0(s)|L1(s)|L2(l),4,bus_r4_flow.6:[44 edges]; bus_r4_flow.5:[44 edges] | bus_r1_flow.12:[21 edges]; bus_r1_flow.10:[21 edges]
299.0,E,0,2,56.24,5,L0(s)|L1(s)|L2(s) / L0(s)|L1(ls),2,bus_r5_flow.8:[25 edges]; bus_r5_flow.9:[25 edges]
299.0,S,0,3,59.79,6,L0(rs)|L1(s)|L2(lt) / L0(s)|L1(s)|L2(s),1,bus_r1_flow.13:[21 edges]
300.0,W,0,3,57.53,4,L0(s)|L1(lst) / L0(s)|L1(s),2,bus_r2_flow.10:[35 edges]; bus_r2_flow.11:[35 edges]
300.0,N,0,5,54.53,6,L0(s)|L1(s)|L2(s) / L0(s)|L1(s)|L2(l),4,bus_r4_flow.6:[44 edges]; bus_r4_flow.5:[44 edges] | bus_r1_flow.12:[21 edges]; bus_r1_flow.10:[21 edges]
300.0,E,0,4,45.26,5,L0(s)|L1(s)|L2(s) / L0(s)|L1(ls),3,bus_r5_flow.8:[25 edges]; bus_r5_flow.9:[25 edges] | bus_r4_flow.3:[44 edges]
300.0,S,0,3,59.81,6,L0(rs)|L1(s)|L2(lt) / L0(s)|L1(s)|L2(s),1,bus_r1_flow.13:[21 edges]
301.0,W,0,3,59.12,4,L0(s)|L1(lst) / L0(s)|L1(s),2,bus_r2_flow.10:[35 edges]; bus_r2_flow.11:[35 edges]
301.0,N,0,5,55.62,6,L0(s)|L1(s)|L2(s) / L0(s)|L1(s)|L2(l),4,bus_r4_flow.6:[44 edges]; bus_r4_flow.5:[44 edges] | bus_r1_flow.12:[21 edges]; bus_r1_flow.10:[21 edges]
301.0,E,0,4,46.41,5,L0(s)|L1(s)|L2(s) / L0(s)|L1(ls),3,bus_r5_flow.8:[25 edges]; bus_r5_flow.9:[25 edges] | bus_r4_flow.3:[44 edges]
301.0,S,0,3,59.37,6,L0(rs)|L1(s)|L2(lt) / L0(s)|L1(s)|L2(s),1,bus_r1_flow.13:[21 edges]
302.0,W,0,4,56.7,4,L0(s)|L1(lst) / L0(s)|L1(s),3,bus_r2_flow.12:[35 edges]; bus_r2_flow.10:[35 edges]; bus_r2_flow.11:[35 edges]
302.0,N,0,3,65.98,6,L0(s)|L1(s)|L2(s) / L0(s)|L1(s)|L2(l),2,bus_r4_flow.6:[44 edges] | bus_r1_flow.12:[21 edges]
302.0,E,0,5,45.72,5,L0(s)|L1(s)|L2(s) / L0(s)|L1(ls),4,bus_r3_flow.8:[35 edges]; bus_r5_flow.8:[25 edges]; bus_r5_flow.9:[25 edges] | bus_r4_flow.3:[44 edges]
302.0,S,0,4,60.46,6,L0(rs)|L1(s)|L2(lt) / L0(s)|L1(s)|L2(s),1,bus_r1_flow.13:[21 edges]
303.0,W,0,3,52.94,4,L0(s)|L1(lst) / L0(s)|L1(s),3,bus_r2_flow.12:[35 edges]; bus_r2_flow.10:[35 edges]; bus_r2_flow.11:[35 edges]
303.0,N,0,3,67.65,6,L0(s)|L1(s)|L2(s) / L0(s)|L1(s)|L2(l),2,bus_r4_flow.6:[44 edges] | bus_r1_flow.12:[21 edges]
303.0,E,0,5,45.81,5,L0(s)|L1(s)|L2(s) / L0(s)|L1(ls),4,bus_r3_flow.8:[35 edges]; bus_r5_flow.8:[25 edges]; bus_r5_flow.9:[25 edges] | bus_r4_flow.3:[44 edges]
303.0,S,0,4,58.54,6,L0(rs)|L1(s)|L2(lt) / L0(s)|L1(s)|L2(s),1,bus_r1_flow.13:[21 edges]
304.0,W,0,3,47.26,4,L0(s)|L1(lst) / L0(s)|L1(s),3,bus_r2_flow.12:[35 edges]; bus_r2_flow.10:[35 edges]; bus_r2_flow.11:[35 edges]
304.0,N,0,3,68.47,6,L0(s)|L1(s)|L2(s) / L0(s)|L1(s)|L2(l),2,bus_r4_flow.6:[44 edges] | bus_r1_flow.12:[21 edges]
304.0,E,0,7,43.74,5,L0(s)|L1(s)|L2(s) / L0(s)|L1(ls),6,bus_r3_flow.8:[35 edges]; bus_r3_flow.9:[35 edges]; bus_r5_flow.8:[25 edges]; bus_r5_flow.9:[25 edges] | bus_r4_flow.4:[44 edges]; bus_r4_flow.3:[44 edges]
304.0,S,0,4,55.68,6,L0(rs)|L1(s)|L2(lt) / L0(s)|L1(s)|L2(s),1,bus_r1_flow.13:[21 edges]
305.0,W,0,3,40.12,4,L0(s)|L1(lst) / L0(s)|L1(s),3,bus_r2_flow.12:[35 edges]; bus_r2_flow.10:[35 edges]; bus_r2_flow.11:[35 edges]
305.0,N,0,2,80.66,6,L0(s)|L1(s)|L2(s) / L0(s)|L1(s)|L2(l),1,bus_r4_flow.6:[44 edges]
305.0,E,0,8,43.68,5,L0(s)|L1(s)|L2(s) / L0(s)|L1(ls),7,bus_r3_flow.7:[35 edges]; bus_r3_flow.8:[35 edges]; bus_r3_flow.9:[35 edges]; bus_r5_flow.8:[25 edges]; bus_r5_flow.9:[25 edges] | bus_r4_flow.4:[44 edges]; bus_r4_flow.3:[44 edges]
305.0,S,0,2,60.65,6,L0(rs)|L1(s)|L2(lt) / L0(s)|L1(s)|L2(s),1,bus_r1_flow.13:[21 edges]
306.0,W,2,3,34.0,4,L0(s)|L1(lst) / L0(s)|L1(s),3,bus_r2_flow.12:[35 edges]; bus_r2_flow.10:[35 edges]; bus_r2_flow.11:[35 edges]
306.0,N,0,1,87.18,6,L0(s)|L1(s)|L2(s) / L0(s)|L1(s)|L2(l),0,
306.0,E,1,8,44.99,5,L0(s)|L1(s)|L2(s) / L0(s)|L1(ls),7,bus_r3_flow.7:[35 edges]; bus_r3_flow.8:[35 edges]; bus_r3_flow.9:[35 edges]; bus_r5_flow.8:[25 edges]; bus_r5_flow.9:[25 edges] | bus_r4_flow.4:[44 edges]; bus_r4_flow.3:[44 edges]
306.0,S,0,2,61.59,6,L0(rs)|L1(s)|L2(lt) / L0(s)|L1(s)|L2(s),1,bus_r1_flow.13:[21 edges]
307.0,W,2,3,31.82,4,L0(s)|L1(lst) / L0(s)|L1(s),3,bus_r2_flow.12:[35 edges]; bus_r2_flow.10:[35 edges]; bus_r2_flow.11:[35 edges]
307.0,N,0,1,85.93,6,L0(s)|L1(s)|L2(s) / L0(s)|L1(s)|L2(l),0,
307.0,E,1,10,40.61,5,L0(s)|L1(s)|L2(s) / L0(s)|L1(ls),9,bus_r3_flow.7:[35 edges]; bus_r3_flow.8:[35 edges]; bus_r3_flow.10:[35 edges]; bus_r3_flow.9:[35 edges]; bus_r5_flow.8:[25 edges]; bus_r5_flow.9:[25 edges] | bus_r4_flow.3:[44 edges]; bus_r4_flow.5:[44 edges]; bus_r4_flow.4:[44 edges]
307.0,S,0,2,61.27,6,L0(rs)|L1(s)|L2(lt) / L0(s)|L1(s)|L2(s),1,bus_r1_flow.13:[21 edges]
308.0,W,2,4,37.43,4,L0(s)|L1(lst) / L0(s)|L1(s),4,bus_r2_flow.13:[35 edges]; bus_r2_flow.12:[35 edges]; bus_r2_flow.10:[35 edges]; bus_r2_flow.11:[35 edges]
308.0,N,0,1,85.0,6,L0(s)|L1(s)|L2(s) / L0(s)|L1(s)|L2(l),0,
308.0,E,1,10,41.15,5,L0(s)|L1(s)|L2(s) / L0(s)|L1(ls),9,bus_r3_flow.7:[35 edges]; bus_r3_flow.8:[35 edges]; bus_r3_flow.10:[35 edges]; bus_r3_flow.9:[35 edges]; bus_r5_flow.8:[25 edges]; bus_r5_flow.9:[25 edges] | bus_r4_flow.3:[44 edges]; bus_r4_flow.5:[44 edges]; bus_r4_flow.4:[44 edges]
308.0,S,0,2,60.75,6,L0(rs)|L1(s)|L2(lt) / L0(s)|L1(s)|L2(s),1,bus_r1_flow.13:[21 edges]
309.0,W,3,4,37.2,4,L0(s)|L1(lst) / L0(s)|L1(s),4,bus_r2_flow.13:[35 edges]; bus_r2_flow.12:[35 edges]; bus_r2_flow.10:[35 edges]; bus_r2_flow.11:[35 edges]
309.0,N,0,1,83.63,6,L0(s)|L1(s)|L2(s) / L0(s)|L1(s)|L2(l),0,
309.0,E,1,11,41.13,5,L0(s)|L1(s)|L2(s) / L0(s)|L1(ls),9,bus_r3_flow.7:[35 edges]; bus_r3_flow.8:[35 edges]; bus_r3_flow.10:[35 edges]; bus_r3_flow.9:[35 edges]; bus_r5_flow.8:[25 edges]; bus_r5_flow.9:[25 edges] | bus_r4_flow.3:[44 edges]; bus_r4_flow.5:[44 edges]; bus_r4_flow.4:[44 edges]
309.0,S,0,2,60.97,6,L0(rs)|L1(s)|L2(lt) / L0(s)|L1(s)|L2(s),1,bus_r1_flow.13:[21 edges]
310.0,W,3,4,35.41,4,L0(s)|L1(lst) / L0(s)|L1(s),4,bus_r2_flow.12:[35 edges]; bus_r2_flow.10:[35 edges]; bus_r2_flow.13:[35 edges]; bus_r2_flow.11:[35 edges]
310.0,N,0,1,83.47,6,L0(s)|L1(s)|L2(s) / L0(s)|L1(s)|L2(l),0,
310.0,E,2,11,40.22,5,L0(s)|L1(s)|L2(s) / L0(s)|L1(ls),9,bus_r3_flow.7:[35 edges]; bus_r3_flow.8:[35 edges]; bus_r3_flow.10:[35 edges]; bus_r3_flow.9:[35 edges]; bus_r5_flow.8:[25 edges]; bus_r5_flow.9:[25 edges] | bus_r4_flow.3:[44 edges]; bus_r4_flow.5:[44 edges]; bus_r4_flow.4:[44 edges]
310.0,S,0,2,59.81,6,L0(rs)|L1(s)|L2(lt) / L0(s)|L1(s)|L2(s),1,bus_r1_flow.13:[21 edges]
311.0,W,1,4,36.25,4,L0(s)|L1(lst) / L0(s)|L1(s),4,bus_r2_flow.12:[35 edges]; bus_r2_flow.10:[35 edges]; bus_r2_flow.13:[35 edges]; bus_r2_flow.11:[35 edges]
311.0,N,1,1,83.37,6,L0(s)|L1(s)|L2(s) / L0(s)|L1(s)|L2(l),0,
311.0,E,1,11,39.25,5,L0(s)|L1(s)|L2(s) / L0(s)|L1(ls),9,bus_r3_flow.7:[35 edges]; bus_r3_flow.8:[35 edges]; bus_r3_flow.10:[35 edges]; bus_r3_flow.9:[35 edges]; bus_r5_flow.8:[25 edges]; bus_r5_flow.9:[25 edges] | bus_r4_flow.3:[44 edges]; bus_r4_flow.5:[44 edges]; bus_r4_flow.4:[44 edges]
311.0,S,0,2,56.82,6,L0(rs)|L1(s)|L2(lt) / L0(s)|L1(s)|L2(s),1,bus_r1_flow.13:[21 edges]
312.0,W,0,2,38.65,4,L0(s)|L1(lst) / L0(s)|L1(s),2,bus_r2_flow.12:[35 edges]; bus_r2_flow.13:[35 edges]
312.0,N,1,1,83.35,6,L0(s)|L1(s)|L2(s) / L0(s)|L1(s)|L2(l),0,
312.0,E,1,12,40.08,5,L0(s)|L1(s)|L2(s) / L0(s)|L1(ls),9,bus_r3_flow.7:[35 edges]; bus_r3_flow.8:[35 edges]; bus_r3_flow.10:[35 edges]; bus_r3_flow.9:[35 edges]; bus_r5_flow.8:[25 edges]; bus_r5_flow.9:[25 edges] | bus_r4_flow.3:[44 edges]; bus_r4_flow.5:[44 edges]; bus_r4_flow.4:[44 edges]
312.0,S,0,1,58.45,6,L0(rs)|L1(s)|L2(lt) / L0(s)|L1(s)|L2(s),0,
313.0,W,0,3,43.2,4,L0(s)|L1(lst) / L0(s)|L1(s),2,bus_r2_flow.12:[35 edges]; bus_r2_flow.13:[35 edges]
313.0,N,1,1,83.34,6,L0(s)|L1(s)|L2(s) / L0(s)|L1(s)|L2(l),0,
313.0,E,0,12,38.73,5,L0(s)|L1(s)|L2(s) / L0(s)|L1(ls),9,bus_r3_flow.7:[35 edges]; bus_r3_flow.8:[35 edges]; bus_r3_flow.10:[35 edges]; bus_r3_flow.9:[35 edges]; bus_r5_flow.8:[25 edges]; bus_r5_flow.9:[25 edges] | bus_r4_flow.3:[44 edges]; bus_r4_flow.5:[44 edges]; bus_r4_flow.4:[44 edges]
313.0,S,0,1,55.75,6,L0(rs)|L1(s)|L2(lt) / L0(s)|L1(s)|L2(s),0,
314.0,W,0,3,42.67,4,L0(s)|L1(lst) / L0(s)|L1(s),2,bus_r2_flow.12:[35 edges]; bus_r2_flow.13:[35 edges]
314.0,N,1,1,83.34,6,L0(s)|L1(s)|L2(s) / L0(s)|L1(s)|L2(l),0,
314.0,E,0,13,36.15,5,L0(s)|L1(s)|L2(s) / L0(s)|L1(ls),9,bus_r3_flow.7:[35 edges]; bus_r3_flow.8:[35 edges]; bus_r3_flow.10:[35 edges]; bus_r3_flow.9:[35 edges]; bus_r5_flow.8:[25 edges]; bus_r5_flow.9:[25 edges] | bus_r4_flow.3:[44 edges]; bus_r4_flow.5:[44 edges]; bus_r4_flow.4:[44 edges]
314.0,S,0,0,0,6,L0(rs)|L1(s)|L2(lt) / L0(s)|L1(s)|L2(s),0,
315.0,W,0,3,40.9,4,L0(s)|L1(lst) / L0(s)|L1(s),2,bus_r2_flow.12:[35 edges]; bus_r2_flow.13:[35 edges]
315.0,N,1,1,83.34,6,L0(s)|L1(s)|L2(s) / L0(s)|L1(s)|L2(l),0,
315.0,E,0,13,34.1,5,L0(s)|L1(s)|L2(s) / L0(s)|L1(ls),8,bus_r3_flow.7:[35 edges]; bus_r3_flow.8:[35 edges]; bus_r3_flow.10:[35 edges]; bus_r3_flow.9:[35 edges]; bus_r5_flow.8:[25 edges]; bus_r5_flow.9:[25 edges] | bus_r4_flow.5:[44 edges]; bus_r4_flow.4:[44 edges]
315.0,S,0,0,0,6,L0(rs)|L1(s)|L2(lt) / L0(s)|L1(s)|L2(s),0,
316.0,W,0,3,40.18,4,L0(s)|L1(lst) / L0(s)|L1(s),2,bus_r2_flow.12:[35 edges]; bus_r2_flow.13:[35 edges]
316.0,N,1,1,83.34,6,L0(s)|L1(s)|L2(s) / L0(s)|L1(s)|L2(l),0,
316.0,E,0,11,35.89,5,L0(s)|L1(s)|L2(s) / L0(s)|L1(ls),6,bus_r3_flow.7:[35 edges]; bus_r3_flow.10:[35 edges]; bus_r3_flow.9:[35 edges]; bus_r5_flow.8:[25 edges] | bus_r4_flow.5:[44 edges]; bus_r4_flow.4:[44 edges]
316.0,S,0,0,0,6,L0(rs)|L1(s)|L2(lt) / L0(s)|L1(s)|L2(s),0,
317.0,W,0,3,39.8,4,L0(s)|L1(lst) / L0(s)|L1(s),2,bus_r2_flow.12:[35 edges]; bus_r2_flow.13:[35 edges]
317.0,N,1,1,83.34,6,L0(s)|L1(s)|L2(s) / L0(s)|L1(s)|L2(l),0,
317.0,E,0,10,35.42,5,L0(s)|L1(s)|L2(s) / L0(s)|L1(ls),5,bus_r3_flow.7:[35 edges]; bus_r3_flow.10:[35 edges]; bus_r3_flow.9:[35 edges]; bus_r5_flow.8:[25 edges] | bus_r4_flow.5:[44 edges]
317.0,S,0,0,0,6,L0(rs)|L1(s)|L2(lt) / L0(s)|L1(s)|L2(s),0,
318.0,W,0,2,41.9,4,L0(s)|L1(lst) / L0(s)|L1(s),1,bus_r5_flow.7:[25 edges]
318.0,N,1,1,83.34,6,L0(s)|L1(s)|L2(s) / L0(s)|L1(s)|L2(l),0,
318.0,E,0,10,36.13,5,L0(s)|L1(s)|L2(s) / L0(s)|L1(ls),5,bus_r3_flow.7:[35 edges]; bus_r3_flow.10:[35 edges]; bus_r3_flow.9:[35 edges]; bus_r5_flow.8:[25 edges] | bus_r4_flow.5:[44 edges]
318.0,S,0,0,0,6,L0(rs)|L1(s)|L2(lt) / L0(s)|L1(s)|L2(s),0,
319.0,W,0,3,34.53,4,L0(s)|L1(lst) / L0(s)|L1(s),2,bus_r5_flow.6:[25 edges]; bus_r5_flow.7:[25 edges]
319.0,N,1,1,83.34,6,L0(s)|L1(s)|L2(s) / L0(s)|L1(s)|L2(l),0,
319.0,E,0,8,38.36,5,L0(s)|L1(s)|L2(s) / L0(s)|L1(ls),3,bus_r3_flow.7:[35 edges]; bus_r3_flow.10:[35 edges]; bus_r3_flow.9:[35 edges]
319.0,S,0,1,59.78,6,L0(rs)|L1(s)|L2(lt) / L0(s)|L1(s)|L2(s),1,bus_r1_flow.14:[21 edges]
320.0,W,0,3,35.29,4,L0(s)|L1(lst) / L0(s)|L1(s),2,bus_r5_flow.6:[25 edges]; bus_r5_flow.7:[25 edges]
320.0,N,1,1,83.34,6,L0(s)|L1(s)|L2(s) / L0(s)|L1(s)|L2(l),0,
320.0,E,0,9,32.47,5,L0(s)|L1(s)|L2(s) / L0(s)|L1(ls),4,bus_r3_flow.10:[35 edges]; bus_r3_flow.9:[35 edges] | bus_r2_flow.10:[35 edges]; bus_r2_flow.11:[35 edges]
320.0,S,0,2,54.01,6,L0(rs)|L1(s)|L2(lt) / L0(s)|L1(s)|L2(s),1,bus_r1_flow.14:[21 edges]
321.0,W,0,3,46.26,4,L0(s)|L1(lst) / L0(s)|L1(s),3,bus_r5_flow.6:[25 edges]; bus_r5_flow.9:[25 edges]; bus_r5_flow.7:[25 edges]
321.0,N,1,1,83.34,6,L0(s)|L1(s)|L2(s) / L0(s)|L1(s)|L2(l),0,
321.0,E,0,9,34.16,5,L0(s)|L1(s)|L2(s) / L0(s)|L1(ls),4,bus_r3_flow.9:[35 edges]; bus_r3_flow.10:[35 edges] | bus_r2_flow.10:[35 edges]; bus_r2_flow.11:[35 edges]
321.0,S,0,2,55.02,6,L0(rs)|L1(s)|L2(lt) / L0(s)|L1(s)|L2(s),1,bus_r1_flow.14:[21 edges]
322.0,W,0,4,46.79,4,L0(s)|L1(lst) / L0(s)|L1(s),4,bus_r3_flow.8:[35 edges]; bus_r5_flow.6:[25 edges]; bus_r5_flow.9:[25 edges]; bus_r5_flow.7:[25 edges]
322.0,N,1,1,83.34,6,L0(s)|L1(s)|L2(s) / L0(s)|L1(s)|L2(l),0,
322.0,E,0,9,37.3,5,L0(s)|L1(s)|L2(s) / L0(s)|L1(ls),4,bus_r3_flow.9:[35 edges]; bus_r3_flow.10:[35 edges] | bus_r2_flow.10:[35 edges]; bus_r2_flow.11:[35 edges]
322.0,S,0,2,56.49,6,L0(rs)|L1(s)|L2(lt) / L0(s)|L1(s)|L2(s),1,bus_r1_flow.14:[21 edges]
323.0,W,0,4,48.07,4,L0(s)|L1(lst) / L0(s)|L1(s),4,bus_r3_flow.8:[35 edges]; bus_r5_flow.6:[25 edges]; bus_r5_flow.9:[25 edges]; bus_r5_flow.7:[25 edges]
323.0,N,1,1,83.34,6,L0(s)|L1(s)|L2(s) / L0(s)|L1(s)|L2(l),0,
323.0,E,0,10,38.5,5,L0(s)|L1(s)|L2(s) / L0(s)|L1(ls),6,bus_r3_flow.9:[35 edges]; bus_r3_flow.10:[35 edges] | bus_r2_flow.12:[35 edges]; bus_r2_flow.10:[35 edges]; bus_r2_flow.13:[35 edges]; bus_r2_flow.11:[35 edges]
323.0,S,0,2,57.9,6,L0(rs)|L1(s)|L2(lt) / L0(s)|L1(s)|L2(s),1,bus_r1_flow.14:[21 edges]
324.0,W,0,6,48.59,4,L0(s)|L1(lst) / L0(s)|L1(s),6,bus_r3_flow.7:[35 edges]; bus_r3_flow.8:[35 edges]; bus_r5_flow.6:[25 edges]; bus_r5_flow.8:[25 edges]; bus_r5_flow.9:[25 edges]; bus_r5_flow.7:[25 edges]
324.0,N,1,1,83.34,6,L0(s)|L1(s)|L2(s) / L0(s)|L1(s)|L2(l),0,
324.0,E,0,10,38.71,5,L0(s)|L1(s)|L2(s) / L0(s)|L1(ls),6,bus_r3_flow.9:[35 edges]; bus_r3_flow.10:[35 edges] | bus_r2_flow.12:[35 edges]; bus_r2_flow.10:[35 edges]; bus_r2_flow.13:[35 edges]; bus_r2_flow.11:[35 edges]
324.0,S,0,3,55.41,6,L0(rs)|L1(s)|L2(lt) / L0(s)|L1(s)|L2(s),1,bus_r1_flow.14:[21 edges]
325.0,W,0,5,49.45,4,L0(s)|L1(lst) / L0(s)|L1(s),5,bus_r3_flow.7:[35 edges]; bus_r3_flow.8:[35 edges]; bus_r5_flow.6:[25 edges]; bus_r5_flow.8:[25 edges]; bus_r5_flow.9:[25 edges]
325.0,N,1,1,83.34,6,L0(s)|L1(s)|L2(s) / L0(s)|L1(s)|L2(l),0,
325.0,E,0,8,39.98,5,L0(s)|L1(s)|L2(s) / L0(s)|L1(ls),5,bus_r3_flow.10:[35 edges] | bus_r2_flow.12:[35 edges]; bus_r2_flow.10:[35 edges]; bus_r2_flow.13:[35 edges]; bus_r2_flow.11:[35 edges]
325.0,S,0,3,56.94,6,L0(rs)|L1(s)|L2(lt) / L0(s)|L1(s)|L2(s),1,bus_r1_flow.14:[21 edges]
326.0,W,0,5,50.07,4,L0(s)|L1(lst) / L0(s)|L1(s),4,bus_r3_flow.7:[35 edges]; bus_r3_flow.8:[35 edges]; bus_r5_flow.8:[25 edges]; bus_r5_flow.9:[25 edges]
326.0,N,1,1,83.34,6,L0(s)|L1(s)|L2(s) / L0(s)|L1(s)|L2(l),0,
326.0,E,0,9,40.35,5,L0(s)|L1(s)|L2(s) / L0(s)|L1(ls),5,bus_r3_flow.10:[35 edges] | bus_r2_flow.12:[35 edges]; bus_r2_flow.10:[35 edges]; bus_r2_flow.13:[35 edges]; bus_r2_flow.11:[35 edges]
326.0,S,0,3,58.03,6,L0(rs)|L1(s)|L2(lt) / L0(s)|L1(s)|L2(s),1,bus_r1_flow.14:[21 edges]
327.0,W,0,5,51.58,4,L0(s)|L1(lst) / L0(s)|L1(s),4,bus_r3_flow.7:[35 edges]; bus_r3_flow.8:[35 edges]; bus_r5_flow.8:[25 edges]; bus_r5_flow.9:[25 edges]
327.0,N,1,1,83.34,6,L0(s)|L1(s)|L2(s) / L0(s)|L1(s)|L2(l),0,
327.0,E,0,8,42.28,5,L0(s)|L1(s)|L2(s) / L0(s)|L1(ls),5,bus_r3_flow.10:[35 edges] | bus_r2_flow.12:[35 edges]; bus_r2_flow.10:[35 edges]; bus_r2_flow.13:[35 edges]; bus_r2_flow.11:[35 edges]
327.0,S,0,3,58.23,6,L0(rs)|L1(s)|L2(lt) / L0(s)|L1(s)|L2(s),1,bus_r1_flow.14:[21 edges]
328.0,W,0,4,52.17,4,L0(s)|L1(lst) / L0(s)|L1(s),3,bus_r3_flow.7:[35 edges]; bus_r5_flow.8:[25 edges] | bus_r2_flow.14:[35 edges]
328.0,N,1,1,83.34,6,L0(s)|L1(s)|L2(s) / L0(s)|L1(s)|L2(l),0,
328.0,E,0,6,49.65,5,L0(s)|L1(s)|L2(s) / L0(s)|L1(ls),4,bus_r2_flow.12:[35 edges]; bus_r2_flow.10:[35 edges]; bus_r2_flow.13:[35 edges]; bus_r2_flow.11:[35 edges]
328.0,S,0,3,59.16,6,L0(rs)|L1(s)|L2(lt) / L0(s)|L1(s)|L2(s),1,bus_r1_flow.14:[21 edges]
329.0,W,0,5,52.28,4,L0(s)|L1(lst) / L0(s)|L1(s),4,bus_r3_flow.9:[35 edges]; bus_r3_flow.7:[35 edges]; bus_r5_flow.8:[25 edges] | bus_r2_flow.14:[35 edges]
329.0,N,1,1,83.34,6,L0(s)|L1(s)|L2(s) / L0(s)|L1(s)|L2(l),0,
329.0,E,0,6,51.92,5,L0(s)|L1(s)|L2(s) / L0(s)|L1(ls),4,bus_r2_flow.12:[35 edges]; bus_r2_flow.10:[35 edges]; bus_r2_flow.13:[35 edges]; bus_r2_flow.11:[35 edges]
329.0,S,0,3,58.69,6,L0(rs)|L1(s)|L2(lt) / L0(s)|L1(s)|L2(s),1,bus_r1_flow.14:[21 edges]
330.0,W,0,4,53.41,4,L0(s)|L1(lst) / L0(s)|L1(s),3,bus_r3_flow.9:[35 edges]; bus_r3_flow.7:[35 edges] | bus_r2_flow.14:[35 edges]
330.0,N,1,1,83.34,6,L0(s)|L1(s)|L2(s) / L0(s)|L1(s)|L2(l),0,
330.0,E,0,5,56.01,5,L0(s)|L1(s)|L2(s) / L0(s)|L1(ls),4,bus_r2_flow.12:[35 edges]; bus_r2_flow.10:[35 edges]; bus_r2_flow.13:[35 edges]; bus_r2_flow.11:[35 edges]
330.0,S,0,3,56.58,6,L0(rs)|L1(s)|L2(lt) / L0(s)|L1(s)|L2(s),1,bus_r1_flow.14:[21 edges]
331.0,W,0,4,54.37,4,L0(s)|L1(lst) / L0(s)|L1(s),2,bus_r3_flow.9:[35 edges] | bus_r2_flow.14:[35 edges]
331.0,N,1,1,83.34,6,L0(s)|L1(s)|L2(s) / L0(s)|L1(s)|L2(l),0,
331.0,E,0,5,56.07,5,L0(s)|L1(s)|L2(s) / L0(s)|L1(ls),4,bus_r2_flow.12:[35 edges]; bus_r2_flow.10:[35 edges]; bus_r2_flow.13:[35 edges]; bus_r2_flow.11:[35 edges]
331.0,S,0,3,55.34,6,L0(rs)|L1(s)|L2(lt) / L0(s)|L1(s)|L2(s),1,bus_r1_flow.14:[21 edges]
332.0,W,0,3,57.92,4,L0(s)|L1(lst) / L0(s)|L1(s),1,bus_r3_flow.9:[35 edges]
332.0,N,1,1,83.34,6,L0(s)|L1(s)|L2(s) / L0(s)|L1(s)|L2(l),0,
332.0,E,0,5,54.27,5,L0(s)|L1(s)|L2(s) / L0(s)|L1(ls),4,bus_r2_flow.12:[35 edges]; bus_r2_flow.10:[35 edges]; bus_r2_flow.13:[35 edges]; bus_r2_flow.11:[35 edges]
332.0,S,0,3,52.58,6,L0(rs)|L1(s)|L2(lt) / L0(s)|L1(s)|L2(s),1,bus_r1_flow.14:[21 edges]
333.0,W,0,4,53.35,4,L0(s)|L1(lst) / L0(s)|L1(s),2,bus_r3_flow.9:[35 edges]; bus_r3_flow.10:[35 edges]
333.0,N,1,1,83.34,6,L0(s)|L1(s)|L2(s) / L0(s)|L1(s)|L2(l),0,
333.0,E,0,5,49.42,5,L0(s)|L1(s)|L2(s) / L0(s)|L1(ls),4,bus_r2_flow.12:[35 edges]; bus_r2_flow.10:[35 edges]; bus_r2_flow.13:[35 edges]; bus_r2_flow.11:[35 edges]
333.0,S,0,3,49.27,6,L0(rs)|L1(s)|L2(lt) / L0(s)|L1(s)|L2(s),1,bus_r1_flow.14:[21 edges]
334.0,W,0,3,54.96,4,L0(s)|L1(lst) / L0(s)|L1(s),1,bus_r3_flow.10:[35 edges]
334.0,N,1,1,83.34,6,L0(s)|L1(s)|L2(s) / L0(s)|L1(s)|L2(l),0,
334.0,E,0,6,45.69,5,L0(s)|L1(s)|L2(s) / L0(s)|L1(ls),5,bus_r2_flow.14:[35 edges]; bus_r2_flow.12:[35 edges]; bus_r2_flow.10:[35 edges]; bus_r2_flow.13:[35 edges]; bus_r2_flow.11:[35 edges]
334.0,S,1,3,47.94,6,L0(rs)|L1(s)|L2(lt) / L0(s)|L1(s)|L2(s),1,bus_r1_flow.14:[21 edges]
335.0,W,0,3,54.39,4,L0(s)|L1(lst) / L0(s)|L1(s),1,bus_r3_flow.10:[35 edges]
335.0,N,1,1,83.34,6,L0(s)|L1(s)|L2(s) / L0(s)|L1(s)|L2(l),0,
335.0,E,1,6,40.52,5,L0(s)|L1(s)|L2(s) / L0(s)|L1(ls),5,bus_r2_flow.14:[35 edges]; bus_r2_flow.12:[35 edges]; bus_r2_flow.10:[35 edges]; bus_r2_flow.13:[35 edges]; bus_r2_flow.11:[35 edges]
335.0,S,1,3,45.9,6,L0(rs)|L1(s)|L2(lt) / L0(s)|L1(s)|L2(s),1,bus_r1_flow.14:[21 edges]
336.0,W,0,2,54.39,4,L0(s)|L1(lst) / L0(s)|L1(s),1,bus_r3_flow.10:[35 edges]
336.0,N,1,1,83.34,6,L0(s)|L1(s)|L2(s) / L0(s)|L1(s)|L2(l),0,
336.0,E,2,6,37.56,5,L0(s)|L1(s)|L2(s) / L0(s)|L1(ls),5,bus_r2_flow.14:[35 edges]; bus_r2_flow.12:[35 edges]; bus_r2_flow.10:[35 edges]; bus_r2_flow.13:[35 edges]; bus_r2_flow.11:[35 edges]
336.0,S,1,3,43.23,6,L0(rs)|L1(s)|L2(lt) / L0(s)|L1(s)|L2(s),1,bus_r1_flow.14:[21 edges]
337.0,W,0,1,53.5,4,L0(s)|L1(lst) / L0(s)|L1(s),1,bus_r3_flow.10:[35 edges]
337.0,N,1,1,83.34,6,L0(s)|L1(s)|L2(s) / L0(s)|L1(s)|L2(l),0,
337.0,E,2,6,35.71,5,L0(s)|L1(s)|L2(s) / L0(s)|L1(ls),5,bus_r2_flow.14:[35 edges]; bus_r2_flow.12:[35 edges]; bus_r2_flow.10:[35 edges]; bus_r2_flow.13:[35 edges]; bus_r2_flow.11:[35 edges]
337.0,S,1,3,41.35,6,L0(rs)|L1(s)|L2(lt) / L0(s)|L1(s)|L2(s),1,bus_r1_flow.14:[21 edges]
338.0,W,0,1,54.28,4,L0(s)|L1(lst) / L0(s)|L1(s),1,bus_r3_flow.10:[35 edges]
338.0,N,1,2,82.38,6,L0(s)|L1(s)|L2(s) / L0(s)|L1(s)|L2(l),1,bus_r4_flow.7:[44 edges]
338.0,E,3,6,35.23,5,L0(s)|L1(s)|L2(s) / L0(s)|L1(ls),5,bus_r2_flow.14:[35 edges]; bus_r2_flow.12:[35 edges]; bus_r2_flow.10:[35 edges]; bus_r2_flow.13:[35 edges]; bus_r2_flow.11:[35 edges]
338.0,S,2,4,43.3,6,L0(rs)|L1(s)|L2(lt) / L0(s)|L1(s)|L2(s),2,bus_r1_flow.15:[21 edges]; bus_r1_flow.14:[21 edges]
339.0,W,0,1,55.09,4,L0(s)|L1(lst) / L0(s)|L1(s),1,bus_r3_flow.10:[35 edges]
339.0,N,1,3,77.43,6,L0(s)|L1(s)|L2(s) / L0(s)|L1(s)|L2(l),2,bus_r0_flow.10:[21 edges]; bus_r4_flow.7:[44 edges]
339.0,E,4,6,35.07,5,L0(s)|L1(s)|L2(s) / L0(s)|L1(ls),5,bus_r2_flow.14:[35 edges]; bus_r2_flow.12:[35 edges]; bus_r2_flow.10:[35 edges]; bus_r2_flow.13:[35 edges]; bus_r2_flow.11:[35 edges]
339.0,S,2,4,41.95,6,L0(rs)|L1(s)|L2(lt) / L0(s)|L1(s)|L2(s),2,bus_r1_flow.15:[21 edges]; bus_r1_flow.14:[21 edges]
340.0,W,0,1,55.78,4,L0(s)|L1(lst) / L0(s)|L1(s),1,bus_r3_flow.10:[35 edges]
340.0,N,1,3,77.4,6,L0(s)|L1(s)|L2(s) / L0(s)|L1(s)|L2(l),2,bus_r0_flow.10:[21 edges]; bus_r4_flow.7:[44 edges]
340.0,E,5,6,34.97,5,L0(s)|L1(s)|L2(s) / L0(s)|L1(ls),5,bus_r2_flow.14:[35 edges]; bus_r2_flow.12:[35 edges]; bus_r2_flow.10:[35 edges]; bus_r2_flow.13:[35 edges]; bus_r2_flow.11:[35 edges]
340.0,S,3,4,41.9,6,L0(rs)|L1(s)|L2(lt) / L0(s)|L1(s)|L2(s),2,bus_r1_flow.15:[21 edges]; bus_r1_flow.14:[21 edges]
341.0,W,0,0,0,4,L0(s)|L1(lst) / L0(s)|L1(s),0,
341.0,N,1,3,75.73,6,L0(s)|L1(s)|L2(s) / L0(s)|L1(s)|L2(l),2,bus_r0_flow.10:[21 edges]; bus_r4_flow.7:[44 edges]
341.0,E,5,6,34.0,5,L0(s)|L1(s)|L2(s) / L0(s)|L1(ls),5,bus_r2_flow.14:[35 edges]; bus_r2_flow.12:[35 edges]; bus_r2_flow.10:[35 edges]; bus_r2_flow.13:[35 edges]; bus_r2_flow.11:[35 edges]
341.0,S,3,4,41.85,6,L0(rs)|L1(s)|L2(lt) / L0(s)|L1(s)|L2(s),2,bus_r1_flow.15:[21 edges]; bus_r1_flow.14:[21 edges]
342.0,W,0,0,0,4,L0(s)|L1(lst) / L0(s)|L1(s),0,
342.0,N,1,4,74.61,6,L0(s)|L1(s)|L2(s) / L0(s)|L1(s)|L2(l),3,bus_r0_flow.11:[21 edges]; bus_r0_flow.10:[21 edges]; bus_r4_flow.7:[44 edges]
342.0,E,5,6,32.79,5,L0(s)|L1(s)|L2(s) / L0(s)|L1(ls),5,bus_r2_flow.14:[35 edges]; bus_r2_flow.12:[35 edges]; bus_r2_flow.10:[35 edges]; bus_r2_flow.13:[35 edges]; bus_r2_flow.11:[35 edges]
342.0,S,3,5,38.95,6,L0(rs)|L1(s)|L2(lt) / L0(s)|L1(s)|L2(s),2,bus_r1_flow.15:[21 edges]; bus_r1_flow.14:[21 edges]
343.0,W,0,0,0,4,L0(s)|L1(lst) / L0(s)|L1(s),0,
343.0,N,1,4,71.85,6,L0(s)|L1(s)|L2(s) / L0(s)|L1(s)|L2(l),3,bus_r0_flow.11:[21 edges]; bus_r0_flow.10:[21 edges]; bus_r4_flow.7:[44 edges]
343.0,E,5,6,31.67,5,L0(s)|L1(s)|L2(s) / L0(s)|L1(ls),5,bus_r2_flow.14:[35 edges]; bus_r2_flow.12:[35 edges]; bus_r2_flow.10:[35 edges]; bus_r2_flow.13:[35 edges]; bus_r2_flow.11:[35 edges]
343.0,S,3,5,39.39,6,L0(rs)|L1(s)|L2(lt) / L0(s)|L1(s)|L2(s),2,bus_r1_flow.15:[21 edges]; bus_r1_flow.14:[21 edges]
344.0,W,0,0,0,4,L0(s)|L1(lst) / L0(s)|L1(s),0,
344.0,N,1,4,68.76,6,L0(s)|L1(s)|L2(s) / L0(s)|L1(s)|L2(l),3,bus_r0_flow.11:[21 edges]; bus_r0_flow.10:[21 edges]; bus_r4_flow.7:[44 edges]
344.0,E,5,6,30.6,5,L0(s)|L1(s)|L2(s) / L0(s)|L1(ls),5,bus_r2_flow.14:[35 edges]; bus_r2_flow.12:[35 edges]; bus_r2_flow.10:[35 edges]; bus_r2_flow.13:[35 edges]; bus_r2_flow.11:[35 edges]
344.0,S,3,5,40.25,6,L0(rs)|L1(s)|L2(lt) / L0(s)|L1(s)|L2(s),2,bus_r1_flow.15:[21 edges]; bus_r1_flow.14:[21 edges]
345.0,W,0,0,0,4,L0(s)|L1(lst) / L0(s)|L1(s),0,
345.0,N,2,3,67.92,6,L0(s)|L1(s)|L2(s) / L0(s)|L1(s)|L2(l),2,bus_r0_flow.11:[21 edges]; bus_r4_flow.7:[44 edges]
345.0,E,5,6,30.05,5,L0(s)|L1(s)|L2(s) / L0(s)|L1(ls),5,bus_r2_flow.14:[35 edges]; bus_r2_flow.12:[35 edges]; bus_r2_flow.10:[35 edges]; bus_r2_flow.13:[35 edges]; bus_r2_flow.11:[35 edges]
345.0,S,3,6,41.56,6,L0(rs)|L1(s)|L2(lt) / L0(s)|L1(s)|L2(s),2,bus_r1_flow.15:[21 edges]; bus_r1_flow.14:[21 edges]
346.0,W,0,0,0,4,L0(s)|L1(lst) / L0(s)|L1(s),0,
346.0,N,2,3,68.09,6,L0(s)|L1(s)|L2(s) / L0(s)|L1(s)|L2(l),2,bus_r0_flow.11:[21 edges]; bus_r4_flow.7:[44 edges]
346.0,E,6,6,30.03,5,L0(s)|L1(s)|L2(s) / L0(s)|L1(ls),5,bus_r2_flow.14:[35 edges]; bus_r2_flow.12:[35 edges]; bus_r2_flow.10:[35 edges]; bus_r2_flow.13:[35 edges]; bus_r2_flow.11:[35 edges]
346.0,S,3,6,45.4,6,L0(rs)|L1(s)|L2(lt) / L0(s)|L1(s)|L2(s),2,bus_r1_flow.15:[21 edges]; bus_r1_flow.14:[21 edges]
347.0,W,0,0,0,4,L0(s)|L1(lst) / L0(s)|L1(s),0,
347.0,N,2,3,66.39,6,L0(s)|L1(s)|L2(s) / L0(s)|L1(s)|L2(l),2,bus_r0_flow.11:[21 edges]; bus_r4_flow.7:[44 edges]
347.0,E,6,6,30.01,5,L0(s)|L1(s)|L2(s) / L0(s)|L1(ls),5,bus_r2_flow.14:[35 edges]; bus_r2_flow.12:[35 edges]; bus_r2_flow.10:[35 edges]; bus_r2_flow.13:[35 edges]; bus_r2_flow.11:[35 edges]
347.0,S,3,6,45.46,6,L0(rs)|L1(s)|L2(lt) / L0(s)|L1(s)|L2(s),2,bus_r1_flow.15:[21 edges]; bus_r1_flow.14:[21 edges]
348.0,W,0,0,0,4,L0(s)|L1(lst) / L0(s)|L1(s),0,
348.0,N,2,3,69.96,6,L0(s)|L1(s)|L2(s) / L0(s)|L1(s)|L2(l),2,bus_r0_flow.12:[21 edges]; bus_r4_flow.7:[44 edges]
348.0,E,6,6,30.01,5,L0(s)|L1(s)|L2(s) / L0(s)|L1(ls),5,bus_r2_flow.14:[35 edges]; bus_r2_flow.12:[35 edges]; bus_r2_flow.10:[35 edges]; bus_r2_flow.13:[35 edges]; bus_r2_flow.11:[35 edges]
348.0,S,3,6,45.0,6,L0(rs)|L1(s)|L2(lt) / L0(s)|L1(s)|L2(s),2,bus_r1_flow.15:[21 edges]; bus_r1_flow.14:[21 edges]
349.0,W,0,0,0,4,L0(s)|L1(lst) / L0(s)|L1(s),0,
349.0,N,2,3,69.87,6,L0(s)|L1(s)|L2(s) / L0(s)|L1(s)|L2(l),2,bus_r0_flow.12:[21 edges]; bus_r4_flow.7:[44 edges]
349.0,E,6,6,30.01,5,L0(s)|L1(s)|L2(s) / L0(s)|L1(ls),5,bus_r2_flow.14:[35 edges]; bus_r2_flow.12:[35 edges]; bus_r2_flow.10:[35 edges]; bus_r2_flow.13:[35 edges]; bus_r2_flow.11:[35 edges]
349.0,S,3,6,44.53,6,L0(rs)|L1(s)|L2(lt) / L0(s)|L1(s)|L2(s),2,bus_r1_flow.15:[21 edges]; bus_r1_flow.14:[21 edges]
350.0,W,0,0,0,4,L0(s)|L1(lst) / L0(s)|L1(s),0,
350.0,N,2,3,69.63,6,L0(s)|L1(s)|L2(s) / L0(s)|L1(s)|L2(l),2,bus_r0_flow.12:[21 edges]; bus_r4_flow.7:[44 edges]
350.0,E,6,6,30.01,5,L0(s)|L1(s)|L2(s) / L0(s)|L1(ls),5,bus_r2_flow.14:[35 edges]; bus_r2_flow.12:[35 edges]; bus_r2_flow.10:[35 edges]; bus_r2_flow.13:[35 edges]; bus_r2_flow.11:[35 edges]
350.0,S,3,6,43.59,6,L0(rs)|L1(s)|L2(lt) / L0(s)|L1(s)|L2(s),2,bus_r1_flow.15:[21 edges]; bus_r1_flow.14:[21 edges]
351.0,W,0,0,0,4,L0(s)|L1(lst) / L0(s)|L1(s),0,
351.0,N,2,4,64.55,6,L0(s)|L1(s)|L2(s) / L0(s)|L1(s)|L2(l),2,bus_r0_flow.12:[21 edges]; bus_r4_flow.7:[44 edges]
351.0,E,6,6,30.01,5,L0(s)|L1(s)|L2(s) / L0(s)|L1(ls),5,bus_r2_flow.14:[35 edges]; bus_r2_flow.12:[35 edges]; bus_r2_flow.10:[35 edges]; bus_r2_flow.13:[35 edges]; bus_r2_flow.11:[35 edges]
351.0,S,3,6,43.14,6,L0(rs)|L1(s)|L2(lt) / L0(s)|L1(s)|L2(s),2,bus_r1_flow.15:[21 edges]; bus_r1_flow.14:[21 edges]
352.0,W,0,0,0,4,L0(s)|L1(lst) / L0(s)|L1(s),0,
352.0,N,2,5,66.85,6,L0(s)|L1(s)|L2(s) / L0(s)|L1(s)|L2(l),3,bus_r0_flow.12:[21 edges]; bus_r4_flow.8:[44 edges]; bus_r4_flow.7:[44 edges]
352.0,E,6,6,30.01,5,L0(s)|L1(s)|L2(s) / L0(s)|L1(ls),5,bus_r2_flow.14:[35 edges]; bus_r2_flow.12:[35 edges]; bus_r2_flow.10:[35 edges]; bus_r2_flow.13:[35 edges]; bus_r2_flow.11:[35 edges]
352.0,S,3,6,42.01,6,L0(rs)|L1(s)|L2(lt) / L0(s)|L1(s)|L2(s),2,bus_r1_flow.15:[21 edges]; bus_r1_flow.14:[21 edges]
353.0,W,0,0,0,4,L0(s)|L1(lst) / L0(s)|L1(s),0,
353.0,N,2,5,63.83,6,L0(s)|L1(s)|L2(s) / L0(s)|L1(s)|L2(l),3,bus_r0_flow.12:[21 edges]; bus_r4_flow.8:[44 edges]; bus_r4_flow.7:[44 edges]
353.0,E,6,6,30.01,5,L0(s)|L1(s)|L2(s) / L0(s)|L1(ls),5,bus_r2_flow.14:[35 edges]; bus_r2_flow.12:[35 edges]; bus_r2_flow.10:[35 edges]; bus_r2_flow.13:[35 edges]; bus_r2_flow.11:[35 edges]
353.0,S,3,6,40.91,6,L0(rs)|L1(s)|L2(lt) / L0(s)|L1(s)|L2(s),2,bus_r1_flow.15:[21 edges]; bus_r1_flow.14:[21 edges]
354.0,W,0,0,0,4,L0(s)|L1(lst) / L0(s)|L1(s),0,
354.0,N,2,5,59.69,6,L0(s)|L1(s)|L2(s) / L0(s)|L1(s)|L2(l),3,bus_r0_flow.12:[21 edges]; bus_r4_flow.8:[44 edges]; bus_r4_flow.7:[44 edges]
354.0,E,6,6,30.01,5,L0(s)|L1(s)|L2(s) / L0(s)|L1(ls),5,bus_r2_flow.14:[35 edges]; bus_r2_flow.12:[35 edges]; bus_r2_flow.10:[35 edges]; bus_r2_flow.13:[35 edges]; bus_r2_flow.11:[35 edges]
354.0,S,3,6,39.9,6,L0(rs)|L1(s)|L2(lt) / L0(s)|L1(s)|L2(s),2,bus_r1_flow.15:[21 edges]; bus_r1_flow.14:[21 edges]
355.0,W,0,0,0,4,L0(s)|L1(lst) / L0(s)|L1(s),0,
355.0,N,3,5,56.61,6,L0(s)|L1(s)|L2(s) / L0(s)|L1(s)|L2(l),3,bus_r0_flow.12:[21 edges]; bus_r4_flow.8:[44 edges]; bus_r4_flow.7:[44 edges]
355.0,E,6,6,30.01,5,L0(s)|L1(s)|L2(s) / L0(s)|L1(ls),5,bus_r2_flow.14:[35 edges]; bus_r2_flow.12:[35 edges]; bus_r2_flow.10:[35 edges]; bus_r2_flow.13:[35 edges]; bus_r2_flow.11:[35 edges]
355.0,S,4,6,38.69,6,L0(rs)|L1(s)|L2(lt) / L0(s)|L1(s)|L2(s),2,bus_r1_flow.15:[21 edges]; bus_r1_flow.14:[21 edges]
356.0,W,0,0,0,4,L0(s)|L1(lst) / L0(s)|L1(s),0,
356.0,N,3,5,53.69,6,L0(s)|L1(s)|L2(s) / L0(s)|L1(s)|L2(l),3,bus_r0_flow.12:[21 edges]; bus_r4_flow.8:[44 edges]; bus_r4_flow.7:[44 edges]
356.0,E,6,6,30.01,5,L0(s)|L1(s)|L2(s) / L0(s)|L1(ls),5,bus_r2_flow.14:[35 edges]; bus_r2_flow.12:[35 edges]; bus_r2_flow.10:[35 edges]; bus_r2_flow.13:[35 edges]; bus_r2_flow.11:[35 edges]
356.0,S,5,6,37.68,6,L0(rs)|L1(s)|L2(lt) / L0(s)|L1(s)|L2(s),2,bus_r1_flow.15:[21 edges]; bus_r1_flow.14:[21 edges]
357.0,W,0,0,0,4,L0(s)|L1(lst) / L0(s)|L1(s),0,
357.0,N,3,5,50.95,6,L0(s)|L1(s)|L2(s) / L0(s)|L1(s)|L2(l),3,bus_r0_flow.12:[21 edges]; bus_r4_flow.8:[44 edges]; bus_r4_flow.7:[44 edges]
357.0,E,6,6,30.01,5,L0(s)|L1(s)|L2(s) / L0(s)|L1(ls),5,bus_r2_flow.14:[35 edges]; bus_r2_flow.12:[35 edges]; bus_r2_flow.10:[35 edges]; bus_r2_flow.13:[35 edges]; bus_r2_flow.11:[35 edges]
357.0,S,5,6,36.71,6,L0(rs)|L1(s)|L2(lt) / L0(s)|L1(s)|L2(s),2,bus_r1_flow.15:[21 edges]; bus_r1_flow.14:[21 edges]
358.0,W,0,0,0,4,L0(s)|L1(lst) / L0(s)|L1(s),0,
358.0,N,3,5,50.15,6,L0(s)|L1(s)|L2(s) / L0(s)|L1(s)|L2(l),3,bus_r0_flow.12:[21 edges]; bus_r4_flow.8:[44 edges]; bus_r4_flow.7:[44 edges]
358.0,E,6,6,30.01,5,L0(s)|L1(s)|L2(s) / L0(s)|L1(ls),5,bus_r2_flow.14:[35 edges]; bus_r2_flow.12:[35 edges]; bus_r2_flow.10:[35 edges]; bus_r2_flow.13:[35 edges]; bus_r2_flow.11:[35 edges]
358.0,S,4,6,36.2,6,L0(rs)|L1(s)|L2(lt) / L0(s)|L1(s)|L2(s),2,bus_r1_flow.15:[21 edges]; bus_r1_flow.14:[21 edges]
359.0,W,0,0,0,4,L0(s)|L1(lst) / L0(s)|L1(s),0,
359.0,N,5,5,50.04,6,L0(s)|L1(s)|L2(s) / L0(s)|L1(s)|L2(l),3,bus_r0_flow.12:[21 edges]; bus_r4_flow.8:[44 edges]; bus_r4_flow.7:[44 edges]
359.0,E,6,6,30.01,5,L0(s)|L1(s)|L2(s) / L0(s)|L1(ls),5,bus_r2_flow.14:[35 edges]; bus_r2_flow.12:[35 edges]; bus_r2_flow.10:[35 edges]; bus_r2_flow.13:[35 edges]; bus_r2_flow.11:[35 edges]
359.0,S,4,7,38.55,6,L0(rs)|L1(s)|L2(lt) / L0(s)|L1(s)|L2(s),3,bus_r1_flow.16:[21 edges]; bus_r1_flow.15:[21 edges]; bus_r1_flow.14:[21 edges]
360.0,W,0,0,0,4,L0(s)|L1(lst) / L0(s)|L1(s),0,
360.0,N,5,5,50.02,6,L0(s)|L1(s)|L2(s) / L0(s)|L1(s)|L2(l),3,bus_r0_flow.12:[21 edges]; bus_r4_flow.8:[44 edges]; bus_r4_flow.7:[44 edges]
360.0,E,6,6,30.01,5,L0(s)|L1(s)|L2(s) / L0(s)|L1(ls),5,bus_r2_flow.14:[35 edges]; bus_r2_flow.12:[35 edges]; bus_r2_flow.10:[35 edges]; bus_r2_flow.13:[35 edges]; bus_r2_flow.11:[35 edges]
360.0,S,4,7,38.69,6,L0(rs)|L1(s)|L2(lt) / L0(s)|L1(s)|L2(s),3,bus_r1_flow.16:[21 edges]; bus_r1_flow.15:[21 edges]; bus_r1_flow.14:[21 edges]
361.0,W,0,0,0,4,L0(s)|L1(lst) / L0(s)|L1(s),0,
361.0,N,5,6,54.96,6,L0(s)|L1(s)|L2(s) / L0(s)|L1(s)|L2(l),4,bus_r0_flow.12:[21 edges]; bus_r4_flow.9:[44 edges]; bus_r4_flow.8:[44 edges]; bus_r4_flow.7:[44 edges]
361.0,E,6,6,30.01,5,L0(s)|L1(s)|L2(s) / L0(s)|L1(ls),5,bus_r2_flow.14:[35 edges]; bus_r2_flow.12:[35 edges]; bus_r2_flow.10:[35 edges]; bus_r2_flow.13:[35 edges]; bus_r2_flow.11:[35 edges]
361.0,S,5,7,37.98,6,L0(rs)|L1(s)|L2(lt) / L0(s)|L1(s)|L2(s),3,bus_r1_flow.16:[21 edges]; bus_r1_flow.15:[21 edges]; bus_r1_flow.14:[21 edges]
362.0,W,0,0,0,4,L0(s)|L1(lst) / L0(s)|L1(s),0,
362.0,N,2,6,54.51,6,L0(s)|L1(s)|L2(s) / L0(s)|L1(s)|L2(l),4,bus_r0_flow.12:[21 edges]; bus_r4_flow.9:[44 edges]; bus_r4_flow.8:[44 edges]; bus_r4_flow.7:[44 edges]
362.0,E,6,6,30.01,5,L0(s)|L1(s)|L2(s) / L0(s)|L1(ls),5,bus_r2_flow.14:[35 edges]; bus_r2_flow.12:[35 edges]; bus_r2_flow.10:[35 edges]; bus_r2_flow.13:[35 edges]; bus_r2_flow.11:[35 edges]
362.0,S,4,7,38.9,6,L0(rs)|L1(s)|L2(lt) / L0(s)|L1(s)|L2(s),3,bus_r1_flow.16:[21 edges]; bus_r1_flow.15:[21 edges]; bus_r1_flow.14:[21 edges]
363.0,W,0,0,0,4,L0(s)|L1(lst) / L0(s)|L1(s),0,
363.0,N,1,6,54.32,6,L0(s)|L1(s)|L2(s) / L0(s)|L1(s)|L2(l),4,bus_r0_flow.12:[21 edges]; bus_r4_flow.9:[44 edges]; bus_r4_flow.8:[44 edges]; bus_r4_flow.7:[44 edges]
363.0,E,6,6,30.01,5,L0(s)|L1(s)|L2(s) / L0(s)|L1(ls),5,bus_r2_flow.14:[35 edges]; bus_r2_flow.12:[35 edges]; bus_r2_flow.10:[35 edges]; bus_r2_flow.13:[35 edges]; bus_r2_flow.11:[35 edges]
363.0,S,2,7,39.87,6,L0(rs)|L1(s)|L2(lt) / L0(s)|L1(s)|L2(s),3,bus_r1_flow.16:[21 edges]; bus_r1_flow.15:[21 edges]; bus_r1_flow.14:[21 edges]
364.0,W,0,0,0,4,L0(s)|L1(lst) / L0(s)|L1(s),0,
364.0,N,0,6,54.02,6,L0(s)|L1(s)|L2(s) / L0(s)|L1(s)|L2(l),4,bus_r0_flow.12:[21 edges]; bus_r4_flow.9:[44 edges]; bus_r4_flow.8:[44 edges]; bus_r4_flow.7:[44 edges]
364.0,E,5,6,30.29,5,L0(s)|L1(s)|L2(s) / L0(s)|L1(ls),5,bus_r2_flow.14:[35 edges]; bus_r2_flow.12:[35 edges]; bus_r2_flow.10:[35 edges]; bus_r2_flow.13:[35 edges]; bus_r2_flow.11:[35 edges]
364.0,S,1,7,38.61,6,L0(rs)|L1(s)|L2(lt) / L0(s)|L1(s)|L2(s),3,bus_r1_flow.16:[21 edges]; bus_r1_flow.15:[21 edges]; bus_r1_flow.14:[21 edges]
365.0,W,0,0,0,4,L0(s)|L1(lst) / L0(s)|L1(s),0,
365.0,N,0,7,43.37,6,L0(s)|L1(s)|L2(s) / L0(s)|L1(s)|L2(l),4,bus_r0_flow.12:[21 edges]; bus_r4_flow.9:[44 edges]; bus_r4_flow.8:[44 edges]; bus_r4_flow.7:[44 edges]
365.0,E,4,5,30.32,5,L0(s)|L1(s)|L2(s) / L0(s)|L1(ls),4,bus_r2_flow.14:[35 edges]; bus_r2_flow.12:[35 edges]; bus_r2_flow.10:[35 edges]; bus_r2_flow.13:[35 edges]
365.0,S,0,7,40.57,6,L0(rs)|L1(s)|L2(lt) / L0(s)|L1(s)|L2(s),3,bus_r1_flow.16:[21 edges]; bus_r1_flow.15:[21 edges]; bus_r1_flow.14:[21 edges]
366.0,W,0,0,0,4,L0(s)|L1(lst) / L0(s)|L1(s),0,
366.0,N,0,7,45.0,6,L0(s)|L1(s)|L2(s) / L0(s)|L1(s)|L2(l),4,bus_r0_flow.12:[21 edges]; bus_r4_flow.9:[44 edges]; bus_r4_flow.8:[44 edges]; bus_r4_flow.7:[44 edges]
366.0,E,3,6,28.88,5,L0(s)|L1(s)|L2(s) / L0(s)|L1(ls),4,bus_r2_flow.14:[35 edges]; bus_r2_flow.12:[35 edges]; bus_r2_flow.10:[35 edges]; bus_r2_flow.13:[35 edges]
366.0,S,0,5,43.78,6,L0(rs)|L1(s)|L2(lt) / L0(s)|L1(s)|L2(s),2,bus_r1_flow.16:[21 edges]; bus_r1_flow.15:[21 edges]
367.0,W,0,0,0,4,L0(s)|L1(lst) / L0(s)|L1(s),0,
367.0,N,0,5,60.13,6,L0(s)|L1(s)|L2(s) / L0(s)|L1(s)|L2(l),3,bus_r4_flow.9:[44 edges]; bus_r4_flow.8:[44 edges]; bus_r4_flow.7:[44 edges]
367.0,E,3,7,28.55,5,L0(s)|L1(s)|L2(s) / L0(s)|L1(ls),4,bus_r2_flow.14:[35 edges]; bus_r2_flow.12:[35 edges]; bus_r2_flow.10:[35 edges]; bus_r2_flow.13:[35 edges]
367.0,S,0,5,45.05,6,L0(rs)|L1(s)|L2(lt) / L0(s)|L1(s)|L2(s),2,bus_r1_flow.16:[21 edges]; bus_r1_flow.15:[21 edges]
368.0,W,0,0,0,4,L0(s)|L1(lst) / L0(s)|L1(s),0,
368.0,N,1,5,60.44,6,L0(s)|L1(s)|L2(s) / L0(s)|L1(s)|L2(l),3,bus_r4_flow.9:[44 edges]; bus_r4_flow.8:[44 edges]; bus_r4_flow.7:[44 edges]
368.0,E,3,7,29.31,5,L0(s)|L1(s)|L2(s) / L0(s)|L1(ls),4,bus_r2_flow.14:[35 edges]; bus_r2_flow.12:[35 edges]; bus_r2_flow.10:[35 edges]; bus_r2_flow.13:[35 edges]
368.0,S,0,4,45.99,6,L0(rs)|L1(s)|L2(lt) / L0(s)|L1(s)|L2(s),2,bus_r1_flow.16:[21 edges]; bus_r1_flow.15:[21 edges]
369.0,W,0,0,0,4,L0(s)|L1(lst) / L0(s)|L1(s),0,
369.0,N,2,6,48.59,6,L0(s)|L1(s)|L2(s) / L0(s)|L1(s)|L2(l),4,bus_r4_flow.9:[44 edges]; bus_r4_flow.8:[44 edges]; bus_r4_flow.7:[44 edges] | bus_r1_flow.13:[21 edges]
369.0,E,2,8,28.81,5,L0(s)|L1(s)|L2(s) / L0(s)|L1(ls),4,bus_r2_flow.14:[35 edges]; bus_r2_flow.12:[35 edges]; bus_r2_flow.10:[35 edges]; bus_r2_flow.13:[35 edges]
369.0,S,0,7,32.53,6,L0(rs)|L1(s)|L2(lt) / L0(s)|L1(s)|L2(s),4,bus_r0_flow.10:[21 edges]; bus_r0_flow.11:[21 edges] | bus_r1_flow.16:[21 edges]; bus_r1_flow.15:[21 edges]
370.0,W,0,0,0,4,L0(s)|L1(lst) / L0(s)|L1(s),0,
370.0,N,2,5,54.58,6,L0(s)|L1(s)|L2(s) / L0(s)|L1(s)|L2(l),4,bus_r4_flow.9:[44 edges]; bus_r4_flow.8:[44 edges]; bus_r4_flow.7:[44 edges] | bus_r1_flow.13:[21 edges]
370.0,E,1,7,30.72,5,L0(s)|L1(s)|L2(s) / L0(s)|L1(ls),3,bus_r2_flow.14:[35 edges]; bus_r2_flow.12:[35 edges]; bus_r2_flow.13:[35 edges]
370.0,S,0,6,35.25,6,L0(rs)|L1(s)|L2(lt) / L0(s)|L1(s)|L2(s),3,bus_r0_flow.10:[21 edges]; bus_r0_flow.11:[21 edges] | bus_r1_flow.16:[21 edges]
371.0,W,0,1,52.72,4,L0(s)|L1(lst) / L0(s)|L1(s),0,
371.0,N,3,5,55.06,6,L0(s)|L1(s)|L2(s) / L0(s)|L1(s)|L2(l),4,bus_r4_flow.9:[44 edges]; bus_r4_flow.8:[44 edges]; bus_r4_flow.7:[44 edges] | bus_r1_flow.13:[21 edges]
371.0,E,0,8,28.9,5,L0(s)|L1(s)|L2(s) / L0(s)|L1(ls),3,bus_r3_flow.11:[35 edges] | bus_r2_flow.14:[35 edges]; bus_r2_flow.12:[35 edges]
371.0,S,0,5,41.64,6,L0(rs)|L1(s)|L2(lt) / L0(s)|L1(s)|L2(s),3,bus_r0_flow.10:[21 edges]; bus_r0_flow.11:[21 edges] | bus_r1_flow.16:[21 edges]
372.0,W,0,1,55.05,4,L0(s)|L1(lst) / L0(s)|L1(s),0,
372.0,N,4,6,49.24,6,L0(s)|L1(s)|L2(s) / L0(s)|L1(s)|L2(l),5,bus_r4_flow.9:[44 edges]; bus_r4_flow.8:[44 edges]; bus_r4_flow.7:[44 edges] | bus_r1_flow.14:[21 edges]; bus_r1_flow.13:[21 edges]
372.0,E,0,8,31.66,5,L0(s)|L1(s)|L2(s) / L0(s)|L1(ls),3,bus_r3_flow.11:[35 edges] | bus_r2_flow.14:[35 edges]; bus_r2_flow.12:[35 edges]
372.0,S,0,6,41.63,6,L0(rs)|L1(s)|L2(lt) / L0(s)|L1(s)|L2(s),4,bus_r0_flow.10:[21 edges]; bus_r0_flow.12:[21 edges]; bus_r0_flow.11:[21 edges] | bus_r1_flow.16:[21 edges]
373.0,W,0,1,56.74,4,L0(s)|L1(lst) / L0(s)|L1(s),0,
373.0,N,4,6,49.82,6,L0(s)|L1(s)|L2(s) / L0(s)|L1(s)|L2(l),5,bus_r4_flow.9:[44 edges]; bus_r4_flow.8:[44 edges]; bus_r4_flow.7:[44 edges] | bus_r1_flow.14:[21 edges]; bus_r1_flow.13:[21 edges]
373.0,E,0,9,32.42,5,L0(s)|L1(s)|L2(s) / L0(s)|L1(ls),4,bus_r3_flow.12:[35 edges]; bus_r3_flow.11:[35 edges] | bus_r2_flow.14:[35 edges]; bus_r2_flow.12:[35 edges]
373.0,S,0,6,42.55,6,L0(rs)|L1(s)|L2(lt) / L0(s)|L1(s)|L2(s),4,bus_r0_flow.10:[21 edges]; bus_r0_flow.12:[21 edges]; bus_r0_flow.11:[21 edges] | bus_r1_flow.16:[21 edges]
374.0,W,0,1,58.76,4,L0(s)|L1(lst) / L0(s)|L1(s),0,
374.0,N,4,7,43.41,6,L0(s)|L1(s)|L2(s) / L0(s)|L1(s)|L2(l),5,bus_r4_flow.9:[44 edges]; bus_r4_flow.8:[44 edges]; bus_r4_flow.7:[44 edges] | bus_r1_flow.14:[21 edges]; bus_r1_flow.13:[21 edges]
374.0,E,0,10,36.4,5,L0(s)|L1(s)|L2(s) / L0(s)|L1(ls),6,bus_r5_flow.10:[25 edges]; bus_r3_flow.12:[35 edges]; bus_r3_flow.11:[35 edges]; bus_r5_flow.11:[25 edges] | bus_r2_flow.14:[35 edges]; bus_r2_flow.12:[35 edges]
374.0,S,0,5,48.3,6,L0(rs)|L1(s)|L2(lt) / L0(s)|L1(s)|L2(s),3,bus_r0_flow.10:[21 edges]; bus_r0_flow.12:[21 edges]; bus_r0_flow.11:[21 edges]
375.0,W,0,1,60.23,4,L0(s)|L1(lst) / L0(s)|L1(s),0,
375.0,N,4,8,42.28,6,L0(s)|L1(s)|L2(s) / L0(s)|L1(s)|L2(l),6,bus_r4_flow.9:[44 edges]; bus_r4_flow.8:[44 edges]; bus_r4_flow.7:[44 edges] | bus_r1_flow.15:[21 edges]; bus_r1_flow.14:[21 edges]; bus_r1_flow.13:[21 edges]
375.0,E,0,10,37.96,5,L0(s)|L1(s)|L2(s) / L0(s)|L1(ls),6,bus_r5_flow.10:[25 edges]; bus_r3_flow.12:[35 edges]; bus_r3_flow.11:[35 edges]; bus_r5_flow.11:[25 edges] | bus_r2_flow.14:[35 edges]; bus_r2_flow.12:[35 edges]
375.0,S,0,5,48.91,6,L0(rs)|L1(s)|L2(lt) / L0(s)|L1(s)|L2(s),3,bus_r0_flow.10:[21 edges]; bus_r0_flow.12:[21 edges]; bus_r0_flow.11:[21 edges]
376.0,W,0,0,0,4,L0(s)|L1(lst) / L0(s)|L1(s),0,
376.0,N,4,8,43.41,6,L0(s)|L1(s)|L2(s) / L0(s)|L1(s)|L2(l),6,bus_r4_flow.9:[44 edges]; bus_r4_flow.8:[44 edges]; bus_r4_flow.7:[44 edges] | bus_r1_flow.15:[21 edges]; bus_r1_flow.14:[21 edges]; bus_r1_flow.13:[21 edges]
376.0,E,0,9,41.96,5,L0(s)|L1(s)|L2(s) / L0(s)|L1(ls),5,bus_r5_flow.10:[25 edges]; bus_r3_flow.12:[35 edges]; bus_r3_flow.11:[35 edges]; bus_r5_flow.11:[25 edges] | bus_r2_flow.14:[35 edges]
376.0,S,0,5,50.73,6,L0(rs)|L1(s)|L2(lt) / L0(s)|L1(s)|L2(s),3,bus_r0_flow.10:[21 edges]; bus_r0_flow.12:[21 edges]; bus_r0_flow.11:[21 edges]
377.0,W,0,0,0,4,L0(s)|L1(lst) / L0(s)|L1(s),0,
377.0,N,4,8,43.8,6,L0(s)|L1(s)|L2(s) / L0(s)|L1(s)|L2(l),6,bus_r4_flow.9:[44 edges]; bus_r4_flow.8:[44 edges]; bus_r4_flow.7:[44 edges] | bus_r1_flow.16:[21 edges]; bus_r1_flow.15:[21 edges]; bus_r1_flow.14:[21 edges]
377.0,E,0,10,40.35,5,L0(s)|L1(s)|L2(s) / L0(s)|L1(ls),5,bus_r5_flow.10:[25 edges]; bus_r3_flow.12:[35 edges]; bus_r3_flow.11:[35 edges]; bus_r5_flow.11:[25 edges] | bus_r2_flow.14:[35 edges]
377.0,S,0,5,50.96,6,L0(rs)|L1(s)|L2(lt) / L0(s)|L1(s)|L2(s),3,bus_r0_flow.10:[21 edges]; bus_r0_flow.12:[21 edges]; bus_r0_flow.11:[21 edges]
378.0,W,0,0,0,4,L0(s)|L1(lst) / L0(s)|L1(s),0,
378.0,N,4,8,43.01,6,L0(s)|L1(s)|L2(s) / L0(s)|L1(s)|L2(l),6,bus_r4_flow.9:[44 edges]; bus_r4_flow.8:[44 edges]; bus_r4_flow.7:[44 edges] | bus_r1_flow.16:[21 edges]; bus_r1_flow.15:[21 edges]; bus_r1_flow.14:[21 edges]
378.0,E,0,9,42.02,5,L0(s)|L1(s)|L2(s) / L0(s)|L1(ls),5,bus_r5_flow.10:[25 edges]; bus_r5_flow.11:[25 edges]; bus_r3_flow.12:[35 edges]; bus_r3_flow.11:[35 edges] | bus_r2_flow.14:[35 edges]
378.0,S,0,5,51.57,6,L0(rs)|L1(s)|L2(lt) / L0(s)|L1(s)|L2(s),3,bus_r0_flow.10:[21 edges]; bus_r0_flow.12:[21 edges]; bus_r0_flow.11:[21 edges]
379.0,W,0,0,0,4,L0(s)|L1(lst) / L0(s)|L1(s),0,
379.0,N,3,8,44.74,6,L0(s)|L1(s)|L2(s) / L0(s)|L1(s)|L2(l),6,bus_r4_flow.9:[44 edges]; bus_r4_flow.8:[44 edges]; bus_r4_flow.7:[44 edges] | bus_r1_flow.16:[21 edges]; bus_r1_flow.15:[21 edges]; bus_r1_flow.14:[21 edges]
379.0,E,0,10,42.3,5,L0(s)|L1(s)|L2(s) / L0(s)|L1(ls),6,bus_r5_flow.13:[25 edges]; bus_r5_flow.10:[25 edges]; bus_r5_flow.11:[25 edges]; bus_r3_flow.12:[35 edges]; bus_r3_flow.11:[35 edges] | bus_r2_flow.14:[35 edges]
379.0,S,0,4,54.89,6,L0(rs)|L1(s)|L2(lt) / L0(s)|L1(s)|L2(s),3,bus_r0_flow.10:[21 edges]; bus_r0_flow.12:[21 edges]; bus_r0_flow.11:[21 edges]
380.0,W,0,0,0,4,L0(s)|L1(lst) / L0(s)|L1(s),0,
380.0,N,2,6,52.76,6,L0(s)|L1(s)|L2(s) / L0(s)|L1(s)|L2(l),5,bus_r4_flow.9:[44 edges]; bus_r4_flow.8:[44 edges]; bus_r4_flow.7:[44 edges] | bus_r1_flow.16:[21 edges]; bus_r1_flow.15:[21 edges]
380.0,E,0,10,45.14,5,L0(s)|L1(s)|L2(s) / L0(s)|L1(ls),6,bus_r5_flow.12:[25 edges]; bus_r5_flow.13:[25 edges]; bus_r5_flow.10:[25 edges]; bus_r5_flow.11:[25 edges]; bus_r3_flow.12:[35 edges]; bus_r3_flow.11:[35 edges]
380.0,S,0,4,55.7,6,L0(rs)|L1(s)|L2(lt) / L0(s)|L1(s)|L2(s),3,bus_r0_flow.10:[21 edges]; bus_r0_flow.12:[21 edges]; bus_r0_flow.11:[21 edges]
381.0,W,0,0,0,4,L0(s)|L1(lst) / L0(s)|L1(s),0,
381.0,N,1,6,53.87,6,L0(s)|L1(s)|L2(s) / L0(s)|L1(s)|L2(l),5,bus_r4_flow.9:[44 edges]; bus_r4_flow.8:[44 edges]; bus_r4_flow.7:[44 edges] | bus_r1_flow.16:[21 edges]; bus_r1_flow.15:[21 edges]
381.0,E,0,10,47.92,5,L0(s)|L1(s)|L2(s) / L0(s)|L1(ls),6,bus_r5_flow.12:[25 edges]; bus_r5_flow.13:[25 edges]; bus_r5_flow.10:[25 edges]; bus_r5_flow.11:[25 edges]; bus_r3_flow.12:[35 edges]; bus_r3_flow.11:[35 edges]
381.0,S,0,4,57.23,6,L0(rs)|L1(s)|L2(lt) / L0(s)|L1(s)|L2(s),3,bus_r0_flow.10:[21 edges]; bus_r0_flow.12:[21 edges]; bus_r0_flow.11:[21 edges]
382.0,W,0,0,0,4,L0(s)|L1(lst) / L0(s)|L1(s),0,
382.0,N,0,4,61.8,6,L0(s)|L1(s)|L2(s) / L0(s)|L1(s)|L2(l),4,bus_r4_flow.9:[44 edges]; bus_r4_flow.8:[44 edges]; bus_r4_flow.7:[44 edges] | bus_r1_flow.16:[21 edges]
382.0,E,0,9,47.32,5,L0(s)|L1(s)|L2(s) / L0(s)|L1(ls),6,bus_r5_flow.12:[25 edges]; bus_r5_flow.13:[25 edges]; bus_r5_flow.10:[25 edges]; bus_r5_flow.11:[25 edges]; bus_r3_flow.12:[35 edges]; bus_r3_flow.11:[35 edges]
382.0,S,0,4,57.73,6,L0(rs)|L1(s)|L2(lt) / L0(s)|L1(s)|L2(s),3,bus_r0_flow.10:[21 edges]; bus_r0_flow.12:[21 edges]; bus_r0_flow.11:[21 edges]
383.0,W,0,2,53.59,4,L0(s)|L1(lst) / L0(s)|L1(s),0,
383.0,N,0,4,63.06,6,L0(s)|L1(s)|L2(s) / L0(s)|L1(s)|L2(l),4,bus_r4_flow.9:[44 edges]; bus_r4_flow.8:[44 edges]; bus_r4_flow.7:[44 edges] | bus_r1_flow.16:[21 edges]
383.0,E,1,10,47.17,5,L0(s)|L1(s)|L2(s) / L0(s)|L1(ls),7,bus_r5_flow.12:[25 edges]; bus_r5_flow.13:[25 edges]; bus_r5_flow.10:[25 edges]; bus_r5_flow.14:[25 edges]; bus_r5_flow.11:[25 edges]; bus_r3_flow.12:[35 edges]; bus_r3_flow.11:[35 edges]
383.0,S,0,4,57.34,6,L0(rs)|L1(s)|L2(lt) / L0(s)|L1(s)|L2(s),3,bus_r0_flow.10:[21 edges]; bus_r0_flow.12:[21 edges]; bus_r0_flow.11:[21 edges]
384.0,W,0,2,54.68,4,L0(s)|L1(lst) / L0(s)|L1(s),0,
384.0,N,0,3,72.4,6,L0(s)|L1(s)|L2(s) / L0(s)|L1(s)|L2(l),3,bus_r4_flow.9:[44 edges]; bus_r4_flow.8:[44 edges]; bus_r4_flow.7:[44 edges]
384.0,E,2,10,36.29,5,L0(s)|L1(s)|L2(s) / L0(s)|L1(ls),7,bus_r5_flow.12:[25 edges]; bus_r5_flow.13:[25 edges]; bus_r5_flow.10:[25 edges]; bus_r5_flow.14:[25 edges]; bus_r5_flow.11:[25 edges]; bus_r3_flow.12:[35 edges] | bus_r4_flow.6:[44 edges]
384.0,S,0,3,59.63,6,L0(rs)|L1(s)|L2(lt) / L0(s)|L1(s)|L2(s),3,bus_r0_flow.10:[21 edges]; bus_r0_flow.12:[21 edges]; bus_r0_flow.11:[21 edges]
385.0,W,0,3,53.13,4,L0(s)|L1(lst) / L0(s)|L1(s),0,
385.0,N,0,3,73.26,6,L0(s)|L1(s)|L2(s) / L0(s)|L1(s)|L2(l),3,bus_r4_flow.9:[44 edges]; bus_r4_flow.8:[44 edges]; bus_r4_flow.7:[44 edges]
385.0,E,2,10,36.12,5,L0(s)|L1(s)|L2(s) / L0(s)|L1(ls),7,bus_r5_flow.12:[25 edges]; bus_r5_flow.13:[25 edges]; bus_r5_flow.10:[25 edges]; bus_r5_flow.14:[25 edges]; bus_r5_flow.11:[25 edges]; bus_r3_flow.12:[35 edges] | bus_r4_flow.6:[44 edges]
385.0,S,0,2,59.78,6,L0(rs)|L1(s)|L2(lt) / L0(s)|L1(s)|L2(s),2,bus_r0_flow.10:[21 edges]; bus_r0_flow.12:[21 edges]
386.0,W,0,3,51.55,4,L0(s)|L1(lst) / L0(s)|L1(s),0,
386.0,N,0,2,77.99,6,L0(s)|L1(s)|L2(s) / L0(s)|L1(s)|L2(l),2,bus_r4_flow.9:[44 edges]; bus_r4_flow.8:[44 edges]
386.0,E,2,11,36.11,5,L0(s)|L1(s)|L2(s) / L0(s)|L1(ls),7,bus_r5_flow.12:[25 edges]; bus_r5_flow.10:[25 edges]; bus_r5_flow.14:[25 edges]; bus_r5_flow.11:[25 edges]; bus_r5_flow.13:[25 edges]; bus_r3_flow.12:[35 edges] | bus_r4_flow.6:[44 edges]
386.0,S,0,1,59.76,6,L0(rs)|L1(s)|L2(lt) / L0(s)|L1(s)|L2(s),1,bus_r0_flow.12:[21 edges]
387.0,W,0,3,50.84,4,L0(s)|L1(lst) / L0(s)|L1(s),0,
387.0,N,0,2,78.6,6,L0(s)|L1(s)|L2(s) / L0(s)|L1(s)|L2(l),2,bus_r4_flow.9:[44 edges]; bus_r4_flow.8:[44 edges]
387.0,E,2,11,35.99,5,L0(s)|L1(s)|L2(s) / L0(s)|L1(ls),7,bus_r5_flow.12:[25 edges]; bus_r5_flow.10:[25 edges]; bus_r5_flow.14:[25 edges]; bus_r5_flow.11:[25 edges]; bus_r5_flow.13:[25 edges]; bus_r3_flow.12:[35 edges] | bus_r4_flow.6:[44 edges]
387.0,S,0,0,0,6,L0(rs)|L1(s)|L2(lt) / L0(s)|L1(s)|L2(s),0,
388.0,W,0,2,54.83,4,L0(s)|L1(lst) / L0(s)|L1(s),0,
388.0,N,0,2,78.67,6,L0(s)|L1(s)|L2(s) / L0(s)|L1(s)|L2(l),2,bus_r4_flow.9:[44 edges]; bus_r4_flow.8:[44 edges]
388.0,E,4,12,29.6,5,L0(s)|L1(s)|L2(s) / L0(s)|L1(ls),7,bus_r5_flow.12:[25 edges]; bus_r5_flow.10:[25 edges]; bus_r5_flow.14:[25 edges]; bus_r5_flow.11:[25 edges]; bus_r5_flow.13:[25 edges]; bus_r3_flow.12:[35 edges] | bus_r4_flow.6:[44 edges]
388.0,S,0,0,0,6,L0(rs)|L1(s)|L2(lt) / L0(s)|L1(s)|L2(s),0,
389.0,W,0,3,55.95,4,L0(s)|L1(lst) / L0(s)|L1(s),1,bus_r2_flow.15:[35 edges]
389.0,N,0,2,79.35,6,L0(s)|L1(s)|L2(s) / L0(s)|L1(s)|L2(l),2,bus_r4_flow.9:[44 edges]; bus_r4_flow.8:[44 edges]
389.0,E,4,12,30.82,5,L0(s)|L1(s)|L2(s) / L0(s)|L1(ls),7,bus_r5_flow.12:[25 edges]; bus_r5_flow.10:[25 edges]; bus_r5_flow.14:[25 edges]; bus_r5_flow.11:[25 edges]; bus_r5_flow.13:[25 edges]; bus_r3_flow.12:[35 edges] | bus_r4_flow.6:[44 edges]
389.0,S,0,1,59.76,6,L0(rs)|L1(s)|L2(lt) / L0(s)|L1(s)|L2(s),1,bus_r1_flow.17:[21 edges]
390.0,W,0,2,56.39,4,L0(s)|L1(lst) / L0(s)|L1(s),1,bus_r2_flow.15:[35 edges]
390.0,N,0,1,86.59,6,L0(s)|L1(s)|L2(s) / L0(s)|L1(s)|L2(l),1,bus_r4_flow.9:[44 edges]
390.0,E,5,12,31.68,5,L0(s)|L1(s)|L2(s) / L0(s)|L1(ls),7,bus_r5_flow.12:[25 edges]; bus_r5_flow.10:[25 edges]; bus_r5_flow.14:[25 edges]; bus_r5_flow.11:[25 edges]; bus_r5_flow.13:[25 edges]; bus_r3_flow.12:[35 edges] | bus_r4_flow.6:[44 edges]
390.0,S,0,1,59.98,6,L0(rs)|L1(s)|L2(lt) / L0(s)|L1(s)|L2(s),1,bus_r1_flow.17:[21 edges]
391.0,W,0,3,57.84,4,L0(s)|L1(lst) / L0(s)|L1(s),2,bus_r2_flow.15:[35 edges]; bus_r2_flow.16:[35 edges]
391.0,N,0,1,86.96,6,L0(s)|L1(s)|L2(s) / L0(s)|L1(s)|L2(l),1,bus_r4_flow.9:[44 edges]
391.0,E,5,13,28.98,5,L0(s)|L1(s)|L2(s) / L0(s)|L1(ls),8,bus_r5_flow.12:[25 edges]; bus_r5_flow.10:[25 edges]; bus_r5_flow.14:[25 edges]; bus_r5_flow.11:[25 edges]; bus_r5_flow.13:[25 edges]; bus_r3_flow.12:[35 edges] | bus_r4_flow.7:[44 edges]; bus_r4_flow.6:[44 edges]
391.0,S,0,1,59.93,6,L0(rs)|L1(s)|L2(lt) / L0(s)|L1(s)|L2(s),1,bus_r1_flow.17:[21 edges]
392.0,W,0,4,56.18,4,L0(s)|L1(lst) / L0(s)|L1(s),3,bus_r2_flow.17:[35 edges]; bus_r2_flow.15:[35 edges]; bus_r2_flow.16:[35 edges]
392.0,N,0,1,86.02,6,L0(s)|L1(s)|L2(s) / L0(s)|L1(s)|L2(l),1,bus_r4_flow.9:[44 edges]
392.0,E,6,13,28.18,5,L0(s)|L1(s)|L2(s) / L0(s)|L1(ls),8,bus_r5_flow.12:[25 edges]; bus_r5_flow.10:[25 edges]; bus_r5_flow.14:[25 edges]; bus_r5_flow.11:[25 edges]; bus_r5_flow.13:[25 edges]; bus_r3_flow.12:[35 edges] | bus_r4_flow.7:[44 edges]; bus_r4_flow.6:[44 edges]
392.0,S,0,1,59.81,6,L0(rs)|L1(s)|L2(lt) / L0(s)|L1(s)|L2(s),1,bus_r1_flow.17:[21 edges]
393.0,W,0,4,54.48,4,L0(s)|L1(lst) / L0(s)|L1(s),3,bus_r2_flow.17:[35 edges]; bus_r2_flow.15:[35 edges]; bus_r2_flow.16:[35 edges]
393.0,N,0,2,85.8,6,L0(s)|L1(s)|L2(s) / L0(s)|L1(s)|L2(l),1,bus_r4_flow.9:[44 edges]
393.0,E,6,14,29.63,5,L0(s)|L1(s)|L2(s) / L0(s)|L1(ls),9,bus_r3_flow.13:[35 edges]; bus_r5_flow.12:[25 edges]; bus_r5_flow.10:[25 edges]; bus_r5_flow.14:[25 edges]; bus_r5_flow.11:[25 edges]; bus_r5_flow.13:[25 edges]; bus_r3_flow.12:[35 edges] | bus_r4_flow.7:[44 edges]; bus_r4_flow.6:[44 edges]
393.0,S,0,1,59.89,6,L0(rs)|L1(s)|L2(lt) / L0(s)|L1(s)|L2(s),1,bus_r1_flow.17:[21 edges]
394.0,W,0,3,51.1,4,L0(s)|L1(lst) / L0(s)|L1(s),3,bus_r2_flow.17:[35 edges]; bus_r2_flow.15:[35 edges]; bus_r2_flow.16:[35 edges]
394.0,N,0,1,95.72,6,L0(s)|L1(s)|L2(s) / L0(s)|L1(s)|L2(l),0,
394.0,E,7,15,31.2,5,L0(s)|L1(s)|L2(s) / L0(s)|L1(ls),10,bus_r3_flow.13:[35 edges]; bus_r5_flow.12:[25 edges]; bus_r5_flow.10:[25 edges]; bus_r3_flow.15:[35 edges]; bus_r5_flow.14:[25 edges]; bus_r5_flow.11:[25 edges]; bus_r5_flow.13:[25 edges]; bus_r3_flow.12:[35 edges] | bus_r4_flow.7:[44 edges]; bus_r4_flow.6:[44 edges]
394.0,S,0,1,59.94,6,L0(rs)|L1(s)|L2(lt) / L0(s)|L1(s)|L2(s),1,bus_r1_flow.17:[21 edges]
395.0,W,0,3,44.18,4,L0(s)|L1(lst) / L0(s)|L1(s),3,bus_r2_flow.17:[35 edges]; bus_r2_flow.15:[35 edges]; bus_r2_flow.16:[35 edges]
395.0,N,0,1,93.08,6,L0(s)|L1(s)|L2(s) / L0(s)|L1(s)|L2(l),0,
395.0,E,8,16,28.91,5,L0(s)|L1(s)|L2(s) / L0(s)|L1(ls),11,bus_r3_flow.13:[35 edges]; bus_r5_flow.12:[25 edges]; bus_r5_flow.10:[25 edges]; bus_r3_flow.15:[35 edges]; bus_r5_flow.14:[25 edges]; bus_r5_flow.11:[25 edges]; bus_r5_flow.13:[25 edges]; bus_r3_flow.12:[35 edges] | bus_r4_flow.8:[44 edges]; bus_r4_flow.7:[44 edges]; bus_r4_flow.6:[44 edges]
395.0,S,0,1,59.97,6,L0(rs)|L1(s)|L2(lt) / L0(s)|L1(s)|L2(s),1,bus_r1_flow.17:[21 edges]
396.0,W,0,3,44.78,4,L0(s)|L1(lst) / L0(s)|L1(s),2,bus_r2_flow.17:[35 edges]; bus_r2_flow.15:[35 edges]
396.0,N,0,1,90.61,6,L0(s)|L1(s)|L2(s) / L0(s)|L1(s)|L2(l),0,
396.0,E,9,17,30.73,5,L0(s)|L1(s)|L2(s) / L0(s)|L1(ls),12,bus_r3_flow.14:[35 edges]; bus_r3_flow.13:[35 edges]; bus_r5_flow.12:[25 edges]; bus_r5_flow.10:[25 edges]; bus_r3_flow.15:[35 edges]; bus_r5_flow.14:[25 edges]; bus_r5_flow.11:[25 edges]; bus_r5_flow.13:[25 edges]; bus_r3_flow.12:[35 edges] | bus_r4_flow.8:[44 edges]; bus_r4_flow.7:[44 edges]; bus_r4_flow.6:[44 edges]
396.0,S,0,1,59.97,6,L0(rs)|L1(s)|L2(lt) / L0(s)|L1(s)|L2(s),1,bus_r1_flow.17:[21 edges]
397.0,W,1,3,41.57,4,L0(s)|L1(lst) / L0(s)|L1(s),2,bus_r2_flow.17:[35 edges]; bus_r2_flow.15:[35 edges]
397.0,N,0,1,88.58,6,L0(s)|L1(s)|L2(s) / L0(s)|L1(s)|L2(l),0,
397.0,E,9,17,31.13,5,L0(s)|L1(s)|L2(s) / L0(s)|L1(ls),12,bus_r3_flow.14:[35 edges]; bus_r3_flow.13:[35 edges]; bus_r5_flow.12:[25 edges]; bus_r5_flow.10:[25 edges]; bus_r3_flow.15:[35 edges]; bus_r5_flow.14:[25 edges]; bus_r5_flow.11:[25 edges]; bus_r5_flow.13:[25 edges]; bus_r3_flow.12:[35 edges] | bus_r4_flow.8:[44 edges]; bus_r4_flow.7:[44 edges]; bus_r4_flow.6:[44 edges]
397.0,S,0,1,59.95,6,L0(rs)|L1(s)|L2(lt) / L0(s)|L1(s)|L2(s),1,bus_r1_flow.17:[21 edges]
398.0,W,1,3,38.39,4,L0(s)|L1(lst) / L0(s)|L1(s),2,bus_r2_flow.17:[35 edges]; bus_r2_flow.15:[35 edges]
398.0,N,0,1,85.88,6,L0(s)|L1(s)|L2(s) / L0(s)|L1(s)|L2(l),0,
398.0,E,9,17,31.94,5,L0(s)|L1(s)|L2(s) / L0(s)|L1(ls),12,bus_r3_flow.14:[35 edges]; bus_r3_flow.13:[35 edges]; bus_r5_flow.12:[25 edges]; bus_r5_flow.10:[25 edges]; bus_r3_flow.15:[35 edges]; bus_r5_flow.14:[25 edges]; bus_r5_flow.11:[25 edges]; bus_r5_flow.13:[25 edges]; bus_r3_flow.12:[35 edges] | bus_r4_flow.8:[44 edges]; bus_r4_flow.7:[44 edges]; bus_r4_flow.6:[44 edges]
398.0,S,0,1,59.96,6,L0(rs)|L1(s)|L2(lt) / L0(s)|L1(s)|L2(s),1,bus_r1_flow.17:[21 edges]
399.0,W,2,3,35.42,4,L0(s)|L1(lst) / L0(s)|L1(s),2,bus_r2_flow.17:[35 edges]; bus_r2_flow.15:[35 edges]
399.0,N,0,1,83.55,6,L0(s)|L1(s)|L2(s) / L0(s)|L1(s)|L2(l),0,
399.0,E,10,15,30.66,5,L0(s)|L1(s)|L2(s) / L0(s)|L1(ls),11,bus_r3_flow.14:[35 edges]; bus_r3_flow.13:[35 edges]; bus_r5_flow.12:[25 edges]; bus_r5_flow.10:[25 edges]; bus_r3_flow.15:[35 edges]; bus_r5_flow.14:[25 edges]; bus_r5_flow.11:[25 edges]; bus_r5_flow.13:[25 edges]; bus_r3_flow.12:[35 edges] | bus_r4_flow.8:[44 edges]; bus_r4_flow.7:[44 edges]
399.0,S,0,2,59.91,6,L0(rs)|L1(s)|L2(lt) / L0(s)|L1(s)|L2(s),2,bus_r1_flow.18:[21 edges]; bus_r1_flow.17:[21 edges]
400.0,W,2,3,32.72,4,L0(s)|L1(lst) / L0(s)|L1(s),2,bus_r2_flow.17:[35 edges]; bus_r2_flow.15:[35 edges]
400.0,N,1,1,83.36,6,L0(s)|L1(s)|L2(s) / L0(s)|L1(s)|L2(l),0,
400.0,E,10,15,30.2,5,L0(s)|L1(s)|L2(s) / L0(s)|L1(ls),11,bus_r3_flow.14:[35 edges]; bus_r3_flow.13:[35 edges]; bus_r5_flow.12:[25 edges]; bus_r5_flow.10:[25 edges]; bus_r3_flow.15:[35 edges]; bus_r5_flow.14:[25 edges]; bus_r5_flow.11:[25 edges]; bus_r5_flow.13:[25 edges]; bus_r3_flow.12:[35 edges] | bus_r4_flow.8:[44 edges]; bus_r4_flow.7:[44 edges]
400.0,S,0,2,59.74,6,L0(rs)|L1(s)|L2(lt) / L0(s)|L1(s)|L2(s),2,bus_r1_flow.18:[21 edges]; bus_r1_flow.17:[21 edges]
401.0,W,1,3,31.9,4,L0(s)|L1(lst) / L0(s)|L1(s),2,bus_r2_flow.17:[35 edges]; bus_r2_flow.15:[35 edges]
401.0,N,1,1,83.35,6,L0(s)|L1(s)|L2(s) / L0(s)|L1(s)|L2(l),0,
401.0,E,8,15,29.99,5,L0(s)|L1(s)|L2(s) / L0(s)|L1(ls),11,bus_r3_flow.14:[35 edges]; bus_r3_flow.13:[35 edges]; bus_r5_flow.12:[25 edges]; bus_r5_flow.10:[25 edges]; bus_r3_flow.15:[35 edges]; bus_r5_flow.14:[25 edges]; bus_r5_flow.11:[25 edges]; bus_r5_flow.13:[25 edges]; bus_r3_flow.12:[35 edges] | bus_r4_flow.8:[44 edges]; bus_r4_flow.7:[44 edges]
401.0,S,0,2,57.9,6,L0(rs)|L1(s)|L2(lt) / L0(s)|L1(s)|L2(s),2,bus_r1_flow.18:[21 edges]; bus_r1_flow.17:[21 edges]
402.0,W,0,2,32.21,4,L0(s)|L1(lst) / L0(s)|L1(s),1,bus_r2_flow.17:[35 edges]
402.0,N,1,1,83.34,6,L0(s)|L1(s)|L2(s) / L0(s)|L1(s)|L2(l),0,
402.0,E,7,15,30.4,5,L0(s)|L1(s)|L2(s) / L0(s)|L1(ls),11,bus_r3_flow.14:[35 edges]; bus_r3_flow.13:[35 edges]; bus_r5_flow.12:[25 edges]; bus_r5_flow.10:[25 edges]; bus_r3_flow.15:[35 edges]; bus_r5_flow.14:[25 edges]; bus_r5_flow.11:[25 edges]; bus_r5_flow.13:[25 edges]; bus_r3_flow.12:[35 edges] | bus_r4_flow.8:[44 edges]; bus_r4_flow.7:[44 edges]
402.0,S,0,1,59.75,6,L0(rs)|L1(s)|L2(lt) / L0(s)|L1(s)|L2(s),1,bus_r1_flow.18:[21 edges]
403.0,W,0,2,33.45,4,L0(s)|L1(lst) / L0(s)|L1(s),1,bus_r2_flow.17:[35 edges]
403.0,N,1,1,83.34,6,L0(s)|L1(s)|L2(s) / L0(s)|L1(s)|L2(l),0,
403.0,E,6,14,31.19,5,L0(s)|L1(s)|L2(s) / L0(s)|L1(ls),11,bus_r3_flow.14:[35 edges]; bus_r3_flow.13:[35 edges]; bus_r5_flow.12:[25 edges]; bus_r5_flow.10:[25 edges]; bus_r3_flow.15:[35 edges]; bus_r5_flow.14:[25 edges]; bus_r5_flow.11:[25 edges]; bus_r5_flow.13:[25 edges]; bus_r3_flow.12:[35 edges] | bus_r4_flow.8:[44 edges]; bus_r4_flow.7:[44 edges]
403.0,S,0,1,59.88,6,L0(rs)|L1(s)|L2(lt) / L0(s)|L1(s)|L2(s),1,bus_r1_flow.18:[21 edges]
404.0,W,0,1,46.84,4,L0(s)|L1(lst) / L0(s)|L1(s),1,bus_r2_flow.17:[35 edges]
404.0,N,1,1,83.34,6,L0(s)|L1(s)|L2(s) / L0(s)|L1(s)|L2(l),0,
404.0,E,5,14,27.04,5,L0(s)|L1(s)|L2(s) / L0(s)|L1(ls),10,bus_r3_flow.14:[35 edges]; bus_r3_flow.13:[35 edges]; bus_r5_flow.12:[25 edges]; bus_r5_flow.10:[25 edges]; bus_r3_flow.15:[35 edges]; bus_r5_flow.14:[25 edges]; bus_r5_flow.11:[25 edges]; bus_r5_flow.13:[25 edges]; bus_r3_flow.12:[35 edges] | bus_r4_flow.8:[44 edges]
404.0,S,0,1,59.99,6,L0(rs)|L1(s)|L2(lt) / L0(s)|L1(s)|L2(s),1,bus_r1_flow.18:[21 edges]
405.0,W,0,2,43.23,4,L0(s)|L1(lst) / L0(s)|L1(s),1,bus_r2_flow.17:[35 edges]
405.0,N,1,1,83.34,6,L0(s)|L1(s)|L2(s) / L0(s)|L1(s)|L2(l),0,
405.0,E,4,14,30.59,5,L0(s)|L1(s)|L2(s) / L0(s)|L1(ls),10,bus_r3_flow.14:[35 edges]; bus_r3_flow.13:[35 edges]; bus_r5_flow.12:[25 edges]; bus_r5_flow.10:[25 edges]; bus_r3_flow.15:[35 edges]; bus_r5_flow.14:[25 edges]; bus_r5_flow.11:[25 edges]; bus_r5_flow.13:[25 edges]; bus_r3_flow.12:[35 edges] | bus_r4_flow.8:[44 edges]
405.0,S,0,1,59.87,6,L0(rs)|L1(s)|L2(lt) / L0(s)|L1(s)|L2(s),1,bus_r1_flow.18:[21 edges]
406.0,W,0,2,45.97,4,L0(s)|L1(lst) / L0(s)|L1(s),1,bus_r2_flow.17:[35 edges]
406.0,N,1,2,70.37,6,L0(s)|L1(s)|L2(s) / L0(s)|L1(s)|L2(l),0,
406.0,E,2,12,33.89,5,L0(s)|L1(s)|L2(s) / L0(s)|L1(ls),9,bus_r3_flow.14:[35 edges]; bus_r3_flow.13:[35 edges]; bus_r5_flow.12:[25 edges]; bus_r5_flow.10:[25 edges]; bus_r3_flow.15:[35 edges]; bus_r5_flow.14:[25 edges]; bus_r5_flow.11:[25 edges]; bus_r5_flow.13:[25 edges] | bus_r4_flow.8:[44 edges]
406.0,S,0,1,59.98,6,L0(rs)|L1(s)|L2(lt) / L0(s)|L1(s)|L2(s),1,bus_r1_flow.18:[21 edges]
407.0,W,0,2,47.89,4,L0(s)|L1(lst) / L0(s)|L1(s),1,bus_r2_flow.17:[35 edges]
407.0,N,1,2,71.58,6,L0(s)|L1(s)|L2(s) / L0(s)|L1(s)|L2(l),0,
407.0,E,1,13,29.12,5,L0(s)|L1(s)|L2(s) / L0(s)|L1(ls),10,bus_r3_flow.14:[35 edges]; bus_r3_flow.13:[35 edges]; bus_r5_flow.12:[25 edges]; bus_r5_flow.10:[25 edges]; bus_r3_flow.15:[35 edges]; bus_r5_flow.14:[25 edges]; bus_r5_flow.11:[25 edges]; bus_r5_flow.13:[25 edges] | bus_r4_flow.8:[44 edges]; bus_r2_flow.16:[35 edges]
407.0,S,0,1,59.91,6,L0(rs)|L1(s)|L2(lt) / L0(s)|L1(s)|L2(s),1,bus_r1_flow.18:[21 edges]
408.0,W,0,3,49.8,4,L0(s)|L1(lst) / L0(s)|L1(s),2,bus_r3_flow.11:[35 edges] | bus_r2_flow.18:[35 edges]
408.0,N,1,2,72.97,6,L0(s)|L1(s)|L2(s) / L0(s)|L1(s)|L2(l),0,
408.0,E,0,12,27.95,5,L0(s)|L1(s)|L2(s) / L0(s)|L1(ls),9,bus_r3_flow.14:[35 edges]; bus_r3_flow.13:[35 edges]; bus_r5_flow.12:[25 edges]; bus_r5_flow.10:[25 edges]; bus_r3_flow.15:[35 edges]; bus_r5_flow.14:[25 edges]; bus_r5_flow.11:[25 edges]; bus_r5_flow.13:[25 edges] | bus_r2_flow.16:[35 edges]
408.0,S,0,1,59.76,6,L0(rs)|L1(s)|L2(lt) / L0(s)|L1(s)|L2(s),1,bus_r1_flow.18:[21 edges]
409.0,W,0,3,49.92,4,L0(s)|L1(lst) / L0(s)|L1(s),2,bus_r3_flow.11:[35 edges] | bus_r2_flow.18:[35 edges]
409.0,N,1,2,74.44,6,L0(s)|L1(s)|L2(s) / L0(s)|L1(s)|L2(l),0,
409.0,E,0,13,26.33,5,L0(s)|L1(s)|L2(s) / L0(s)|L1(ls),10,bus_r3_flow.14:[35 edges]; bus_r3_flow.13:[35 edges]; bus_r5_flow.12:[25 edges]; bus_r5_flow.10:[25 edges]; bus_r3_flow.15:[35 edges]; bus_r5_flow.14:[25 edges]; bus_r5_flow.11:[25 edges]; bus_r5_flow.13:[25 edges] | bus_r2_flow.15:[35 edges]; bus_r2_flow.16:[35 edges]
409.0,S,0,1,59.03,6,L0(rs)|L1(s)|L2(lt) / L0(s)|L1(s)|L2(s),1,bus_r1_flow.18:[21 edges]
410.0,W,0,2,52.16,4,L0(s)|L1(lst) / L0(s)|L1(s),2,bus_r3_flow.11:[35 edges] | bus_r2_flow.18:[35 edges]
410.0,N,1,3,67.37,6,L0(s)|L1(s)|L2(s) / L0(s)|L1(s)|L2(l),0,
410.0,E,0,12,28.72,5,L0(s)|L1(s)|L2(s) / L0(s)|L1(ls),9,bus_r3_flow.14:[35 edges]; bus_r3_flow.13:[35 edges]; bus_r5_flow.12:[25 edges]; bus_r3_flow.15:[35 edges]; bus_r5_flow.14:[25 edges]; bus_r5_flow.11:[25 edges]; bus_r5_flow.13:[25 edges] | bus_r2_flow.15:[35 edges]; bus_r2_flow.16:[35 edges]
410.0,S,0,1,56.88,6,L0(rs)|L1(s)|L2(lt) / L0(s)|L1(s)|L2(s),1,bus_r1_flow.18:[21 edges]
411.0,W,0,2,52.48,4,L0(s)|L1(lst) / L0(s)|L1(s),2,bus_r3_flow.11:[35 edges] | bus_r2_flow.18:[35 edges]
411.0,N,1,3,68.73,6,L0(s)|L1(s)|L2(s) / L0(s)|L1(s)|L2(l),0,
411.0,E,0,11,30.49,5,L0(s)|L1(s)|L2(s) / L0(s)|L1(ls),8,bus_r3_flow.14:[35 edges]; bus_r3_flow.13:[35 edges]; bus_r5_flow.12:[25 edges]; bus_r3_flow.15:[35 edges]; bus_r5_flow.14:[25 edges]; bus_r5_flow.11:[25 edges] | bus_r2_flow.15:[35 edges]; bus_r2_flow.16:[35 edges]
411.0,S,0,1,54.54,6,L0(rs)|L1(s)|L2(lt) / L0(s)|L1(s)|L2(s),1,bus_r1_flow.18:[21 edges]
412.0,W,0,3,48.46,4,L0(s)|L1(lst) / L0(s)|L1(s),3,bus_r3_flow.12:[35 edges]; bus_r3_flow.11:[35 edges] | bus_r2_flow.18:[35 edges]
412.0,N,1,2,71.86,6,L0(s)|L1(s)|L2(s) / L0(s)|L1(s)|L2(l),0,
412.0,E,0,11,32.6,5,L0(s)|L1(s)|L2(s) / L0(s)|L1(ls),8,bus_r3_flow.14:[35 edges]; bus_r3_flow.13:[35 edges]; bus_r5_flow.12:[25 edges]; bus_r3_flow.15:[35 edges]; bus_r5_flow.14:[25 edges]; bus_r5_flow.11:[25 edges] | bus_r2_flow.15:[35 edges]; bus_r2_flow.16:[35 edges]
412.0,S,0,1,55.04,6,L0(rs)|L1(s)|L2(lt) / L0(s)|L1(s)|L2(s),1,bus_r1_flow.18:[21 edges]
413.0,W,0,2,51.6,4,L0(s)|L1(lst) / L0(s)|L1(s),2,bus_r3_flow.12:[35 edges]; bus_r3_flow.11:[35 edges]
413.0,N,1,2,73.22,6,L0(s)|L1(s)|L2(s) / L0(s)|L1(s)|L2(l),0,
413.0,E,0,11,32.63,5,L0(s)|L1(s)|L2(s) / L0(s)|L1(ls),9,bus_r3_flow.14:[35 edges]; bus_r3_flow.13:[35 edges]; bus_r5_flow.12:[25 edges]; bus_r3_flow.15:[35 edges]; bus_r5_flow.14:[25 edges]; bus_r5_flow.11:[25 edges] | bus_r2_flow.17:[35 edges]; bus_r2_flow.15:[35 edges]; bus_r2_flow.16:[35 edges]
413.0,S,0,0,0,6,L0(rs)|L1(s)|L2(lt) / L0(s)|L1(s)|L2(s),0,
414.0,W,0,3,54.43,4,L0(s)|L1(lst) / L0(s)|L1(s),2,bus_r3_flow.12:[35 edges]; bus_r3_flow.11:[35 edges]
414.0,N,1,2,74.41,6,L0(s)|L1(s)|L2(s) / L0(s)|L1(s)|L2(l),0,
414.0,E,0,9,32.34,5,L0(s)|L1(s)|L2(s) / L0(s)|L1(ls),8,bus_r3_flow.14:[35 edges]; bus_r3_flow.13:[35 edges]; bus_r5_flow.12:[25 edges]; bus_r3_flow.15:[35 edges]; bus_r5_flow.14:[25 edges] | bus_r2_flow.17:[35 edges]; bus_r2_flow.15:[35 edges]; bus_r2_flow.16:[35 edges]
414.0,S,0,0,0,6,L0(rs)|L1(s)|L2(lt) / L0(s)|L1(s)|L2(s),0,
415.0,W,0,5,49.39,4,L0(s)|L1(lst) / L0(s)|L1(s),4,bus_r5_flow.10:[25 edges]; bus_r5_flow.13:[25 edges]; bus_r3_flow.12:[35 edges]; bus_r3_flow.11:[35 edges]
415.0,N,1,2,75.72,6,L0(s)|L1(s)|L2(s) / L0(s)|L1(s)|L2(l),0,
415.0,E,0,9,36.73,5,L0(s)|L1(s)|L2(s) / L0(s)|L1(ls),8,bus_r3_flow.14:[35 edges]; bus_r3_flow.13:[35 edges]; bus_r5_flow.12:[25 edges]; bus_r3_flow.15:[35 edges]; bus_r5_flow.14:[25 edges] | bus_r2_flow.17:[35 edges]; bus_r2_flow.15:[35 edges]; bus_r2_flow.16:[35 edges]
415.0,S,0,0,0,6,L0(rs)|L1(s)|L2(lt) / L0(s)|L1(s)|L2(s),0,
416.0,W,0,4,50.43,4,L0(s)|L1(lst) / L0(s)|L1(s),3,bus_r5_flow.10:[25 edges]; bus_r5_flow.13:[25 edges]; bus_r3_flow.12:[35 edges]
416.0,N,1,4,62.34,6,L0(s)|L1(s)|L2(s) / L0(s)|L1(s)|L2(l),0,
416.0,E,0,9,36.14,5,L0(s)|L1(s)|L2(s) / L0(s)|L1(ls),8,bus_r3_flow.14:[35 edges]; bus_r3_flow.13:[35 edges]; bus_r3_flow.15:[35 edges]; bus_r5_flow.14:[25 edges] | bus_r2_flow.18:[35 edges]; bus_r2_flow.15:[35 edges]; bus_r2_flow.16:[35 edges]; bus_r2_flow.17:[35 edges]
416.0,S,0,0,0,6,L0(rs)|L1(s)|L2(lt) / L0(s)|L1(s)|L2(s),0,
417.0,W,0,4,47.66,4,L0(s)|L1(lst) / L0(s)|L1(s),3,bus_r5_flow.10:[25 edges]; bus_r5_flow.13:[25 edges]; bus_r3_flow.12:[35 edges]
417.0,N,1,3,66.22,6,L0(s)|L1(s)|L2(s) / L0(s)|L1(s)|L2(l),0,
417.0,E,0,8,37.92,5,L0(s)|L1(s)|L2(s) / L0(s)|L1(ls),7,bus_r3_flow.14:[35 edges]; bus_r3_flow.13:[35 edges]; bus_r3_flow.15:[35 edges] | bus_r2_flow.18:[35 edges]; bus_r2_flow.15:[35 edges]; bus_r2_flow.16:[35 edges]; bus_r2_flow.17:[35 edges]
417.0,S,0,0,0,6,L0(rs)|L1(s)|L2(lt) / L0(s)|L1(s)|L2(s),0,
418.0,W,0,4,50.62,4,L0(s)|L1(lst) / L0(s)|L1(s),4,bus_r5_flow.11:[25 edges]; bus_r5_flow.10:[25 edges]; bus_r5_flow.13:[25 edges]; bus_r3_flow.12:[35 edges]
418.0,N,1,3,67.07,6,L0(s)|L1(s)|L2(s) / L0(s)|L1(s)|L2(l),0,
418.0,E,0,8,39.42,5,L0(s)|L1(s)|L2(s) / L0(s)|L1(ls),7,bus_r3_flow.13:[35 edges]; bus_r3_flow.14:[35 edges]; bus_r3_flow.15:[35 edges] | bus_r2_flow.18:[35 edges]; bus_r2_flow.15:[35 edges]; bus_r2_flow.16:[35 edges]; bus_r2_flow.17:[35 edges]
418.0,S,0,0,0,6,L0(rs)|L1(s)|L2(lt) / L0(s)|L1(s)|L2(s),0,
419.0,W,0,3,50.97,4,L0(s)|L1(lst) / L0(s)|L1(s),3,bus_r5_flow.11:[25 edges]; bus_r5_flow.10:[25 edges]; bus_r5_flow.13:[25 edges]
419.0,N,1,3,65.52,6,L0(s)|L1(s)|L2(s) / L0(s)|L1(s)|L2(l),0,
419.0,E,0,7,40.58,5,L0(s)|L1(s)|L2(s) / L0(s)|L1(ls),6,bus_r3_flow.13:[35 edges]; bus_r3_flow.14:[35 edges] | bus_r2_flow.18:[35 edges]; bus_r2_flow.15:[35 edges]; bus_r2_flow.16:[35 edges]; bus_r2_flow.17:[35 edges]
419.0,S,0,1,59.86,6,L0(rs)|L1(s)|L2(lt) / L0(s)|L1(s)|L2(s),1,bus_r1_flow.19:[21 edges]
420.0,W,0,4,51.73,4,L0(s)|L1(lst) / L0(s)|L1(s),4,bus_r5_flow.11:[25 edges]; bus_r5_flow.10:[25 edges]; bus_r5_flow.14:[25 edges]; bus_r5_flow.13:[25 edges]
420.0,N,1,3,67.51,6,L0(s)|L1(s)|L2(s) / L0(s)|L1(s)|L2(l),0,
420.0,E,0,6,41.86,5,L0(s)|L1(s)|L2(s) / L0(s)|L1(ls),6,bus_r3_flow.13:[35 edges]; bus_r3_flow.14:[35 edges] | bus_r2_flow.18:[35 edges]; bus_r2_flow.15:[35 edges]; bus_r2_flow.17:[35 edges]; bus_r2_flow.16:[35 edges]
420.0,S,0,1,59.94,6,L0(rs)|L1(s)|L2(lt) / L0(s)|L1(s)|L2(s),1,bus_r1_flow.19:[21 edges]
421.0,W,0,3,49.98,4,L0(s)|L1(lst) / L0(s)|L1(s),3,bus_r5_flow.12:[25 edges]; bus_r5_flow.11:[25 edges]; bus_r5_flow.14:[25 edges]
421.0,N,1,2,76.4,6,L0(s)|L1(s)|L2(s) / L0(s)|L1(s)|L2(l),0,
421.0,E,0,5,45.48,5,L0(s)|L1(s)|L2(s) / L0(s)|L1(ls),5,bus_r3_flow.13:[35 edges]; bus_r3_flow.14:[35 edges] | bus_r2_flow.18:[35 edges]; bus_r2_flow.15:[35 edges]; bus_r2_flow.17:[35 edges]
421.0,S,0,2,54.58,6,L0(rs)|L1(s)|L2(lt) / L0(s)|L1(s)|L2(s),1,bus_r1_flow.19:[21 edges]
422.0,W,0,3,51.55,4,L0(s)|L1(lst) / L0(s)|L1(s),3,bus_r5_flow.12:[25 edges]; bus_r5_flow.11:[25 edges]; bus_r5_flow.14:[25 edges]
422.0,N,1,1,83.34,6,L0(s)|L1(s)|L2(s) / L0(s)|L1(s)|L2(l),0,
422.0,E,0,4,51.43,5,L0(s)|L1(s)|L2(s) / L0(s)|L1(ls),4,bus_r3_flow.14:[35 edges] | bus_r2_flow.18:[35 edges]; bus_r2_flow.15:[35 edges]; bus_r2_flow.17:[35 edges]
422.0,S,0,2,55.95,6,L0(rs)|L1(s)|L2(lt) / L0(s)|L1(s)|L2(s),1,bus_r1_flow.19:[21 edges]
423.0,W,0,4,52.65,4,L0(s)|L1(lst) / L0(s)|L1(s),4,bus_r5_flow.12:[25 edges]; bus_r5_flow.11:[25 edges]; bus_r3_flow.15:[35 edges]; bus_r5_flow.14:[25 edges]
423.0,N,1,1,83.34,6,L0(s)|L1(s)|L2(s) / L0(s)|L1(s)|L2(l),0,
423.0,E,0,4,49.82,5,L0(s)|L1(s)|L2(s) / L0(s)|L1(ls),4,bus_r3_flow.14:[35 edges] | bus_r2_flow.18:[35 edges]; bus_r2_flow.15:[35 edges]; bus_r2_flow.17:[35 edges]
423.0,S,0,2,56.96,6,L0(rs)|L1(s)|L2(lt) / L0(s)|L1(s)|L2(s),1,bus_r1_flow.19:[21 edges]
424.0,W,0,4,51.31,4,L0(s)|L1(lst) / L0(s)|L1(s),3,bus_r5_flow.12:[25 edges]; bus_r3_flow.15:[35 edges]; bus_r5_flow.14:[25 edges]
424.0,N,1,1,83.34,6,L0(s)|L1(s)|L2(s) / L0(s)|L1(s)|L2(l),0,
424.0,E,0,3,48.45,5,L0(s)|L1(s)|L2(s) / L0(s)|L1(ls),3,bus_r2_flow.18:[35 edges]; bus_r2_flow.15:[35 edges]; bus_r2_flow.17:[35 edges]
424.0,S,0,2,58.29,6,L0(rs)|L1(s)|L2(lt) / L0(s)|L1(s)|L2(s),1,bus_r1_flow.19:[21 edges]
425.0,W,0,5,53.57,4,L0(s)|L1(lst) / L0(s)|L1(s),3,bus_r5_flow.12:[25 edges]; bus_r3_flow.15:[35 edges]; bus_r5_flow.14:[25 edges]
425.0,N,1,1,83.34,6,L0(s)|L1(s)|L2(s) / L0(s)|L1(s)|L2(l),0,
425.0,E,0,3,41.48,5,L0(s)|L1(s)|L2(s) / L0(s)|L1(ls),3,bus_r2_flow.18:[35 edges]; bus_r2_flow.15:[35 edges]; bus_r2_flow.17:[35 edges]
425.0,S,0,2,59.31,6,L0(rs)|L1(s)|L2(lt) / L0(s)|L1(s)|L2(s),1,bus_r1_flow.19:[21 edges]
426.0,W,0,4,53.03,4,L0(s)|L1(lst) / L0(s)|L1(s),2,bus_r5_flow.12:[25 edges]; bus_r3_flow.15:[35 edges]
426.0,N,1,1,83.34,6,L0(s)|L1(s)|L2(s) / L0(s)|L1(s)|L2(l),0,
426.0,E,0,3,36.7,5,L0(s)|L1(s)|L2(s) / L0(s)|L1(ls),3,bus_r2_flow.18:[35 edges]; bus_r2_flow.15:[35 edges]; bus_r2_flow.17:[35 edges]
426.0,S,0,2,60.34,6,L0(rs)|L1(s)|L2(lt) / L0(s)|L1(s)|L2(s),1,bus_r1_flow.19:[21 edges]
427.0,W,0,6,53.4,4,L0(s)|L1(lst) / L0(s)|L1(s),4,bus_r3_flow.13:[35 edges]; bus_r5_flow.12:[25 edges]; bus_r3_flow.14:[35 edges]; bus_r3_flow.15:[35 edges]
427.0,N,1,1,83.34,6,L0(s)|L1(s)|L2(s) / L0(s)|L1(s)|L2(l),0,
427.0,E,0,3,32.22,5,L0(s)|L1(s)|L2(s) / L0(s)|L1(ls),3,bus_r2_flow.18:[35 edges]; bus_r2_flow.15:[35 edges]; bus_r2_flow.17:[35 edges]
427.0,S,0,2,60.71,6,L0(rs)|L1(s)|L2(lt) / L0(s)|L1(s)|L2(s),1,bus_r1_flow.19:[21 edges]
428.0,W,0,4,50.79,4,L0(s)|L1(lst) / L0(s)|L1(s),2,bus_r3_flow.13:[35 edges]; bus_r3_flow.14:[35 edges]
428.0,N,1,3,77.18,6,L0(s)|L1(s)|L2(s) / L0(s)|L1(s)|L2(l),2,bus_r0_flow.13:[21 edges]; bus_r4_flow.10:[44 edges]
428.0,E,3,3,30.1,5,L0(s)|L1(s)|L2(s) / L0(s)|L1(ls),3,bus_r2_flow.18:[35 edges]; bus_r2_flow.15:[35 edges]; bus_r2_flow.17:[35 edges]
428.0,S,0,2,60.41,6,L0(rs)|L1(s)|L2(lt) / L0(s)|L1(s)|L2(s),1,bus_r1_flow.19:[21 edges]
429.0,W,0,4,49.3,4,L0(s)|L1(lst) / L0(s)|L1(s),2,bus_r3_flow.13:[35 edges]; bus_r3_flow.14:[35 edges]
429.0,N,1,3,77.34,6,L0(s)|L1(s)|L2(s) / L0(s)|L1(s)|L2(l),2,bus_r0_flow.13:[21 edges]; bus_r4_flow.10:[44 edges]
429.0,E,3,3,30.06,5,L0(s)|L1(s)|L2(s) / L0(s)|L1(ls),3,bus_r2_flow.18:[35 edges]; bus_r2_flow.15:[35 edges]; bus_r2_flow.17:[35 edges]
429.0,S,0,2,60.22,6,L0(rs)|L1(s)|L2(lt) / L0(s)|L1(s)|L2(s),1,bus_r1_flow.19:[21 edges]
430.0,W,0,2,53.85,4,L0(s)|L1(lst) / L0(s)|L1(s),2,bus_r3_flow.13:[35 edges]; bus_r3_flow.14:[35 edges]
430.0,N,1,4,77.63,6,L0(s)|L1(s)|L2(s) / L0(s)|L1(s)|L2(l),2,bus_r0_flow.13:[21 edges]; bus_r4_flow.10:[44 edges]
430.0,E,3,3,30.02,5,L0(s)|L1(s)|L2(s) / L0(s)|L1(ls),3,bus_r2_flow.18:[35 edges]; bus_r2_flow.15:[35 edges]; bus_r2_flow.17:[35 edges]
430.0,S,0,2,57.36,6,L0(rs)|L1(s)|L2(lt) / L0(s)|L1(s)|L2(s),1,bus_r1_flow.19:[21 edges]
431.0,W,0,2,55.5,4,L0(s)|L1(lst) / L0(s)|L1(s),2,bus_r3_flow.13:[35 edges]; bus_r3_flow.14:[35 edges]
431.0,N,1,6,65.53,6,L0(s)|L1(s)|L2(s) / L0(s)|L1(s)|L2(l),3,bus_r0_flow.14:[21 edges]; bus_r0_flow.13:[21 edges]; bus_r4_flow.10:[44 edges]
431.0,E,3,3,30.01,5,L0(s)|L1(s)|L2(s) / L0(s)|L1(ls),3,bus_r2_flow.18:[35 edges]; bus_r2_flow.15:[35 edges]; bus_r2_flow.17:[35 edges]
431.0,S,0,2,55.38,6,L0(rs)|L1(s)|L2(lt) / L0(s)|L1(s)|L2(s),1,bus_r1_flow.19:[21 edges]
432.0,W,0,1,57.57,4,L0(s)|L1(lst) / L0(s)|L1(s),1,bus_r3_flow.13:[35 edges]
432.0,N,1,6,63.24,6,L0(s)|L1(s)|L2(s) / L0(s)|L1(s)|L2(l),3,bus_r0_flow.14:[21 edges]; bus_r0_flow.13:[21 edges]; bus_r4_flow.10:[44 edges]
432.0,E,3,3,30.01,5,L0(s)|L1(s)|L2(s) / L0(s)|L1(ls),3,bus_r2_flow.18:[35 edges]; bus_r2_flow.15:[35 edges]; bus_r2_flow.17:[35 edges]
432.0,S,0,2,51.44,6,L0(rs)|L1(s)|L2(lt) / L0(s)|L1(s)|L2(s),1,bus_r1_flow.19:[21 edges]
433.0,W,0,0,0,4,L0(s)|L1(lst) / L0(s)|L1(s),0,
433.0,N,1,6,60.98,6,L0(s)|L1(s)|L2(s) / L0(s)|L1(s)|L2(l),3,bus_r0_flow.14:[21 edges]; bus_r0_flow.13:[21 edges]; bus_r4_flow.10:[44 edges]
433.0,E,3,3,30.01,5,L0(s)|L1(s)|L2(s) / L0(s)|L1(ls),3,bus_r2_flow.18:[35 edges]; bus_r2_flow.15:[35 edges]; bus_r2_flow.17:[35 edges]
433.0,S,1,2,47.35,6,L0(rs)|L1(s)|L2(lt) / L0(s)|L1(s)|L2(s),1,bus_r1_flow.19:[21 edges]
434.0,W,0,0,0,4,L0(s)|L1(lst) / L0(s)|L1(s),0,
434.0,N,1,7,54.48,6,L0(s)|L1(s)|L2(s) / L0(s)|L1(s)|L2(l),3,bus_r0_flow.15:[21 edges]; bus_r0_flow.14:[21 edges]; bus_r4_flow.10:[44 edges]
434.0,E,3,3,30.01,5,L0(s)|L1(s)|L2(s) / L0(s)|L1(ls),3,bus_r2_flow.18:[35 edges]; bus_r2_flow.15:[35 edges]; bus_r2_flow.17:[35 edges]
434.0,S,1,2,45.27,6,L0(rs)|L1(s)|L2(lt) / L0(s)|L1(s)|L2(s),1,bus_r1_flow.19:[21 edges]
435.0,W,0,0,0,4,L0(s)|L1(lst) / L0(s)|L1(s),0,
435.0,N,2,7,53.54,6,L0(s)|L1(s)|L2(s) / L0(s)|L1(s)|L2(l),3,bus_r0_flow.15:[21 edges]; bus_r0_flow.14:[21 edges]; bus_r4_flow.10:[44 edges]
435.0,E,3,3,30.01,5,L0(s)|L1(s)|L2(s) / L0(s)|L1(ls),3,bus_r2_flow.18:[35 edges]; bus_r2_flow.15:[35 edges]; bus_r2_flow.17:[35 edges]
435.0,S,1,1,50.02,6,L0(rs)|L1(s)|L2(lt) / L0(s)|L1(s)|L2(s),1,bus_r1_flow.19:[21 edges]
436.0,W,0,0,0,4,L0(s)|L1(lst) / L0(s)|L1(s),0,
436.0,N,2,7,49.97,6,L0(s)|L1(s)|L2(s) / L0(s)|L1(s)|L2(l),3,bus_r0_flow.15:[21 edges]; bus_r0_flow.14:[21 edges]; bus_r4_flow.10:[44 edges]
436.0,E,3,3,30.01,5,L0(s)|L1(s)|L2(s) / L0(s)|L1(ls),3,bus_r2_flow.18:[35 edges]; bus_r2_flow.15:[35 edges]; bus_r2_flow.17:[35 edges]
436.0,S,1,1,50.01,6,L0(rs)|L1(s)|L2(lt) / L0(s)|L1(s)|L2(s),1,bus_r1_flow.19:[21 edges]
437.0,W,0,0,0,4,L0(s)|L1(lst) / L0(s)|L1(s),0,
437.0,N,2,6,57.14,6,L0(s)|L1(s)|L2(s) / L0(s)|L1(s)|L2(l),3,bus_r0_flow.15:[21 edges]; bus_r0_flow.14:[21 edges]; bus_r4_flow.10:[44 edges]
437.0,E,3,3,30.01,5,L0(s)|L1(s)|L2(s) / L0(s)|L1(ls),3,bus_r2_flow.18:[35 edges]; bus_r2_flow.15:[35 edges]; bus_r2_flow.17:[35 edges]
437.0,S,1,1,50.01,6,L0(rs)|L1(s)|L2(lt) / L0(s)|L1(s)|L2(s),1,bus_r1_flow.19:[21 edges]
438.0,W,0,0,0,4,L0(s)|L1(lst) / L0(s)|L1(s),0,
438.0,N,2,5,57.79,6,L0(s)|L1(s)|L2(s) / L0(s)|L1(s)|L2(l),2,bus_r0_flow.15:[21 edges]; bus_r4_flow.10:[44 edges]
438.0,E,3,3,30.01,5,L0(s)|L1(s)|L2(s) / L0(s)|L1(ls),3,bus_r2_flow.18:[35 edges]; bus_r2_flow.15:[35 edges]; bus_r2_flow.17:[35 edges]
438.0,S,1,2,52.33,6,L0(rs)|L1(s)|L2(lt) / L0(s)|L1(s)|L2(s),2,bus_r1_flow.20:[21 edges]; bus_r1_flow.19:[21 edges]
439.0,W,0,0,0,4,L0(s)|L1(lst) / L0(s)|L1(s),0,
439.0,N,3,7,62.4,6,L0(s)|L1(s)|L2(s) / L0(s)|L1(s)|L2(l),4,bus_r0_flow.16:[21 edges]; bus_r0_flow.15:[21 edges]; bus_r4_flow.11:[44 edges]; bus_r4_flow.10:[44 edges]
439.0,E,3,3,30.01,5,L0(s)|L1(s)|L2(s) / L0(s)|L1(ls),3,bus_r2_flow.18:[35 edges]; bus_r2_flow.15:[35 edges]; bus_r2_flow.17:[35 edges]
439.0,S,1,2,52.5,6,L0(rs)|L1(s)|L2(lt) / L0(s)|L1(s)|L2(s),2,bus_r1_flow.20:[21 edges]; bus_r1_flow.19:[21 edges]
440.0,W,0,0,0,4,L0(s)|L1(lst) / L0(s)|L1(s),0,
440.0,N,3,6,65.66,6,L0(s)|L1(s)|L2(s) / L0(s)|L1(s)|L2(l),4,bus_r0_flow.16:[21 edges]; bus_r0_flow.15:[21 edges]; bus_r4_flow.11:[44 edges]; bus_r4_flow.10:[44 edges]
440.0,E,3,3,30.01,5,L0(s)|L1(s)|L2(s) / L0(s)|L1(ls),3,bus_r2_flow.18:[35 edges]; bus_r2_flow.15:[35 edges]; bus_r2_flow.17:[35 edges]
440.0,S,1,2,52.42,6,L0(rs)|L1(s)|L2(lt) / L0(s)|L1(s)|L2(s),2,bus_r1_flow.20:[21 edges]; bus_r1_flow.19:[21 edges]
441.0,W,0,0,0,4,L0(s)|L1(lst) / L0(s)|L1(s),0,
441.0,N,4,6,62.94,6,L0(s)|L1(s)|L2(s) / L0(s)|L1(s)|L2(l),4,bus_r0_flow.16:[21 edges]; bus_r0_flow.15:[21 edges]; bus_r4_flow.11:[44 edges]; bus_r4_flow.10:[44 edges]
441.0,E,3,3,30.01,5,L0(s)|L1(s)|L2(s) / L0(s)|L1(ls),3,bus_r2_flow.18:[35 edges]; bus_r2_flow.15:[35 edges]; bus_r2_flow.17:[35 edges]
441.0,S,1,2,52.45,6,L0(rs)|L1(s)|L2(lt) / L0(s)|L1(s)|L2(s),2,bus_r1_flow.20:[21 edges]; bus_r1_flow.19:[21 edges]
442.0,W,0,0,0,4,L0(s)|L1(lst) / L0(s)|L1(s),0,
442.0,N,4,6,60.92,6,L0(s)|L1(s)|L2(s) / L0(s)|L1(s)|L2(l),4,bus_r0_flow.16:[21 edges]; bus_r0_flow.15:[21 edges]; bus_r4_flow.11:[44 edges]; bus_r4_flow.10:[44 edges]
442.0,E,3,3,30.01,5,L0(s)|L1(s)|L2(s) / L0(s)|L1(ls),3,bus_r2_flow.18:[35 edges]; bus_r2_flow.15:[35 edges]; bus_r2_flow.17:[35 edges]
442.0,S,1,2,52.37,6,L0(rs)|L1(s)|L2(lt) / L0(s)|L1(s)|L2(s),2,bus_r1_flow.20:[21 edges]; bus_r1_flow.19:[21 edges]
443.0,W,0,0,0,4,L0(s)|L1(lst) / L0(s)|L1(s),0,
443.0,N,4,7,61.45,6,L0(s)|L1(s)|L2(s) / L0(s)|L1(s)|L2(l),5,bus_r0_flow.17:[21 edges]; bus_r0_flow.16:[21 edges]; bus_r0_flow.15:[21 edges]; bus_r4_flow.11:[44 edges]; bus_r4_flow.10:[44 edges]
443.0,E,3,3,30.01,5,L0(s)|L1(s)|L2(s) / L0(s)|L1(ls),3,bus_r2_flow.18:[35 edges]; bus_r2_flow.15:[35 edges]; bus_r2_flow.17:[35 edges]
443.0,S,1,2,52.44,6,L0(rs)|L1(s)|L2(lt) / L0(s)|L1(s)|L2(s),2,bus_r1_flow.20:[21 edges]; bus_r1_flow.19:[21 edges]
444.0,W,0,0,0,4,L0(s)|L1(lst) / L0(s)|L1(s),0,
444.0,N,5,7,53.94,6,L0(s)|L1(s)|L2(s) / L0(s)|L1(s)|L2(l),5,bus_r0_flow.16:[21 edges]; bus_r0_flow.17:[21 edges]; bus_r0_flow.15:[21 edges]; bus_r4_flow.11:[44 edges]; bus_r4_flow.10:[44 edges]
444.0,E,3,3,30.01,5,L0(s)|L1(s)|L2(s) / L0(s)|L1(ls),3,bus_r2_flow.18:[35 edges]; bus_r2_flow.15:[35 edges]; bus_r2_flow.17:[35 edges]
444.0,S,1,2,52.44,6,L0(rs)|L1(s)|L2(lt) / L0(s)|L1(s)|L2(s),2,bus_r1_flow.20:[21 edges]; bus_r1_flow.19:[21 edges]
445.0,W,0,0,0,4,L0(s)|L1(lst) / L0(s)|L1(s),0,
445.0,N,5,7,54.12,6,L0(s)|L1(s)|L2(s) / L0(s)|L1(s)|L2(l),5,bus_r0_flow.16:[21 edges]; bus_r0_flow.17:[21 edges]; bus_r0_flow.15:[21 edges]; bus_r4_flow.11:[44 edges]; bus_r4_flow.10:[44 edges]
445.0,E,3,3,30.01,5,L0(s)|L1(s)|L2(s) / L0(s)|L1(ls),3,bus_r2_flow.18:[35 edges]; bus_r2_flow.15:[35 edges]; bus_r2_flow.17:[35 edges]
445.0,S,1,2,52.41,6,L0(rs)|L1(s)|L2(lt) / L0(s)|L1(s)|L2(s),2,bus_r1_flow.20:[21 edges]; bus_r1_flow.19:[21 edges]
446.0,W,0,0,0,4,L0(s)|L1(lst) / L0(s)|L1(s),0,
446.0,N,5,7,53.33,6,L0(s)|L1(s)|L2(s) / L0(s)|L1(s)|L2(l),5,bus_r0_flow.16:[21 edges]; bus_r0_flow.17:[21 edges]; bus_r0_flow.15:[21 edges]; bus_r4_flow.11:[44 edges]; bus_r4_flow.10:[44 edges]
446.0,E,3,3,30.01,5,L0(s)|L1(s)|L2(s) / L0(s)|L1(ls),3,bus_r2_flow.18:[35 edges]; bus_r2_flow.15:[35 edges]; bus_r2_flow.17:[35 edges]
446.0,S,1,2,52.39,6,L0(rs)|L1(s)|L2(lt) / L0(s)|L1(s)|L2(s),2,bus_r1_flow.20:[21 edges]; bus_r1_flow.19:[21 edges]
447.0,W,0,0,0,4,L0(s)|L1(lst) / L0(s)|L1(s),0,
447.0,N,5,7,52.52,6,L0(s)|L1(s)|L2(s) / L0(s)|L1(s)|L2(l),5,bus_r0_flow.16:[21 edges]; bus_r0_flow.17:[21 edges]; bus_r0_flow.15:[21 edges]; bus_r4_flow.11:[44 edges]; bus_r4_flow.10:[44 edges]
447.0,E,3,4,25.59,5,L0(s)|L1(s)|L2(s) / L0(s)|L1(ls),3,bus_r2_flow.18:[35 edges]; bus_r2_flow.15:[35 edges]; bus_r2_flow.17:[35 edges]
447.0,S,1,2,52.4,6,L0(rs)|L1(s)|L2(lt) / L0(s)|L1(s)|L2(s),2,bus_r1_flow.20:[21 edges]; bus_r1_flow.19:[21 edges]
448.0,W,0,0,0,4,L0(s)|L1(lst) / L0(s)|L1(s),0,
448.0,N,5,7,51.76,6,L0(s)|L1(s)|L2(s) / L0(s)|L1(s)|L2(l),5,bus_r0_flow.16:[21 edges]; bus_r0_flow.17:[21 edges]; bus_r0_flow.15:[21 edges]; bus_r4_flow.11:[44 edges]; bus_r4_flow.10:[44 edges]
448.0,E,3,4,26.59,5,L0(s)|L1(s)|L2(s) / L0(s)|L1(ls),3,bus_r2_flow.18:[35 edges]; bus_r2_flow.15:[35 edges]; bus_r2_flow.17:[35 edges]
448.0,S,1,2,50.73,6,L0(rs)|L1(s)|L2(lt) / L0(s)|L1(s)|L2(s),2,bus_r1_flow.20:[21 edges]; bus_r1_flow.19:[21 edges]
449.0,W,0,0,0,4,L0(s)|L1(lst) / L0(s)|L1(s),0,
449.0,N,6,8,53.94,6,L0(s)|L1(s)|L2(s) / L0(s)|L1(s)|L2(l),6,bus_r0_flow.16:[21 edges]; bus_r0_flow.17:[21 edges]; bus_r0_flow.15:[21 edges]; bus_r4_flow.12:[44 edges]; bus_r4_flow.11:[44 edges]; bus_r4_flow.10:[44 edges]
449.0,E,3,4,27.98,5,L0(s)|L1(s)|L2(s) / L0(s)|L1(ls),3,bus_r2_flow.18:[35 edges]; bus_r2_flow.15:[35 edges]; bus_r2_flow.17:[35 edges]
449.0,S,1,2,48.93,6,L0(rs)|L1(s)|L2(lt) / L0(s)|L1(s)|L2(s),2,bus_r1_flow.20:[21 edges]; bus_r1_flow.19:[21 edges]
450.0,W,0,0,0,4,L0(s)|L1(lst) / L0(s)|L1(s),0,
450.0,N,7,8,52.2,6,L0(s)|L1(s)|L2(s) / L0(s)|L1(s)|L2(l),6,bus_r0_flow.16:[21 edges]; bus_r0_flow.17:[21 edges]; bus_r0_flow.15:[21 edges]; bus_r4_flow.12:[44 edges]; bus_r4_flow.11:[44 edges]; bus_r4_flow.10:[44 edges]
450.0,E,3,4,29.39,5,L0(s)|L1(s)|L2(s) / L0(s)|L1(ls),3,bus_r2_flow.18:[35 edges]; bus_r2_flow.15:[35 edges]; bus_r2_flow.17:[35 edges]
450.0,S,1,2,47.21,6,L0(rs)|L1(s)|L2(lt) / L0(s)|L1(s)|L2(s),2,bus_r1_flow.20:[21 edges]; bus_r1_flow.19:[21 edges]
451.0,W,0,0,0,4,L0(s)|L1(lst) / L0(s)|L1(s),0,
451.0,N,7,8,51.3,6,L0(s)|L1(s)|L2(s) / L0(s)|L1(s)|L2(l),6,bus_r0_flow.16:[21 edges]; bus_r0_flow.17:[21 edges]; bus_r0_flow.15:[21 edges]; bus_r4_flow.12:[44 edges]; bus_r4_flow.11:[44 edges]; bus_r4_flow.10:[44 edges]
451.0,E,3,4,30.36,5,L0(s)|L1(s)|L2(s) / L0(s)|L1(ls),3,bus_r2_flow.18:[35 edges]; bus_r2_flow.15:[35 edges]; bus_r2_flow.17:[35 edges]
451.0,S,1,2,45.46,6,L0(rs)|L1(s)|L2(lt) / L0(s)|L1(s)|L2(s),2,bus_r1_flow.20:[21 edges]; bus_r1_flow.19:[21 edges]
452.0,W,0,0,0,4,L0(s)|L1(lst) / L0(s)|L1(s),0,
452.0,N,4,8,50.72,6,L0(s)|L1(s)|L2(s) / L0(s)|L1(s)|L2(l),6,bus_r0_flow.16:[21 edges]; bus_r0_flow.17:[21 edges]; bus_r0_flow.15:[21 edges]; bus_r4_flow.12:[44 edges]; bus_r4_flow.11:[44 edges]; bus_r4_flow.10:[44 edges]
452.0,E,3,4,30.67,5,L0(s)|L1(s)|L2(s) / L0(s)|L1(ls),3,bus_r2_flow.18:[35 edges]; bus_r2_flow.15:[35 edges]; bus_r2_flow.17:[35 edges]
452.0,S,1,2,45.34,6,L0(rs)|L1(s)|L2(lt) / L0(s)|L1(s)|L2(s),2,bus_r1_flow.20:[21 edges]; bus_r1_flow.19:[21 edges]
453.0,W,0,0,0,4,L0(s)|L1(lst) / L0(s)|L1(s),0,
453.0,N,2,8,50.92,6,L0(s)|L1(s)|L2(s) / L0(s)|L1(s)|L2(l),6,bus_r0_flow.16:[21 edges]; bus_r0_flow.17:[21 edges]; bus_r0_flow.15:[21 edges]; bus_r4_flow.12:[44 edges]; bus_r4_flow.11:[44 edges]; bus_r4_flow.10:[44 edges]
453.0,E,3,4,30.74,5,L0(s)|L1(s)|L2(s) / L0(s)|L1(ls),3,bus_r2_flow.18:[35 edges]; bus_r2_flow.15:[35 edges]; bus_r2_flow.17:[35 edges]
453.0,S,0,2,45.87,6,L0(rs)|L1(s)|L2(lt) / L0(s)|L1(s)|L2(s),2,bus_r1_flow.20:[21 edges]; bus_r1_flow.19:[21 edges]
454.0,W,0,0,0,4,L0(s)|L1(lst) / L0(s)|L1(s),0,
454.0,N,2,8,51.67,6,L0(s)|L1(s)|L2(s) / L0(s)|L1(s)|L2(l),6,bus_r0_flow.16:[21 edges]; bus_r0_flow.17:[21 edges]; bus_r0_flow.15:[21 edges]; bus_r4_flow.12:[44 edges]; bus_r4_flow.11:[44 edges]; bus_r4_flow.10:[44 edges]
454.0,E,3,4,30.94,5,L0(s)|L1(s)|L2(s) / L0(s)|L1(ls),3,bus_r2_flow.18:[35 edges]; bus_r2_flow.15:[35 edges]; bus_r2_flow.17:[35 edges]
454.0,S,0,3,41.4,6,L0(rs)|L1(s)|L2(lt) / L0(s)|L1(s)|L2(s),2,bus_r1_flow.20:[21 edges]; bus_r1_flow.19:[21 edges]
455.0,W,0,0,0,4,L0(s)|L1(lst) / L0(s)|L1(s),0,
455.0,N,1,8,52.29,6,L0(s)|L1(s)|L2(s) / L0(s)|L1(s)|L2(l),6,bus_r0_flow.16:[21 edges]; bus_r0_flow.17:[21 edges]; bus_r0_flow.15:[21 edges]; bus_r4_flow.12:[44 edges]; bus_r4_flow.11:[44 edges]; bus_r4_flow.10:[44 edges]
455.0,E,3,4,30.73,5,L0(s)|L1(s)|L2(s) / L0(s)|L1(ls),3,bus_r2_flow.18:[35 edges]; bus_r2_flow.15:[35 edges]; bus_r2_flow.17:[35 edges]
455.0,S,0,3,42.82,6,L0(rs)|L1(s)|L2(lt) / L0(s)|L1(s)|L2(s),2,bus_r1_flow.20:[21 edges]; bus_r1_flow.19:[21 edges]
456.0,W,0,0,0,4,L0(s)|L1(lst) / L0(s)|L1(s),0,
456.0,N,0,8,52.84,6,L0(s)|L1(s)|L2(s) / L0(s)|L1(s)|L2(l),6,bus_r0_flow.16:[21 edges]; bus_r0_flow.17:[21 edges]; bus_r0_flow.15:[21 edges]; bus_r4_flow.12:[44 edges]; bus_r4_flow.11:[44 edges]; bus_r4_flow.10:[44 edges]
456.0,E,3,5,27.44,5,L0(s)|L1(s)|L2(s) / L0(s)|L1(ls),3,bus_r2_flow.18:[35 edges]; bus_r2_flow.15:[35 edges]; bus_r2_flow.17:[35 edges]
456.0,S,0,2,47.04,6,L0(rs)|L1(s)|L2(lt) / L0(s)|L1(s)|L2(s),1,bus_r1_flow.20:[21 edges]
457.0,W,0,0,0,4,L0(s)|L1(lst) / L0(s)|L1(s),0,
457.0,N,0,7,58.55,6,L0(s)|L1(s)|L2(s) / L0(s)|L1(s)|L2(l),5,bus_r0_flow.17:[21 edges]; bus_r0_flow.15:[21 edges]; bus_r4_flow.12:[44 edges]; bus_r4_flow.11:[44 edges]; bus_r4_flow.10:[44 edges]
457.0,E,1,7,25.31,5,L0(s)|L1(s)|L2(s) / L0(s)|L1(ls),3,bus_r2_flow.18:[35 edges]; bus_r2_flow.15:[35 edges]; bus_r2_flow.17:[35 edges]
457.0,S,0,2,48.86,6,L0(rs)|L1(s)|L2(lt) / L0(s)|L1(s)|L2(s),1,bus_r1_flow.20:[21 edges]
458.0,W,0,0,0,4,L0(s)|L1(lst) / L0(s)|L1(s),0,
458.0,N,1,7,46.77,6,L0(s)|L1(s)|L2(s) / L0(s)|L1(s)|L2(l),5,bus_r0_flow.17:[21 edges]; bus_r4_flow.12:[44 edges]; bus_r4_flow.11:[44 edges]; bus_r4_flow.10:[44 edges] | bus_r1_flow.17:[21 edges]
458.0,E,0,4,41.88,5,L0(s)|L1(s)|L2(s) / L0(s)|L1(ls),1,bus_r2_flow.18:[35 edges]
458.0,S,0,3,52.63,6,L0(rs)|L1(s)|L2(lt) / L0(s)|L1(s)|L2(s),2,bus_r1_flow.21:[21 edges]; bus_r1_flow.20:[21 edges]
459.0,W,0,0,0,4,L0(s)|L1(lst) / L0(s)|L1(s),0,
459.0,N,1,8,34.5,6,L0(s)|L1(s)|L2(s) / L0(s)|L1(s)|L2(l),6,bus_r0_flow.17:[21 edges]; bus_r4_flow.12:[44 edges]; bus_r4_flow.11:[44 edges]; bus_r4_flow.10:[44 edges] | bus_r1_flow.17:[21 edges]; bus_r1_flow.18:[21 edges]
459.0,E,0,4,43.81,5,L0(s)|L1(s)|L2(s) / L0(s)|L1(ls),1,bus_r2_flow.18:[35 edges]
459.0,S,0,5,41.96,6,L0(rs)|L1(s)|L2(lt) / L0(s)|L1(s)|L2(s),4,bus_r0_flow.13:[21 edges]; bus_r0_flow.14:[21 edges] | bus_r1_flow.20:[21 edges]; bus_r1_flow.21:[21 edges]
460.0,W,0,0,0,4,L0(s)|L1(lst) / L0(s)|L1(s),0,
460.0,N,2,8,35.14,6,L0(s)|L1(s)|L2(s) / L0(s)|L1(s)|L2(l),6,bus_r0_flow.17:[21 edges]; bus_r4_flow.12:[44 edges]; bus_r4_flow.11:[44 edges]; bus_r4_flow.10:[44 edges] | bus_r1_flow.17:[21 edges]; bus_r1_flow.18:[21 edges]
460.0,E,0,4,45.27,5,L0(s)|L1(s)|L2(s) / L0(s)|L1(ls),1,bus_r2_flow.18:[35 edges]
460.0,S,0,5,43.48,6,L0(rs)|L1(s)|L2(lt) / L0(s)|L1(s)|L2(s),4,bus_r0_flow.13:[21 edges]; bus_r0_flow.14:[21 edges] | bus_r1_flow.20:[21 edges]; bus_r1_flow.21:[21 edges]
461.0,W,0,0,0,4,L0(s)|L1(lst) / L0(s)|L1(s),0,
461.0,N,2,8,35.85,6,L0(s)|L1(s)|L2(s) / L0(s)|L1(s)|L2(l),6,bus_r0_flow.17:[21 edges]; bus_r4_flow.12:[44 edges]; bus_r4_flow.11:[44 edges]; bus_r4_flow.10:[44 edges] | bus_r1_flow.17:[21 edges]; bus_r1_flow.18:[21 edges]
461.0,E,0,4,45.58,5,L0(s)|L1(s)|L2(s) / L0(s)|L1(ls),1,bus_r2_flow.18:[35 edges]
461.0,S,0,4,49.07,6,L0(rs)|L1(s)|L2(lt) / L0(s)|L1(s)|L2(s),3,bus_r0_flow.13:[21 edges]; bus_r0_flow.14:[21 edges] | bus_r1_flow.21:[21 edges]
462.0,W,0,0,0,4,L0(s)|L1(lst) / L0(s)|L1(s),0,
462.0,N,3,8,43.16,6,L0(s)|L1(s)|L2(s) / L0(s)|L1(s)|L2(l),6,bus_r4_flow.12:[44 edges]; bus_r4_flow.11:[44 edges]; bus_r4_flow.10:[44 edges] | bus_r1_flow.19:[21 edges]; bus_r1_flow.18:[21 edges]; bus_r1_flow.17:[21 edges]
462.0,E,0,5,44.57,5,L0(s)|L1(s)|L2(s) / L0(s)|L1(ls),2,bus_r5_flow.18:[25 edges] | bus_r2_flow.18:[35 edges]
462.0,S,0,4,50.58,6,L0(rs)|L1(s)|L2(lt) / L0(s)|L1(s)|L2(s),3,bus_r0_flow.13:[21 edges]; bus_r0_flow.14:[21 edges] | bus_r1_flow.21:[21 edges]
463.0,W,0,0,0,4,L0(s)|L1(lst) / L0(s)|L1(s),0,
463.0,N,4,8,37.55,6,L0(s)|L1(s)|L2(s) / L0(s)|L1(s)|L2(l),6,bus_r4_flow.12:[44 edges]; bus_r4_flow.11:[44 edges]; bus_r4_flow.10:[44 edges] | bus_r1_flow.19:[21 edges]; bus_r1_flow.18:[21 edges]; bus_r1_flow.17:[21 edges]
463.0,E,0,6,43.76,5,L0(s)|L1(s)|L2(s) / L0(s)|L1(ls),3,bus_r5_flow.15:[25 edges]; bus_r5_flow.18:[25 edges] | bus_r2_flow.18:[35 edges]
463.0,S,0,6,48.01,6,L0(rs)|L1(s)|L2(lt) / L0(s)|L1(s)|L2(s),5,bus_r0_flow.16:[21 edges]; bus_r0_flow.13:[21 edges]; bus_r0_flow.15:[21 edges]; bus_r0_flow.14:[21 edges] | bus_r1_flow.21:[21 edges]
464.0,W,0,0,0,4,L0(s)|L1(lst) / L0(s)|L1(s),0,
464.0,N,3,8,39.09,6,L0(s)|L1(s)|L2(s) / L0(s)|L1(s)|L2(l),6,bus_r4_flow.12:[44 edges]; bus_r4_flow.11:[44 edges]; bus_r4_flow.10:[44 edges] | bus_r1_flow.19:[21 edges]; bus_r1_flow.18:[21 edges]; bus_r1_flow.17:[21 edges]
464.0,E,0,6,54.28,5,L0(s)|L1(s)|L2(s) / L0(s)|L1(ls),3,bus_r5_flow.15:[25 edges]; bus_r5_flow.17:[25 edges]; bus_r5_flow.18:[25 edges]
464.0,S,0,6,49.6,6,L0(rs)|L1(s)|L2(lt) / L0(s)|L1(s)|L2(s),5,bus_r0_flow.16:[21 edges]; bus_r0_flow.13:[21 edges]; bus_r0_flow.15:[21 edges]; bus_r0_flow.14:[21 edges] | bus_r1_flow.21:[21 edges]
465.0,W,0,0,0,4,L0(s)|L1(lst) / L0(s)|L1(s),0,
465.0,N,2,9,34.27,6,L0(s)|L1(s)|L2(s) / L0(s)|L1(s)|L2(l),7,bus_r4_flow.12:[44 edges]; bus_r4_flow.11:[44 edges]; bus_r4_flow.10:[44 edges] | bus_r1_flow.20:[21 edges]; bus_r1_flow.19:[21 edges]; bus_r1_flow.18:[21 edges]; bus_r1_flow.17:[21 edges]
465.0,E,0,6,53.82,5,L0(s)|L1(s)|L2(s) / L0(s)|L1(ls),3,bus_r5_flow.15:[25 edges]; bus_r5_flow.17:[25 edges]; bus_r5_flow.18:[25 edges]
465.0,S,0,6,50.04,6,L0(rs)|L1(s)|L2(lt) / L0(s)|L1(s)|L2(s),5,bus_r0_flow.16:[21 edges]; bus_r0_flow.13:[21 edges]; bus_r0_flow.15:[21 edges]; bus_r0_flow.14:[21 edges] | bus_r1_flow.21:[21 edges]
466.0,W,0,0,0,4,L0(s)|L1(lst) / L0(s)|L1(s),0,
466.0,N,2,8,40.64,6,L0(s)|L1(s)|L2(s) / L0(s)|L1(s)|L2(l),6,bus_r4_flow.12:[44 edges]; bus_r4_flow.11:[44 edges]; bus_r4_flow.10:[44 edges] | bus_r1_flow.20:[21 edges]; bus_r1_flow.19:[21 edges]; bus_r1_flow.18:[21 edges]
466.0,E,0,6,52.18,5,L0(s)|L1(s)|L2(s) / L0(s)|L1(ls),3,bus_r5_flow.15:[25 edges]; bus_r5_flow.18:[25 edges]; bus_r5_flow.17:[25 edges]
466.0,S,0,7,50.16,6,L0(rs)|L1(s)|L2(lt) / L0(s)|L1(s)|L2(s),6,bus_r0_flow.16:[21 edges]; bus_r0_flow.13:[21 edges]; bus_r0_flow.17:[21 edges]; bus_r0_flow.15:[21 edges]; bus_r0_flow.14:[21 edges] | bus_r1_flow.21:[21 edges]
467.0,W,0,0,0,4,L0(s)|L1(lst) / L0(s)|L1(s),0,
467.0,N,2,8,42.5,6,L0(s)|L1(s)|L2(s) / L0(s)|L1(s)|L2(l),6,bus_r4_flow.12:[44 edges]; bus_r4_flow.11:[44 edges]; bus_r4_flow.10:[44 edges] | bus_r1_flow.20:[21 edges]; bus_r1_flow.19:[21 edges]; bus_r1_flow.18:[21 edges]
467.0,E,0,7,49.37,5,L0(s)|L1(s)|L2(s) / L0(s)|L1(ls),4,bus_r5_flow.15:[25 edges]; bus_r5_flow.18:[25 edges]; bus_r5_flow.16:[25 edges]; bus_r5_flow.17:[25 edges]
467.0,S,0,7,51.57,6,L0(rs)|L1(s)|L2(lt) / L0(s)|L1(s)|L2(s),6,bus_r0_flow.16:[21 edges]; bus_r0_flow.13:[21 edges]; bus_r0_flow.17:[21 edges]; bus_r0_flow.15:[21 edges]; bus_r0_flow.14:[21 edges] | bus_r1_flow.21:[21 edges]
468.0,W,0,0,0,4,L0(s)|L1(lst) / L0(s)|L1(s),0,
468.0,N,3,7,48.25,6,L0(s)|L1(s)|L2(s) / L0(s)|L1(s)|L2(l),6,bus_r4_flow.12:[44 edges]; bus_r4_flow.11:[44 edges]; bus_r4_flow.10:[44 edges] | bus_r1_flow.20:[21 edges]; bus_r1_flow.19:[21 edges]; bus_r1_flow.18:[21 edges]
468.0,E,0,6,48.44,5,L0(s)|L1(s)|L2(s) / L0(s)|L1(ls),4,bus_r5_flow.15:[25 edges]; bus_r5_flow.18:[25 edges]; bus_r5_flow.16:[25 edges]; bus_r5_flow.17:[25 edges]
468.0,S,0,7,52.1,6,L0(rs)|L1(s)|L2(lt) / L0(s)|L1(s)|L2(s),6,bus_r0_flow.16:[21 edges]; bus_r0_flow.13:[21 edges]; bus_r0_flow.17:[21 edges]; bus_r0_flow.15:[21 edges]; bus_r0_flow.14:[21 edges] | bus_r1_flow.21:[21 edges]
469.0,W,0,0,0,4,L0(s)|L1(lst) / L0(s)|L1(s),0,
469.0,N,3,7,43.16,6,L0(s)|L1(s)|L2(s) / L0(s)|L1(s)|L2(l),5,bus_r4_flow.12:[44 edges]; bus_r4_flow.11:[44 edges]; bus_r4_flow.10:[44 edges] | bus_r1_flow.20:[21 edges]; bus_r1_flow.19:[21 edges]
469.0,E,0,6,48.28,5,L0(s)|L1(s)|L2(s) / L0(s)|L1(ls),4,bus_r5_flow.15:[25 edges]; bus_r5_flow.18:[25 edges]; bus_r5_flow.16:[25 edges]; bus_r5_flow.17:[25 edges]
469.0,S,0,6,54.38,6,L0(rs)|L1(s)|L2(lt) / L0(s)|L1(s)|L2(s),6,bus_r0_flow.16:[21 edges]; bus_r0_flow.13:[21 edges]; bus_r0_flow.17:[21 edges]; bus_r0_flow.15:[21 edges]; bus_r0_flow.14:[21 edges] | bus_r1_flow.21:[21 edges]
470.0,W,0,0,0,4,L0(s)|L1(lst) / L0(s)|L1(s),0,
470.0,N,3,7,44.41,6,L0(s)|L1(s)|L2(s) / L0(s)|L1(s)|L2(l),5,bus_r4_flow.12:[44 edges]; bus_r4_flow.11:[44 edges]; bus_r4_flow.10:[44 edges] | bus_r1_flow.20:[21 edges]; bus_r1_flow.19:[21 edges]
470.0,E,1,6,48.77,5,L0(s)|L1(s)|L2(s) / L0(s)|L1(ls),4,bus_r5_flow.15:[25 edges]; bus_r5_flow.18:[25 edges]; bus_r5_flow.16:[25 edges]; bus_r5_flow.17:[25 edges]
470.0,S,0,6,55.4,6,L0(rs)|L1(s)|L2(lt) / L0(s)|L1(s)|L2(s),6,bus_r0_flow.16:[21 edges]; bus_r0_flow.13:[21 edges]; bus_r0_flow.17:[21 edges]; bus_r0_flow.15:[21 edges]; bus_r0_flow.14:[21 edges] | bus_r1_flow.21:[21 edges]
471.0,W,0,0,0,4,L0(s)|L1(lst) / L0(s)|L1(s),0,
471.0,N,4,7,47.17,6,L0(s)|L1(s)|L2(s) / L0(s)|L1(s)|L2(l),4,bus_r4_flow.12:[44 edges]; bus_r4_flow.11:[44 edges]; bus_r4_flow.10:[44 edges] | bus_r1_flow.20:[21 edges]
471.0,E,1,6,49.35,5,L0(s)|L1(s)|L2(s) / L0(s)|L1(ls),4,bus_r5_flow.15:[25 edges]; bus_r5_flow.18:[25 edges]; bus_r5_flow.16:[25 edges]; bus_r5_flow.17:[25 edges]
471.0,S,0,5,56.3,6,L0(rs)|L1(s)|L2(lt) / L0(s)|L1(s)|L2(s),5,bus_r0_flow.16:[21 edges]; bus_r0_flow.13:[21 edges]; bus_r0_flow.17:[21 edges]; bus_r0_flow.15:[21 edges]; bus_r0_flow.14:[21 edges]
472.0,W,0,0,0,4,L0(s)|L1(lst) / L0(s)|L1(s),0,
472.0,N,4,9,47.63,6,L0(s)|L1(s)|L2(s) / L0(s)|L1(s)|L2(l),6,bus_r0_flow.18:[21 edges]; bus_r4_flow.13:[44 edges]; bus_r4_flow.12:[44 edges]; bus_r4_flow.11:[44 edges]; bus_r4_flow.10:[44 edges] | bus_r1_flow.20:[21 edges]
472.0,E,1,6,48.92,5,L0(s)|L1(s)|L2(s) / L0(s)|L1(ls),4,bus_r5_flow.15:[25 edges]; bus_r5_flow.18:[25 edges]; bus_r5_flow.16:[25 edges]; bus_r5_flow.17:[25 edges]
472.0,S,0,5,57.0,6,L0(rs)|L1(s)|L2(lt) / L0(s)|L1(s)|L2(s),5,bus_r0_flow.16:[21 edges]; bus_r0_flow.13:[21 edges]; bus_r0_flow.17:[21 edges]; bus_r0_flow.15:[21 edges]; bus_r0_flow.14:[21 edges]
473.0,W,0,0,0,4,L0(s)|L1(lst) / L0(s)|L1(s),0,
473.0,N,4,10,47.18,6,L0(s)|L1(s)|L2(s) / L0(s)|L1(s)|L2(l),7,bus_r0_flow.18:[21 edges]; bus_r4_flow.13:[44 edges]; bus_r4_flow.12:[44 edges]; bus_r4_flow.11:[44 edges]; bus_r4_flow.10:[44 edges] | bus_r1_flow.21:[21 edges]; bus_r1_flow.20:[21 edges]
473.0,E,2,7,48.88,5,L0(s)|L1(s)|L2(s) / L0(s)|L1(ls),5,bus_r5_flow.19:[25 edges]; bus_r5_flow.15:[25 edges]; bus_r5_flow.18:[25 edges]; bus_r5_flow.16:[25 edges]; bus_r5_flow.17:[25 edges]
473.0,S,0,5,57.81,6,L0(rs)|L1(s)|L2(lt) / L0(s)|L1(s)|L2(s),5,bus_r0_flow.16:[21 edges]; bus_r0_flow.13:[21 edges]; bus_r0_flow.17:[21 edges]; bus_r0_flow.15:[21 edges]; bus_r0_flow.14:[21 edges]
474.0,W,0,0,0,4,L0(s)|L1(lst) / L0(s)|L1(s),0,
474.0,N,4,10,48.58,6,L0(s)|L1(s)|L2(s) / L0(s)|L1(s)|L2(l),6,bus_r0_flow.18:[21 edges]; bus_r4_flow.13:[44 edges]; bus_r4_flow.12:[44 edges]; bus_r4_flow.11:[44 edges]; bus_r4_flow.10:[44 edges] | bus_r1_flow.21:[21 edges]
474.0,E,2,7,46.21,5,L0(s)|L1(s)|L2(s) / L0(s)|L1(ls),5,bus_r5_flow.19:[25 edges]; bus_r5_flow.15:[25 edges]; bus_r5_flow.18:[25 edges]; bus_r5_flow.16:[25 edges]; bus_r5_flow.17:[25 edges]
474.0,S,0,4,58.23,6,L0(rs)|L1(s)|L2(lt) / L0(s)|L1(s)|L2(s),4,bus_r0_flow.16:[21 edges]; bus_r0_flow.13:[21 edges]; bus_r0_flow.17:[21 edges]; bus_r0_flow.15:[21 edges]
475.0,W,0,0,0,4,L0(s)|L1(lst) / L0(s)|L1(s),0,
475.0,N,3,9,48.45,6,L0(s)|L1(s)|L2(s) / L0(s)|L1(s)|L2(l),6,bus_r0_flow.18:[21 edges]; bus_r4_flow.13:[44 edges]; bus_r4_flow.12:[44 edges]; bus_r4_flow.11:[44 edges]; bus_r4_flow.10:[44 edges] | bus_r1_flow.21:[21 edges]
475.0,E,2,7,42.74,5,L0(s)|L1(s)|L2(s) / L0(s)|L1(ls),5,bus_r5_flow.19:[25 edges]; bus_r5_flow.15:[25 edges]; bus_r5_flow.18:[25 edges]; bus_r5_flow.16:[25 edges]; bus_r5_flow.17:[25 edges]
475.0,S,0,3,58.76,6,L0(rs)|L1(s)|L2(lt) / L0(s)|L1(s)|L2(s),3,bus_r0_flow.16:[21 edges]; bus_r0_flow.17:[21 edges]; bus_r0_flow.15:[21 edges]
476.0,W,0,0,0,4,L0(s)|L1(lst) / L0(s)|L1(s),0,
476.0,N,2,9,49.48,6,L0(s)|L1(s)|L2(s) / L0(s)|L1(s)|L2(l),6,bus_r0_flow.18:[21 edges]; bus_r4_flow.13:[44 edges]; bus_r4_flow.12:[44 edges]; bus_r4_flow.11:[44 edges]; bus_r4_flow.10:[44 edges] | bus_r1_flow.21:[21 edges]
476.0,E,3,7,40.01,5,L0(s)|L1(s)|L2(s) / L0(s)|L1(ls),5,bus_r5_flow.19:[25 edges]; bus_r5_flow.15:[25 edges]; bus_r5_flow.18:[25 edges]; bus_r5_flow.16:[25 edges]; bus_r5_flow.17:[25 edges]
476.0,S,0,3,59.2,6,L0(rs)|L1(s)|L2(lt) / L0(s)|L1(s)|L2(s),3,bus_r0_flow.16:[21 edges]; bus_r0_flow.17:[21 edges]; bus_r0_flow.15:[21 edges]
477.0,W,0,0,0,4,L0(s)|L1(lst) / L0(s)|L1(s),0,
477.0,N,1,7,55.34,6,L0(s)|L1(s)|L2(s) / L0(s)|L1(s)|L2(l),5,bus_r4_flow.13:[44 edges]; bus_r4_flow.12:[44 edges]; bus_r4_flow.11:[44 edges]; bus_r4_flow.10:[44 edges] | bus_r1_flow.21:[21 edges]
477.0,E,3,7,38.31,5,L0(s)|L1(s)|L2(s) / L0(s)|L1(ls),5,bus_r5_flow.19:[25 edges]; bus_r5_flow.15:[25 edges]; bus_r5_flow.18:[25 edges]; bus_r5_flow.16:[25 edges]; bus_r5_flow.17:[25 edges]
477.0,S,0,3,59.37,6,L0(rs)|L1(s)|L2(lt) / L0(s)|L1(s)|L2(s),3,bus_r0_flow.16:[21 edges]; bus_r0_flow.17:[21 edges]; bus_r0_flow.15:[21 edges]
478.0,W,0,1,57.5,4,L0(s)|L1(lst) / L0(s)|L1(s),0,
478.0,N,1,5,64.62,6,L0(s)|L1(s)|L2(s) / L0(s)|L1(s)|L2(l),4,bus_r4_flow.13:[44 edges]; bus_r4_flow.12:[44 edges]; bus_r4_flow.11:[44 edges]; bus_r4_flow.10:[44 edges]
478.0,E,5,7,37.55,5,L0(s)|L1(s)|L2(s) / L0(s)|L1(ls),5,bus_r5_flow.19:[25 edges]; bus_r5_flow.15:[25 edges]; bus_r5_flow.18:[25 edges]; bus_r5_flow.16:[25 edges]; bus_r5_flow.17:[25 edges]
478.0,S,0,2,59.72,6,L0(rs)|L1(s)|L2(lt) / L0(s)|L1(s)|L2(s),2,bus_r0_flow.17:[21 edges]; bus_r0_flow.15:[21 edges]
479.0,W,0,2,57.34,4,L0(s)|L1(lst) / L0(s)|L1(s),1,bus_r2_flow.19:[35 edges]
479.0,N,0,5,63.89,6,L0(s)|L1(s)|L2(s) / L0(s)|L1(s)|L2(l),4,bus_r4_flow.13:[44 edges]; bus_r4_flow.12:[44 edges]; bus_r4_flow.11:[44 edges]; bus_r4_flow.10:[44 edges]
479.0,E,5,7,36.89,5,L0(s)|L1(s)|L2(s) / L0(s)|L1(ls),5,bus_r5_flow.19:[25 edges]; bus_r5_flow.15:[25 edges]; bus_r5_flow.18:[25 edges]; bus_r5_flow.16:[25 edges]; bus_r5_flow.17:[25 edges]
479.0,S,0,2,59.88,6,L0(rs)|L1(s)|L2(lt) / L0(s)|L1(s)|L2(s),2,bus_r0_flow.18:[21 edges]; bus_r0_flow.17:[21 edges]
480.0,W,0,2,57.4,4,L0(s)|L1(lst) / L0(s)|L1(s),1,bus_r2_flow.19:[35 edges]
480.0,N,0,4,68.8,6,L0(s)|L1(s)|L2(s) / L0(s)|L1(s)|L2(l),4,bus_r4_flow.13:[44 edges]; bus_r4_flow.12:[44 edges]; bus_r4_flow.11:[44 edges]; bus_r4_flow.10:[44 edges]
480.0,E,6,8,26.18,5,L0(s)|L1(s)|L2(s) / L0(s)|L1(ls),6,bus_r5_flow.19:[25 edges]; bus_r5_flow.15:[25 edges]; bus_r5_flow.18:[25 edges]; bus_r5_flow.16:[25 edges]; bus_r5_flow.17:[25 edges] | bus_r4_flow.9:[44 edges]
480.0,S,0,3,59.46,6,L0(rs)|L1(s)|L2(lt) / L0(s)|L1(s)|L2(s),3,bus_r0_flow.17:[21 edges]; bus_r0_flow.18:[21 edges] | bus_r1_flow.22:[21 edges]
481.0,W,0,3,58.43,4,L0(s)|L1(lst) / L0(s)|L1(s),2,bus_r2_flow.19:[35 edges]; bus_r2_flow.20:[35 edges]
481.0,N,0,3,72.26,6,L0(s)|L1(s)|L2(s) / L0(s)|L1(s)|L2(l),3,bus_r4_flow.13:[44 edges]; bus_r4_flow.12:[44 edges]; bus_r4_flow.11:[44 edges]
481.0,E,6,8,25.92,5,L0(s)|L1(s)|L2(s) / L0(s)|L1(ls),6,bus_r5_flow.19:[25 edges]; bus_r5_flow.15:[25 edges]; bus_r5_flow.18:[25 edges]; bus_r5_flow.16:[25 edges]; bus_r5_flow.17:[25 edges] | bus_r4_flow.9:[44 edges]
481.0,S,0,2,59.68,6,L0(rs)|L1(s)|L2(lt) / L0(s)|L1(s)|L2(s),2,bus_r0_flow.18:[21 edges] | bus_r1_flow.22:[21 edges]
482.0,W,0,4,58.8,4,L0(s)|L1(lst) / L0(s)|L1(s),3,bus_r2_flow.21:[35 edges]; bus_r2_flow.19:[35 edges]; bus_r2_flow.20:[35 edges]
482.0,N,0,3,73.01,6,L0(s)|L1(s)|L2(s) / L0(s)|L1(s)|L2(l),3,bus_r4_flow.13:[44 edges]; bus_r4_flow.12:[44 edges]; bus_r4_flow.11:[44 edges]
482.0,E,6,9,28.47,5,L0(s)|L1(s)|L2(s) / L0(s)|L1(ls),7,bus_r5_flow.19:[25 edges]; bus_r5_flow.15:[25 edges]; bus_r5_flow.18:[25 edges]; bus_r3_flow.17:[35 edges]; bus_r5_flow.16:[25 edges]; bus_r5_flow.17:[25 edges] | bus_r4_flow.9:[44 edges]
482.0,S,0,3,59.71,6,L0(rs)|L1(s)|L2(lt) / L0(s)|L1(s)|L2(s),2,bus_r0_flow.18:[21 edges] | bus_r1_flow.22:[21 edges]
483.0,W,0,4,55.32,4,L0(s)|L1(lst) / L0(s)|L1(s),3,bus_r2_flow.21:[35 edges]; bus_r2_flow.19:[35 edges]; bus_r2_flow.20:[35 edges]
483.0,N,0,3,73.54,6,L0(s)|L1(s)|L2(s) / L0(s)|L1(s)|L2(l),3,bus_r4_flow.13:[44 edges]; bus_r4_flow.12:[44 edges]; bus_r4_flow.11:[44 edges]
483.0,E,6,11,32.73,5,L0(s)|L1(s)|L2(s) / L0(s)|L1(ls),9,bus_r3_flow.16:[35 edges]; bus_r5_flow.19:[25 edges]; bus_r5_flow.15:[25 edges]; bus_r5_flow.18:[25 edges]; bus_r3_flow.18:[35 edges]; bus_r3_flow.17:[35 edges]; bus_r5_flow.16:[25 edges]; bus_r5_flow.17:[25 edges] | bus_r4_flow.9:[44 edges]
483.0,S,0,4,56.38,6,L0(rs)|L1(s)|L2(lt) / L0(s)|L1(s)|L2(s),2,bus_r0_flow.18:[21 edges] | bus_r1_flow.22:[21 edges]
484.0,W,0,2,54.65,4,L0(s)|L1(lst) / L0(s)|L1(s),2,bus_r2_flow.21:[35 edges]; bus_r2_flow.20:[35 edges]
484.0,N,0,3,74.32,6,L0(s)|L1(s)|L2(s) / L0(s)|L1(s)|L2(l),3,bus_r4_flow.13:[44 edges]; bus_r4_flow.12:[44 edges]; bus_r4_flow.11:[44 edges]
484.0,E,7,11,33.57,5,L0(s)|L1(s)|L2(s) / L0(s)|L1(ls),9,bus_r3_flow.16:[35 edges]; bus_r5_flow.19:[25 edges]; bus_r5_flow.15:[25 edges]; bus_r5_flow.18:[25 edges]; bus_r3_flow.18:[35 edges]; bus_r3_flow.17:[35 edges]; bus_r5_flow.16:[25 edges]; bus_r5_flow.17:[25 edges] | bus_r4_flow.9:[44 edges]
484.0,S,0,4,57.9,6,L0(rs)|L1(s)|L2(lt) / L0(s)|L1(s)|L2(s),2,bus_r0_flow.18:[21 edges] | bus_r1_flow.22:[21 edges]
485.0,W,0,2,47.62,4,L0(s)|L1(lst) / L0(s)|L1(s),2,bus_r2_flow.21:[35 edges]; bus_r2_flow.20:[35 edges]
485.0,N,0,3,75.13,6,L0(s)|L1(s)|L2(s) / L0(s)|L1(s)|L2(l),3,bus_r4_flow.13:[44 edges]; bus_r4_flow.12:[44 edges]; bus_r4_flow.11:[44 edges]
485.0,E,7,12,35.9,5,L0(s)|L1(s)|L2(s) / L0(s)|L1(ls),10,bus_r3_flow.16:[35 edges]; bus_r5_flow.19:[25 edges]; bus_r5_flow.15:[25 edges]; bus_r5_flow.18:[25 edges]; bus_r3_flow.19:[35 edges]; bus_r3_flow.18:[35 edges]; bus_r3_flow.17:[35 edges]; bus_r5_flow.16:[25 edges]; bus_r5_flow.17:[25 edges] | bus_r4_flow.9:[44 edges]
485.0,S,0,4,59.7,6,L0(rs)|L1(s)|L2(lt) / L0(s)|L1(s)|L2(s),2,bus_r0_flow.18:[21 edges] | bus_r1_flow.22:[21 edges]
486.0,W,0,2,40.42,4,L0(s)|L1(lst) / L0(s)|L1(s),2,bus_r2_flow.21:[35 edges]; bus_r2_flow.20:[35 edges]
486.0,N,0,2,79.45,6,L0(s)|L1(s)|L2(s) / L0(s)|L1(s)|L2(l),2,bus_r4_flow.13:[44 edges]; bus_r4_flow.12:[44 edges]
486.0,E,7,13,33.55,5,L0(s)|L1(s)|L2(s) / L0(s)|L1(ls),11,bus_r3_flow.16:[35 edges]; bus_r5_flow.19:[25 edges]; bus_r5_flow.15:[25 edges]; bus_r5_flow.18:[25 edges]; bus_r3_flow.19:[35 edges]; bus_r3_flow.18:[35 edges]; bus_r3_flow.17:[35 edges]; bus_r5_flow.16:[25 edges]; bus_r5_flow.17:[25 edges] | bus_r4_flow.10:[44 edges]; bus_r4_flow.9:[44 edges]
486.0,S,0,4,60.22,6,L0(rs)|L1(s)|L2(lt) / L0(s)|L1(s)|L2(s),2,bus_r0_flow.18:[21 edges] | bus_r1_flow.22:[21 edges]
487.0,W,0,2,33.77,4,L0(s)|L1(lst) / L0(s)|L1(s),2,bus_r2_flow.21:[35 edges]; bus_r2_flow.20:[35 edges]
487.0,N,0,2,79.62,6,L0(s)|L1(s)|L2(s) / L0(s)|L1(s)|L2(l),2,bus_r4_flow.13:[44 edges]; bus_r4_flow.12:[44 edges]
487.0,E,7,14,35.52,5,L0(s)|L1(s)|L2(s) / L0(s)|L1(ls),11,bus_r3_flow.16:[35 edges]; bus_r5_flow.19:[25 edges]; bus_r5_flow.15:[25 edges]; bus_r5_flow.18:[25 edges]; bus_r3_flow.19:[35 edges]; bus_r3_flow.18:[35 edges]; bus_r3_flow.17:[35 edges]; bus_r5_flow.16:[25 edges]; bus_r5_flow.17:[25 edges] | bus_r4_flow.10:[44 edges]; bus_r4_flow.9:[44 edges]
487.0,S,0,4,59.14,6,L0(rs)|L1(s)|L2(lt) / L0(s)|L1(s)|L2(s),2,bus_r0_flow.18:[21 edges] | bus_r1_flow.22:[21 edges]
488.0,W,0,2,30.45,4,L0(s)|L1(lst) / L0(s)|L1(s),2,bus_r2_flow.21:[35 edges]; bus_r2_flow.20:[35 edges]
488.0,N,0,2,78.05,6,L0(s)|L1(s)|L2(s) / L0(s)|L1(s)|L2(l),2,bus_r4_flow.13:[44 edges]; bus_r4_flow.12:[44 edges]
488.0,E,7,15,35.04,5,L0(s)|L1(s)|L2(s) / L0(s)|L1(ls),11,bus_r3_flow.16:[35 edges]; bus_r5_flow.19:[25 edges]; bus_r5_flow.15:[25 edges]; bus_r5_flow.18:[25 edges]; bus_r3_flow.19:[35 edges]; bus_r3_flow.18:[35 edges]; bus_r3_flow.17:[35 edges]; bus_r5_flow.16:[25 edges]; bus_r5_flow.17:[25 edges] | bus_r4_flow.10:[44 edges]; bus_r4_flow.9:[44 edges]
488.0,S,0,4,59.9,6,L0(rs)|L1(s)|L2(lt) / L0(s)|L1(s)|L2(s),2,bus_r0_flow.18:[21 edges] | bus_r1_flow.22:[21 edges]
489.0,W,0,3,40.14,4,L0(s)|L1(lst) / L0(s)|L1(s),3,bus_r2_flow.22:[35 edges]; bus_r2_flow.21:[35 edges]; bus_r2_flow.20:[35 edges]
489.0,N,0,2,76.23,6,L0(s)|L1(s)|L2(s) / L0(s)|L1(s)|L2(l),2,bus_r4_flow.13:[44 edges]; bus_r4_flow.12:[44 edges]
489.0,E,7,15,31.28,5,L0(s)|L1(s)|L2(s) / L0(s)|L1(ls),11,bus_r3_flow.16:[35 edges]; bus_r5_flow.19:[25 edges]; bus_r5_flow.15:[25 edges]; bus_r5_flow.18:[25 edges]; bus_r3_flow.19:[35 edges]; bus_r3_flow.18:[35 edges]; bus_r3_flow.17:[35 edges]; bus_r5_flow.16:[25 edges]; bus_r5_flow.17:[25 edges] | bus_r4_flow.9:[44 edges]; bus_r4_flow.10:[44 edges]
489.0,S,0,4,60.18,6,L0(rs)|L1(s)|L2(lt) / L0(s)|L1(s)|L2(s),2,bus_r0_flow.18:[21 edges] | bus_r1_flow.22:[21 edges]
490.0,W,2,3,39.2,4,L0(s)|L1(lst) / L0(s)|L1(s),3,bus_r2_flow.22:[35 edges]; bus_r2_flow.21:[35 edges]; bus_r2_flow.20:[35 edges]
490.0,N,0,2,75.13,6,L0(s)|L1(s)|L2(s) / L0(s)|L1(s)|L2(l),2,bus_r4_flow.13:[44 edges]; bus_r4_flow.12:[44 edges]
490.0,E,7,15,30.5,5,L0(s)|L1(s)|L2(s) / L0(s)|L1(ls),11,bus_r3_flow.16:[35 edges]; bus_r5_flow.19:[25 edges]; bus_r5_flow.15:[25 edges]; bus_r5_flow.18:[25 edges]; bus_r3_flow.19:[35 edges]; bus_r3_flow.18:[35 edges]; bus_r3_flow.17:[35 edges]; bus_r5_flow.16:[25 edges]; bus_r5_flow.17:[25 edges] | bus_r4_flow.9:[44 edges]; bus_r4_flow.10:[44 edges]
490.0,S,0,4,60.04,6,L0(rs)|L1(s)|L2(lt) / L0(s)|L1(s)|L2(s),2,bus_r0_flow.18:[21 edges] | bus_r1_flow.22:[21 edges]
491.0,W,0,3,37.83,4,L0(s)|L1(lst) / L0(s)|L1(s),3,bus_r2_flow.21:[35 edges]; bus_r2_flow.22:[35 edges]; bus_r2_flow.20:[35 edges]
491.0,N,1,2,75.09,6,L0(s)|L1(s)|L2(s) / L0(s)|L1(s)|L2(l),2,bus_r4_flow.13:[44 edges]; bus_r4_flow.12:[44 edges]
491.0,E,6,16,31.73,5,L0(s)|L1(s)|L2(s) / L0(s)|L1(ls),12,bus_r3_flow.20:[35 edges]; bus_r3_flow.16:[35 edges]; bus_r5_flow.19:[25 edges]; bus_r5_flow.15:[25 edges]; bus_r5_flow.18:[25 edges]; bus_r3_flow.19:[35 edges]; bus_r3_flow.18:[35 edges]; bus_r3_flow.17:[35 edges]; bus_r5_flow.16:[25 edges]; bus_r5_flow.17:[25 edges] | bus_r4_flow.9:[44 edges]; bus_r4_flow.10:[44 edges]
491.0,S,0,3,58.09,6,L0(rs)|L1(s)|L2(lt) / L0(s)|L1(s)|L2(s),1,bus_r1_flow.22:[21 edges]
492.0,W,0,2,40.03,4,L0(s)|L1(lst) / L0(s)|L1(s),2,bus_r2_flow.21:[35 edges]; bus_r2_flow.22:[35 edges]
492.0,N,2,2,75.03,6,L0(s)|L1(s)|L2(s) / L0(s)|L1(s)|L2(l),2,bus_r4_flow.13:[44 edges]; bus_r4_flow.12:[44 edges]
492.0,E,4,15,32.54,5,L0(s)|L1(s)|L2(s) / L0(s)|L1(ls),12,bus_r3_flow.20:[35 edges]; bus_r3_flow.16:[35 edges]; bus_r5_flow.19:[25 edges]; bus_r5_flow.15:[25 edges]; bus_r5_flow.18:[25 edges]; bus_r3_flow.19:[35 edges]; bus_r3_flow.18:[35 edges]; bus_r3_flow.17:[35 edges]; bus_r5_flow.16:[25 edges]; bus_r5_flow.17:[25 edges] | bus_r4_flow.9:[44 edges]; bus_r4_flow.10:[44 edges]
492.0,S,0,3,55.79,6,L0(rs)|L1(s)|L2(lt) / L0(s)|L1(s)|L2(s),1,bus_r1_flow.22:[21 edges]
493.0,W,0,2,37.98,4,L0(s)|L1(lst) / L0(s)|L1(s),2,bus_r2_flow.21:[35 edges]; bus_r2_flow.22:[35 edges]
493.0,N,2,3,61.66,6,L0(s)|L1(s)|L2(s) / L0(s)|L1(s)|L2(l),2,bus_r4_flow.13:[44 edges]; bus_r4_flow.12:[44 edges]
493.0,E,3,15,33.41,5,L0(s)|L1(s)|L2(s) / L0(s)|L1(ls),12,bus_r3_flow.20:[35 edges]; bus_r3_flow.16:[35 edges]; bus_r5_flow.19:[25 edges]; bus_r5_flow.15:[25 edges]; bus_r5_flow.18:[25 edges]; bus_r3_flow.19:[35 edges]; bus_r3_flow.18:[35 edges]; bus_r3_flow.17:[35 edges]; bus_r5_flow.16:[25 edges]; bus_r5_flow.17:[25 edges] | bus_r4_flow.9:[44 edges]; bus_r4_flow.10:[44 edges]
493.0,S,0,2,60.35,6,L0(rs)|L1(s)|L2(lt) / L0(s)|L1(s)|L2(s),0,
494.0,W,0,2,35.89,4,L0(s)|L1(lst) / L0(s)|L1(s),2,bus_r2_flow.21:[35 edges]; bus_r2_flow.22:[35 edges]
494.0,N,2,3,62.51,6,L0(s)|L1(s)|L2(s) / L0(s)|L1(s)|L2(l),2,bus_r4_flow.13:[44 edges]; bus_r4_flow.12:[44 edges]
494.0,E,2,13,34.6,5,L0(s)|L1(s)|L2(s) / L0(s)|L1(ls),10,bus_r3_flow.20:[35 edges]; bus_r3_flow.16:[35 edges]; bus_r5_flow.19:[25 edges]; bus_r5_flow.15:[25 edges]; bus_r3_flow.19:[35 edges]; bus_r3_flow.18:[35 edges]; bus_r3_flow.17:[35 edges]; bus_r5_flow.16:[25 edges]; bus_r5_flow.17:[25 edges] | bus_r4_flow.10:[44 edges]
494.0,S,0,1,58.57,6,L0(rs)|L1(s)|L2(lt) / L0(s)|L1(s)|L2(s),0,
495.0,W,0,2,44.17,4,L0(s)|L1(lst) / L0(s)|L1(s),1,bus_r2_flow.22:[35 edges]
495.0,N,2,3,63.59,6,L0(s)|L1(s)|L2(s) / L0(s)|L1(s)|L2(l),2,bus_r4_flow.13:[44 edges]; bus_r4_flow.12:[44 edges]
495.0,E,2,13,29.77,5,L0(s)|L1(s)|L2(s) / L0(s)|L1(ls),10,bus_r3_flow.20:[35 edges]; bus_r3_flow.16:[35 edges]; bus_r5_flow.19:[25 edges]; bus_r5_flow.15:[25 edges]; bus_r3_flow.19:[35 edges]; bus_r3_flow.18:[35 edges]; bus_r3_flow.17:[35 edges]; bus_r5_flow.16:[25 edges]; bus_r5_flow.17:[25 edges] | bus_r4_flow.10:[44 edges]
495.0,S,0,1,55.87,6,L0(rs)|L1(s)|L2(lt) / L0(s)|L1(s)|L2(s),0,
496.0,W,0,3,41.74,4,L0(s)|L1(lst) / L0(s)|L1(s),1,bus_r2_flow.22:[35 edges]
496.0,N,2,3,64.59,6,L0(s)|L1(s)|L2(s) / L0(s)|L1(s)|L2(l),2,bus_r4_flow.13:[44 edges]; bus_r4_flow.12:[44 edges]
496.0,E,1,13,32.65,5,L0(s)|L1(s)|L2(s) / L0(s)|L1(ls),10,bus_r3_flow.20:[35 edges]; bus_r3_flow.16:[35 edges]; bus_r5_flow.19:[25 edges]; bus_r5_flow.15:[25 edges]; bus_r3_flow.19:[35 edges]; bus_r3_flow.18:[35 edges]; bus_r3_flow.17:[35 edges]; bus_r5_flow.16:[25 edges]; bus_r5_flow.17:[25 edges] | bus_r4_flow.10:[44 edges]
496.0,S,0,0,0,6,L0(rs)|L1(s)|L2(lt) / L0(s)|L1(s)|L2(s),0,
497.0,W,0,3,45.3,4,L0(s)|L1(lst) / L0(s)|L1(s),1,bus_r2_flow.22:[35 edges]
497.0,N,2,3,65.83,6,L0(s)|L1(s)|L2(s) / L0(s)|L1(s)|L2(l),2,bus_r4_flow.13:[44 edges]; bus_r4_flow.12:[44 edges]
497.0,E,0,13,34.18,5,L0(s)|L1(s)|L2(s) / L0(s)|L1(ls),10,bus_r3_flow.20:[35 edges]; bus_r3_flow.16:[35 edges]; bus_r5_flow.19:[25 edges]; bus_r5_flow.15:[25 edges]; bus_r3_flow.19:[35 edges]; bus_r3_flow.18:[35 edges]; bus_r3_flow.17:[35 edges]; bus_r5_flow.16:[25 edges]; bus_r5_flow.17:[25 edges] | bus_r4_flow.10:[44 edges]
497.0,S,0,0,0,6,L0(rs)|L1(s)|L2(lt) / L0(s)|L1(s)|L2(s),0,
498.0,W,0,3,58.45,4,L0(s)|L1(lst) / L0(s)|L1(s),0,
498.0,N,2,3,67.13,6,L0(s)|L1(s)|L2(s) / L0(s)|L1(s)|L2(l),2,bus_r4_flow.13:[44 edges]; bus_r4_flow.12:[44 edges]
498.0,E,0,13,29.07,5,L0(s)|L1(s)|L2(s) / L0(s)|L1(ls),10,bus_r3_flow.20:[35 edges]; bus_r3_flow.16:[35 edges]; bus_r5_flow.19:[25 edges]; bus_r3_flow.19:[35 edges]; bus_r3_flow.18:[35 edges]; bus_r3_flow.17:[35 edges]; bus_r5_flow.16:[25 edges]; bus_r5_flow.17:[25 edges] | bus_r2_flow.19:[35 edges]; bus_r4_flow.10:[44 edges]
498.0,S,0,1,59.8,6,L0(rs)|L1(s)|L2(lt) / L0(s)|L1(s)|L2(s),1,bus_r1_flow.23:[21 edges]
499.0,W,0,2,58.64,4,L0(s)|L1(lst) / L0(s)|L1(s),0,
499.0,N,2,3,68.45,6,L0(s)|L1(s)|L2(s) / L0(s)|L1(s)|L2(l),2,bus_r4_flow.13:[44 edges]; bus_r4_flow.12:[44 edges]
499.0,E,0,10,30.79,5,L0(s)|L1(s)|L2(s) / L0(s)|L1(ls),8,bus_r3_flow.20:[35 edges]; bus_r3_flow.16:[35 edges]; bus_r5_flow.19:[25 edges]; bus_r3_flow.19:[35 edges]; bus_r3_flow.18:[35 edges]; bus_r3_flow.17:[35 edges]; bus_r5_flow.16:[25 edges] | bus_r2_flow.19:[35 edges]
499.0,S,0,1,59.96,6,L0(rs)|L1(s)|L2(lt) / L0(s)|L1(s)|L2(s),1,bus_r1_flow.23:[21 edges]
500.0,W,0,2,59.47,4,L0(s)|L1(lst) / L0(s)|L1(s),0,
500.0,N,2,2,75.01,6,L0(s)|L1(s)|L2(s) / L0(s)|L1(s)|L2(l),2,bus_r4_flow.13:[44 edges]; bus_r4_flow.12:[44 edges]
500.0,E,0,10,32.65,5,L0(s)|L1(s)|L2(s) / L0(s)|L1(ls),8,bus_r3_flow.20:[35 edges]; bus_r3_flow.16:[35 edges]; bus_r5_flow.19:[25 edges]; bus_r3_flow.19:[35 edges]; bus_r3_flow.18:[35 edges]; bus_r3_flow.17:[35 edges]; bus_r5_flow.16:[25 edges] | bus_r2_flow.19:[35 edges]
500.0,S,0,1,59.77,6,L0(rs)|L1(s)|L2(lt) / L0(s)|L1(s)|L2(s),1,bus_r1_flow.23:[21 edges]
501.0,W,0,2,51.5,4,L0(s)|L1(lst) / L0(s)|L1(s),1,bus_r5_flow.18:[25 edges]
501.0,N,2,2,75.01,6,L0(s)|L1(s)|L2(s) / L0(s)|L1(s)|L2(l),2,bus_r4_flow.13:[44 edges]; bus_r4_flow.12:[44 edges]
501.0,E,0,12,27.04,5,L0(s)|L1(s)|L2(s) / L0(s)|L1(ls),10,bus_r3_flow.20:[35 edges]; bus_r3_flow.16:[35 edges]; bus_r5_flow.19:[25 edges]; bus_r3_flow.19:[35 edges]; bus_r3_flow.18:[35 edges]; bus_r3_flow.17:[35 edges]; bus_r5_flow.16:[25 edges] | bus_r2_flow.21:[35 edges]; bus_r2_flow.19:[35 edges]; bus_r2_flow.20:[35 edges]
501.0,S,0,1,59.97,6,L0(rs)|L1(s)|L2(lt) / L0(s)|L1(s)|L2(s),1,bus_r1_flow.23:[21 edges]
502.0,W,0,2,52.54,4,L0(s)|L1(lst) / L0(s)|L1(s),1,bus_r5_flow.18:[25 edges]
502.0,N,2,2,75.01,6,L0(s)|L1(s)|L2(s) / L0(s)|L1(s)|L2(l),2,bus_r4_flow.13:[44 edges]; bus_r4_flow.12:[44 edges]
502.0,E,0,11,29.62,5,L0(s)|L1(s)|L2(s) / L0(s)|L1(ls),9,bus_r3_flow.20:[35 edges]; bus_r3_flow.16:[35 edges]; bus_r3_flow.19:[35 edges]; bus_r3_flow.18:[35 edges]; bus_r3_flow.17:[35 edges]; bus_r5_flow.16:[25 edges] | bus_r2_flow.21:[35 edges]; bus_r2_flow.19:[35 edges]; bus_r2_flow.20:[35 edges]
502.0,S,0,1,59.71,6,L0(rs)|L1(s)|L2(lt) / L0(s)|L1(s)|L2(s),1,bus_r1_flow.23:[21 edges]
503.0,W,0,2,51.17,4,L0(s)|L1(lst) / L0(s)|L1(s),2,bus_r5_flow.15:[25 edges]; bus_r5_flow.18:[25 edges]
503.0,N,2,2,75.01,6,L0(s)|L1(s)|L2(s) / L0(s)|L1(s)|L2(l),2,bus_r4_flow.13:[44 edges]; bus_r4_flow.12:[44 edges]
503.0,E,0,10,31.21,5,L0(s)|L1(s)|L2(s) / L0(s)|L1(ls),8,bus_r3_flow.20:[35 edges]; bus_r3_flow.16:[35 edges]; bus_r3_flow.19:[35 edges]; bus_r3_flow.18:[35 edges]; bus_r3_flow.17:[35 edges] | bus_r2_flow.21:[35 edges]; bus_r2_flow.19:[35 edges]; bus_r2_flow.20:[35 edges]
503.0,S,0,1,59.72,6,L0(rs)|L1(s)|L2(lt) / L0(s)|L1(s)|L2(s),1,bus_r1_flow.23:[21 edges]
504.0,W,0,3,47.22,4,L0(s)|L1(lst) / L0(s)|L1(s),3,bus_r5_flow.15:[25 edges]; bus_r5_flow.18:[25 edges]; bus_r5_flow.17:[25 edges]
504.0,N,2,2,75.01,6,L0(s)|L1(s)|L2(s) / L0(s)|L1(s)|L2(l),2,bus_r4_flow.13:[44 edges]; bus_r4_flow.12:[44 edges]
504.0,E,0,11,33.1,5,L0(s)|L1(s)|L2(s) / L0(s)|L1(ls),9,bus_r3_flow.20:[35 edges]; bus_r3_flow.16:[35 edges]; bus_r3_flow.19:[35 edges]; bus_r3_flow.18:[35 edges]; bus_r3_flow.17:[35 edges] | bus_r2_flow.21:[35 edges]; bus_r2_flow.19:[35 edges]; bus_r2_flow.22:[35 edges]; bus_r2_flow.20:[35 edges]
504.0,S,0,1,59.87,6,L0(rs)|L1(s)|L2(lt) / L0(s)|L1(s)|L2(s),1,bus_r1_flow.23:[21 edges]
505.0,W,0,3,48.6,4,L0(s)|L1(lst) / L0(s)|L1(s),3,bus_r5_flow.15:[25 edges]; bus_r5_flow.18:[25 edges]; bus_r5_flow.17:[25 edges]
505.0,N,2,2,75.01,6,L0(s)|L1(s)|L2(s) / L0(s)|L1(s)|L2(l),2,bus_r4_flow.13:[44 edges]; bus_r4_flow.12:[44 edges]
505.0,E,0,10,34.97,5,L0(s)|L1(s)|L2(s) / L0(s)|L1(ls),8,bus_r3_flow.20:[35 edges]; bus_r3_flow.19:[35 edges]; bus_r3_flow.18:[35 edges]; bus_r3_flow.17:[35 edges] | bus_r2_flow.21:[35 edges]; bus_r2_flow.19:[35 edges]; bus_r2_flow.22:[35 edges]; bus_r2_flow.20:[35 edges]
505.0,S,0,1,59.74,6,L0(rs)|L1(s)|L2(lt) / L0(s)|L1(s)|L2(s),1,bus_r1_flow.23:[21 edges]
506.0,W,0,4,49.53,4,L0(s)|L1(lst) / L0(s)|L1(s),4,bus_r5_flow.19:[25 edges]; bus_r5_flow.15:[25 edges]; bus_r5_flow.18:[25 edges]; bus_r5_flow.17:[25 edges]
506.0,N,2,2,75.01,6,L0(s)|L1(s)|L2(s) / L0(s)|L1(s)|L2(l),2,bus_r4_flow.13:[44 edges]; bus_r4_flow.12:[44 edges]
506.0,E,0,9,37.68,5,L0(s)|L1(s)|L2(s) / L0(s)|L1(ls),7,bus_r3_flow.20:[35 edges]; bus_r3_flow.19:[35 edges]; bus_r3_flow.18:[35 edges] | bus_r2_flow.21:[35 edges]; bus_r2_flow.19:[35 edges]; bus_r2_flow.22:[35 edges]; bus_r2_flow.20:[35 edges]
506.0,S,0,1,59.96,6,L0(rs)|L1(s)|L2(lt) / L0(s)|L1(s)|L2(s),1,bus_r1_flow.23:[21 edges]
507.0,W,0,4,49.67,4,L0(s)|L1(lst) / L0(s)|L1(s),4,bus_r5_flow.19:[25 edges]; bus_r5_flow.15:[25 edges]; bus_r5_flow.16:[25 edges]; bus_r5_flow.17:[25 edges]
507.0,N,2,2,75.01,6,L0(s)|L1(s)|L2(s) / L0(s)|L1(s)|L2(l),2,bus_r4_flow.13:[44 edges]; bus_r4_flow.12:[44 edges]
507.0,E,0,8,38.93,5,L0(s)|L1(s)|L2(s) / L0(s)|L1(ls),7,bus_r3_flow.20:[35 edges]; bus_r3_flow.19:[35 edges]; bus_r3_flow.18:[35 edges] | bus_r2_flow.21:[35 edges]; bus_r2_flow.19:[35 edges]; bus_r2_flow.22:[35 edges]; bus_r2_flow.20:[35 edges]
507.0,S,0,1,59.76,6,L0(rs)|L1(s)|L2(lt) / L0(s)|L1(s)|L2(s),1,bus_r1_flow.23:[21 edges]
508.0,W,0,4,50.67,4,L0(s)|L1(lst) / L0(s)|L1(s),4,bus_r5_flow.19:[25 edges]; bus_r5_flow.15:[25 edges]; bus_r5_flow.16:[25 edges]; bus_r5_flow.17:[25 edges]
508.0,N,2,2,75.01,6,L0(s)|L1(s)|L2(s) / L0(s)|L1(s)|L2(l),2,bus_r4_flow.13:[44 edges]; bus_r4_flow.12:[44 edges]
508.0,E,0,8,39.55,5,L0(s)|L1(s)|L2(s) / L0(s)|L1(ls),7,bus_r3_flow.20:[35 edges]; bus_r3_flow.19:[35 edges]; bus_r3_flow.18:[35 edges] | bus_r2_flow.21:[35 edges]; bus_r2_flow.19:[35 edges]; bus_r2_flow.22:[35 edges]; bus_r2_flow.20:[35 edges]
508.0,S,0,1,59.98,6,L0(rs)|L1(s)|L2(lt) / L0(s)|L1(s)|L2(s),1,bus_r1_flow.23:[21 edges]
509.0,W,0,6,51.58,4,L0(s)|L1(lst) / L0(s)|L1(s),6,bus_r3_flow.16:[35 edges]; bus_r5_flow.19:[25 edges]; bus_r5_flow.15:[25 edges]; bus_r5_flow.16:[25 edges]; bus_r5_flow.17:[25 edges] | bus_r2_flow.23:[35 edges]
509.0,N,2,2,75.01,6,L0(s)|L1(s)|L2(s) / L0(s)|L1(s)|L2(l),2,bus_r4_flow.13:[44 edges]; bus_r4_flow.12:[44 edges]
509.0,E,0,7,43.04,5,L0(s)|L1(s)|L2(s) / L0(s)|L1(ls),6,bus_r3_flow.20:[35 edges]; bus_r3_flow.19:[35 edges] | bus_r2_flow.21:[35 edges]; bus_r2_flow.19:[35 edges]; bus_r2_flow.22:[35 edges]; bus_r2_flow.20:[35 edges]
509.0,S,0,2,55.49,6,L0(rs)|L1(s)|L2(lt) / L0(s)|L1(s)|L2(s),1,bus_r1_flow.23:[21 edges]
510.0,W,0,6,51.8,4,L0(s)|L1(lst) / L0(s)|L1(s),6,bus_r3_flow.16:[35 edges]; bus_r5_flow.19:[25 edges]; bus_r3_flow.17:[35 edges]; bus_r5_flow.16:[25 edges]; bus_r5_flow.17:[25 edges] | bus_r2_flow.23:[35 edges]
510.0,N,2,2,75.01,6,L0(s)|L1(s)|L2(s) / L0(s)|L1(s)|L2(l),2,bus_r4_flow.13:[44 edges]; bus_r4_flow.12:[44 edges]
510.0,E,0,7,43.45,5,L0(s)|L1(s)|L2(s) / L0(s)|L1(ls),6,bus_r3_flow.20:[35 edges]; bus_r3_flow.19:[35 edges] | bus_r2_flow.21:[35 edges]; bus_r2_flow.19:[35 edges]; bus_r2_flow.22:[35 edges]; bus_r2_flow.20:[35 edges]
510.0,S,0,2,54.42,6,L0(rs)|L1(s)|L2(lt) / L0(s)|L1(s)|L2(s),1,bus_r1_flow.23:[21 edges]
511.0,W,0,5,52.86,4,L0(s)|L1(lst) / L0(s)|L1(s),5,bus_r3_flow.16:[35 edges]; bus_r5_flow.19:[25 edges]; bus_r3_flow.17:[35 edges]; bus_r5_flow.16:[25 edges] | bus_r2_flow.23:[35 edges]
511.0,N,2,3,62.37,6,L0(s)|L1(s)|L2(s) / L0(s)|L1(s)|L2(l),2,bus_r4_flow.13:[44 edges]; bus_r4_flow.12:[44 edges]
511.0,E,0,6,49.12,5,L0(s)|L1(s)|L2(s) / L0(s)|L1(ls),5,bus_r3_flow.19:[35 edges] | bus_r2_flow.21:[35 edges]; bus_r2_flow.19:[35 edges]; bus_r2_flow.22:[35 edges]; bus_r2_flow.20:[35 edges]
511.0,S,0,1,59.55,6,L0(rs)|L1(s)|L2(lt) / L0(s)|L1(s)|L2(s),0,
512.0,W,0,4,53.82,4,L0(s)|L1(lst) / L0(s)|L1(s),4,bus_r3_flow.16:[35 edges]; bus_r3_flow.17:[35 edges]; bus_r5_flow.16:[25 edges] | bus_r2_flow.23:[35 edges]
512.0,N,2,3,63.87,6,L0(s)|L1(s)|L2(s) / L0(s)|L1(s)|L2(l),2,bus_r4_flow.13:[44 edges]; bus_r4_flow.12:[44 edges]
512.0,E,0,5,51.73,5,L0(s)|L1(s)|L2(s) / L0(s)|L1(ls),4,bus_r2_flow.21:[35 edges]; bus_r2_flow.19:[35 edges]; bus_r2_flow.22:[35 edges]; bus_r2_flow.20:[35 edges]
512.0,S,0,1,60.32,6,L0(rs)|L1(s)|L2(lt) / L0(s)|L1(s)|L2(s),0,
513.0,W,0,3,53.64,4,L0(s)|L1(lst) / L0(s)|L1(s),3,bus_r3_flow.16:[35 edges]; bus_r3_flow.18:[35 edges]; bus_r3_flow.17:[35 edges]
513.0,N,2,3,64.87,6,L0(s)|L1(s)|L2(s) / L0(s)|L1(s)|L2(l),2,bus_r4_flow.13:[44 edges]; bus_r4_flow.12:[44 edges]
513.0,E,0,5,47.86,5,L0(s)|L1(s)|L2(s) / L0(s)|L1(ls),4,bus_r2_flow.21:[35 edges]; bus_r2_flow.19:[35 edges]; bus_r2_flow.22:[35 edges]; bus_r2_flow.20:[35 edges]
513.0,S,0,1,60.4,6,L0(rs)|L1(s)|L2(lt) / L0(s)|L1(s)|L2(s),0,
514.0,W,0,4,55.19,4,L0(s)|L1(lst) / L0(s)|L1(s),3,bus_r3_flow.16:[35 edges]; bus_r3_flow.18:[35 edges]; bus_r3_flow.17:[35 edges]
514.0,N,2,3,66.37,6,L0(s)|L1(s)|L2(s) / L0(s)|L1(s)|L2(l),2,bus_r4_flow.13:[44 edges]; bus_r4_flow.12:[44 edges]
514.0,E,0,4,41.4,5,L0(s)|L1(s)|L2(s) / L0(s)|L1(ls),3,bus_r2_flow.21:[35 edges]; bus_r2_flow.19:[35 edges]; bus_r2_flow.22:[35 edges]
514.0,S,0,1,60.36,6,L0(rs)|L1(s)|L2(lt) / L0(s)|L1(s)|L2(s),0,
515.0,W,0,4,56.78,4,L0(s)|L1(lst) / L0(s)|L1(s),3,bus_r3_flow.19:[35 edges]; bus_r3_flow.18:[35 edges]; bus_r3_flow.17:[35 edges]
515.0,N,2,3,67.66,6,L0(s)|L1(s)|L2(s) / L0(s)|L1(s)|L2(l),2,bus_r4_flow.13:[44 edges]; bus_r4_flow.12:[44 edges]
515.0,E,1,5,42.24,5,L0(s)|L1(s)|L2(s) / L0(s)|L1(ls),4,bus_r2_flow.23:[35 edges]; bus_r2_flow.21:[35 edges]; bus_r2_flow.19:[35 edges]; bus_r2_flow.22:[35 edges]
515.0,S,0,1,59.84,6,L0(rs)|L1(s)|L2(lt) / L0(s)|L1(s)|L2(s),0,
516.0,W,0,4,53.03,4,L0(s)|L1(lst) / L0(s)|L1(s),3,bus_r3_flow.20:[35 edges]; bus_r3_flow.19:[35 edges]; bus_r3_flow.18:[35 edges]
516.0,N,2,3,68.46,6,L0(s)|L1(s)|L2(s) / L0(s)|L1(s)|L2(l),2,bus_r4_flow.13:[44 edges]; bus_r4_flow.12:[44 edges]
516.0,E,1,5,39.3,5,L0(s)|L1(s)|L2(s) / L0(s)|L1(ls),4,bus_r2_flow.23:[35 edges]; bus_r2_flow.21:[35 edges]; bus_r2_flow.19:[35 edges]; bus_r2_flow.22:[35 edges]
516.0,S,0,1,60.08,6,L0(rs)|L1(s)|L2(lt) / L0(s)|L1(s)|L2(s),0,
517.0,W,0,4,54.75,4,L0(s)|L1(lst) / L0(s)|L1(s),3,bus_r3_flow.20:[35 edges]; bus_r3_flow.19:[35 edges]; bus_r3_flow.18:[35 edges]
517.0,N,2,2,75.01,6,L0(s)|L1(s)|L2(s) / L0(s)|L1(s)|L2(l),2,bus_r4_flow.13:[44 edges]; bus_r4_flow.12:[44 edges]
517.0,E,2,5,37.03,5,L0(s)|L1(s)|L2(s) / L0(s)|L1(ls),4,bus_r2_flow.23:[35 edges]; bus_r2_flow.21:[35 edges]; bus_r2_flow.19:[35 edges]; bus_r2_flow.22:[35 edges]
517.0,S,0,1,60.13,6,L0(rs)|L1(s)|L2(lt) / L0(s)|L1(s)|L2(s),0,
518.0,W,0,3,50.59,4,L0(s)|L1(lst) / L0(s)|L1(s),2,bus_r3_flow.20:[35 edges]; bus_r3_flow.19:[35 edges]
518.0,N,2,3,69.97,6,L0(s)|L1(s)|L2(s) / L0(s)|L1(s)|L2(l),3,bus_r0_flow.19:[21 edges]; bus_r4_flow.13:[44 edges]; bus_r4_flow.12:[44 edges]
518.0,E,3,5,35.91,5,L0(s)|L1(s)|L2(s) / L0(s)|L1(ls),4,bus_r2_flow.23:[35 edges]; bus_r2_flow.21:[35 edges]; bus_r2_flow.19:[35 edges]; bus_r2_flow.22:[35 edges]
518.0,S,0,1,60.28,6,L0(rs)|L1(s)|L2(lt) / L0(s)|L1(s)|L2(s),0,
519.0,W,0,2,55.05,4,L0(s)|L1(lst) / L0(s)|L1(s),2,bus_r3_flow.20:[35 edges]; bus_r3_flow.19:[35 edges]
519.0,N,2,4,71.89,6,L0(s)|L1(s)|L2(s) / L0(s)|L1(s)|L2(l),4,bus_r0_flow.19:[21 edges]; bus_r4_flow.14:[44 edges]; bus_r4_flow.13:[44 edges]; bus_r4_flow.12:[44 edges]
519.0,E,3,5,34.05,5,L0(s)|L1(s)|L2(s) / L0(s)|L1(ls),4,bus_r2_flow.23:[35 edges]; bus_r2_flow.21:[35 edges]; bus_r2_flow.19:[35 edges]; bus_r2_flow.22:[35 edges]
519.0,S,0,2,59.65,6,L0(rs)|L1(s)|L2(lt) / L0(s)|L1(s)|L2(s),1,bus_r1_flow.24:[21 edges]
520.0,W,0,1,56.79,4,L0(s)|L1(lst) / L0(s)|L1(s),1,bus_r3_flow.20:[35 edges]
520.0,N,2,4,71.05,6,L0(s)|L1(s)|L2(s) / L0(s)|L1(s)|L2(l),4,bus_r0_flow.19:[21 edges]; bus_r4_flow.14:[44 edges]; bus_r4_flow.13:[44 edges]; bus_r4_flow.12:[44 edges]
520.0,E,3,4,37.48,5,L0(s)|L1(s)|L2(s) / L0(s)|L1(ls),4,bus_r2_flow.23:[35 edges]; bus_r2_flow.21:[35 edges]; bus_r2_flow.19:[35 edges]; bus_r2_flow.22:[35 edges]
520.0,S,0,2,58.34,6,L0(rs)|L1(s)|L2(lt) / L0(s)|L1(s)|L2(s),1,bus_r1_flow.24:[21 edges]
521.0,W,0,1,57.49,4,L0(s)|L1(lst) / L0(s)|L1(s),1,bus_r3_flow.20:[35 edges]
521.0,N,2,4,69.44,6,L0(s)|L1(s)|L2(s) / L0(s)|L1(s)|L2(l),4,bus_r0_flow.19:[21 edges]; bus_r4_flow.14:[44 edges]; bus_r4_flow.13:[44 edges]; bus_r4_flow.12:[44 edges]
521.0,E,3,4,37.43,5,L0(s)|L1(s)|L2(s) / L0(s)|L1(ls),4,bus_r2_flow.23:[35 edges]; bus_r2_flow.21:[35 edges]; bus_r2_flow.19:[35 edges]; bus_r2_flow.22:[35 edges]
521.0,S,0,2,55.7,6,L0(rs)|L1(s)|L2(lt) / L0(s)|L1(s)|L2(s),1,bus_r1_flow.24:[21 edges]
522.0,W,0,0,0,4,L0(s)|L1(lst) / L0(s)|L1(s),0,
522.0,N,2,5,67.87,6,L0(s)|L1(s)|L2(s) / L0(s)|L1(s)|L2(l),5,bus_r0_flow.19:[21 edges]; bus_r4_flow.15:[44 edges]; bus_r4_flow.14:[44 edges]; bus_r4_flow.13:[44 edges]; bus_r4_flow.12:[44 edges]
522.0,E,3,4,36.12,5,L0(s)|L1(s)|L2(s) / L0(s)|L1(ls),4,bus_r2_flow.21:[35 edges]; bus_r2_flow.19:[35 edges]; bus_r2_flow.23:[35 edges]; bus_r2_flow.22:[35 edges]
522.0,S,0,1,59.81,6,L0(rs)|L1(s)|L2(lt) / L0(s)|L1(s)|L2(s),1,bus_r1_flow.24:[21 edges]
523.0,W,0,0,0,4,L0(s)|L1(lst) / L0(s)|L1(s),0,
523.0,N,2,6,54.13,6,L0(s)|L1(s)|L2(s) / L0(s)|L1(s)|L2(l),5,bus_r0_flow.19:[21 edges]; bus_r4_flow.15:[44 edges]; bus_r4_flow.14:[44 edges]; bus_r4_flow.13:[44 edges]; bus_r4_flow.12:[44 edges]
523.0,E,3,4,36.26,5,L0(s)|L1(s)|L2(s) / L0(s)|L1(ls),4,bus_r2_flow.21:[35 edges]; bus_r2_flow.19:[35 edges]; bus_r2_flow.23:[35 edges]; bus_r2_flow.22:[35 edges]
523.0,S,0,1,59.84,6,L0(rs)|L1(s)|L2(lt) / L0(s)|L1(s)|L2(s),1,bus_r1_flow.24:[21 edges]
524.0,W,0,0,0,4,L0(s)|L1(lst) / L0(s)|L1(s),0,
524.0,N,2,6,52.37,6,L0(s)|L1(s)|L2(s) / L0(s)|L1(s)|L2(l),5,bus_r0_flow.19:[21 edges]; bus_r4_flow.15:[44 edges]; bus_r4_flow.14:[44 edges]; bus_r4_flow.13:[44 edges]; bus_r4_flow.12:[44 edges]
524.0,E,3,4,34.46,5,L0(s)|L1(s)|L2(s) / L0(s)|L1(ls),4,bus_r2_flow.21:[35 edges]; bus_r2_flow.19:[35 edges]; bus_r2_flow.23:[35 edges]; bus_r2_flow.22:[35 edges]
524.0,S,0,2,55.94,6,L0(rs)|L1(s)|L2(lt) / L0(s)|L1(s)|L2(s),1,bus_r1_flow.24:[21 edges]
525.0,W,0,0,0,4,L0(s)|L1(lst) / L0(s)|L1(s),0,
525.0,N,3,5,59.51,6,L0(s)|L1(s)|L2(s) / L0(s)|L1(s)|L2(l),4,bus_r4_flow.15:[44 edges]; bus_r4_flow.14:[44 edges]; bus_r4_flow.13:[44 edges]; bus_r4_flow.12:[44 edges]
525.0,E,3,4,32.68,5,L0(s)|L1(s)|L2(s) / L0(s)|L1(ls),4,bus_r2_flow.21:[35 edges]; bus_r2_flow.19:[35 edges]; bus_r2_flow.23:[35 edges]; bus_r2_flow.22:[35 edges]
525.0,S,0,2,57.2,6,L0(rs)|L1(s)|L2(lt) / L0(s)|L1(s)|L2(s),1,bus_r1_flow.24:[21 edges]
526.0,W,0,0,0,4,L0(s)|L1(lst) / L0(s)|L1(s),0,
526.0,N,4,6,56.45,6,L0(s)|L1(s)|L2(s) / L0(s)|L1(s)|L2(l),5,bus_r0_flow.20:[21 edges]; bus_r4_flow.15:[44 edges]; bus_r4_flow.14:[44 edges]; bus_r4_flow.13:[44 edges]; bus_r4_flow.12:[44 edges]
526.0,E,3,4,30.91,5,L0(s)|L1(s)|L2(s) / L0(s)|L1(ls),4,bus_r2_flow.21:[35 edges]; bus_r2_flow.19:[35 edges]; bus_r2_flow.23:[35 edges]; bus_r2_flow.22:[35 edges]
526.0,S,0,2,58.48,6,L0(rs)|L1(s)|L2(lt) / L0(s)|L1(s)|L2(s),1,bus_r1_flow.24:[21 edges]
527.0,W,0,0,0,4,L0(s)|L1(lst) / L0(s)|L1(s),0,
527.0,N,4,6,57.82,6,L0(s)|L1(s)|L2(s) / L0(s)|L1(s)|L2(l),5,bus_r0_flow.20:[21 edges]; bus_r4_flow.15:[44 edges]; bus_r4_flow.14:[44 edges]; bus_r4_flow.13:[44 edges]; bus_r4_flow.12:[44 edges]
527.0,E,3,4,30.14,5,L0(s)|L1(s)|L2(s) / L0(s)|L1(ls),4,bus_r2_flow.21:[35 edges]; bus_r2_flow.19:[35 edges]; bus_r2_flow.23:[35 edges]; bus_r2_flow.22:[35 edges]
527.0,S,0,2,58.59,6,L0(rs)|L1(s)|L2(lt) / L0(s)|L1(s)|L2(s),1,bus_r1_flow.24:[21 edges]
528.0,W,0,0,0,4,L0(s)|L1(lst) / L0(s)|L1(s),0,
528.0,N,4,5,63.34,6,L0(s)|L1(s)|L2(s) / L0(s)|L1(s)|L2(l),5,bus_r0_flow.20:[21 edges]; bus_r4_flow.15:[44 edges]; bus_r4_flow.14:[44 edges]; bus_r4_flow.13:[44 edges]; bus_r4_flow.12:[44 edges]
528.0,E,3,4,30.07,5,L0(s)|L1(s)|L2(s) / L0(s)|L1(ls),4,bus_r2_flow.21:[35 edges]; bus_r2_flow.19:[35 edges]; bus_r2_flow.23:[35 edges]; bus_r2_flow.22:[35 edges]
528.0,S,0,2,58.33,6,L0(rs)|L1(s)|L2(lt) / L0(s)|L1(s)|L2(s),1,bus_r1_flow.24:[21 edges]
529.0,W,0,0,0,4,L0(s)|L1(lst) / L0(s)|L1(s),0,
529.0,N,4,6,64.63,6,L0(s)|L1(s)|L2(s) / L0(s)|L1(s)|L2(l),6,bus_r0_flow.21:[21 edges]; bus_r0_flow.20:[21 edges]; bus_r4_flow.15:[44 edges]; bus_r4_flow.14:[44 edges]; bus_r4_flow.13:[44 edges]; bus_r4_flow.12:[44 edges]
529.0,E,4,4,30.02,5,L0(s)|L1(s)|L2(s) / L0(s)|L1(ls),4,bus_r2_flow.21:[35 edges]; bus_r2_flow.19:[35 edges]; bus_r2_flow.23:[35 edges]; bus_r2_flow.22:[35 edges]
529.0,S,0,2,56.07,6,L0(rs)|L1(s)|L2(lt) / L0(s)|L1(s)|L2(s),1,bus_r1_flow.24:[21 edges]
530.0,W,0,0,0,4,L0(s)|L1(lst) / L0(s)|L1(s),0,
530.0,N,4,7,64.84,6,L0(s)|L1(s)|L2(s) / L0(s)|L1(s)|L2(l),7,bus_r0_flow.21:[21 edges]; bus_r0_flow.20:[21 edges]; bus_r4_flow.16:[44 edges]; bus_r4_flow.15:[44 edges]; bus_r4_flow.14:[44 edges]; bus_r4_flow.13:[44 edges]; bus_r4_flow.12:[44 edges]
530.0,E,4,4,30.01,5,L0(s)|L1(s)|L2(s) / L0(s)|L1(ls),4,bus_r2_flow.21:[35 edges]; bus_r2_flow.19:[35 edges]; bus_r2_flow.23:[35 edges]; bus_r2_flow.22:[35 edges]
530.0,S,0,2,54.3,6,L0(rs)|L1(s)|L2(lt) / L0(s)|L1(s)|L2(s),1,bus_r1_flow.24:[21 edges]
531.0,W,0,0,0,4,L0(s)|L1(lst) / L0(s)|L1(s),0,
531.0,N,4,7,63.08,6,L0(s)|L1(s)|L2(s) / L0(s)|L1(s)|L2(l),7,bus_r0_flow.21:[21 edges]; bus_r0_flow.20:[21 edges]; bus_r4_flow.16:[44 edges]; bus_r4_flow.15:[44 edges]; bus_r4_flow.14:[44 edges]; bus_r4_flow.13:[44 edges]; bus_r4_flow.12:[44 edges]
531.0,E,4,4,30.01,5,L0(s)|L1(s)|L2(s) / L0(s)|L1(ls),4,bus_r2_flow.21:[35 edges]; bus_r2_flow.19:[35 edges]; bus_r2_flow.23:[35 edges]; bus_r2_flow.22:[35 edges]
531.0,S,0,2,51.81,6,L0(rs)|L1(s)|L2(lt) / L0(s)|L1(s)|L2(s),1,bus_r1_flow.24:[21 edges]
532.0,W,0,0,0,4,L0(s)|L1(lst) / L0(s)|L1(s),0,
532.0,N,4,7,60.64,6,L0(s)|L1(s)|L2(s) / L0(s)|L1(s)|L2(l),7,bus_r0_flow.21:[21 edges]; bus_r0_flow.20:[21 edges]; bus_r4_flow.16:[44 edges]; bus_r4_flow.15:[44 edges]; bus_r4_flow.14:[44 edges]; bus_r4_flow.13:[44 edges]; bus_r4_flow.12:[44 edges]
532.0,E,4,4,30.01,5,L0(s)|L1(s)|L2(s) / L0(s)|L1(ls),4,bus_r2_flow.21:[35 edges]; bus_r2_flow.19:[35 edges]; bus_r2_flow.23:[35 edges]; bus_r2_flow.22:[35 edges]
532.0,S,0,2,49.13,6,L0(rs)|L1(s)|L2(lt) / L0(s)|L1(s)|L2(s),1,bus_r1_flow.24:[21 edges]
533.0,W,0,0,0,4,L0(s)|L1(lst) / L0(s)|L1(s),0,
533.0,N,4,8,61.06,6,L0(s)|L1(s)|L2(s) / L0(s)|L1(s)|L2(l),8,bus_r0_flow.22:[21 edges]; bus_r0_flow.21:[21 edges]; bus_r0_flow.20:[21 edges]; bus_r4_flow.16:[44 edges]; bus_r4_flow.15:[44 edges]; bus_r4_flow.14:[44 edges]; bus_r4_flow.13:[44 edges]; bus_r4_flow.12:[44 edges]
533.0,E,4,4,30.01,5,L0(s)|L1(s)|L2(s) / L0(s)|L1(ls),4,bus_r2_flow.21:[35 edges]; bus_r2_flow.19:[35 edges]; bus_r2_flow.23:[35 edges]; bus_r2_flow.22:[35 edges]
533.0,S,0,2,48.88,6,L0(rs)|L1(s)|L2(lt) / L0(s)|L1(s)|L2(s),1,bus_r1_flow.24:[21 edges]
534.0,W,0,0,0,4,L0(s)|L1(lst) / L0(s)|L1(s),0,
534.0,N,6,8,60.06,6,L0(s)|L1(s)|L2(s) / L0(s)|L1(s)|L2(l),8,bus_r0_flow.22:[21 edges]; bus_r0_flow.21:[21 edges]; bus_r0_flow.20:[21 edges]; bus_r4_flow.16:[44 edges]; bus_r4_flow.15:[44 edges]; bus_r4_flow.14:[44 edges]; bus_r4_flow.13:[44 edges]; bus_r4_flow.12:[44 edges]
534.0,E,4,4,30.01,5,L0(s)|L1(s)|L2(s) / L0(s)|L1(ls),4,bus_r2_flow.21:[35 edges]; bus_r2_flow.19:[35 edges]; bus_r2_flow.23:[35 edges]; bus_r2_flow.22:[35 edges]
534.0,S,1,2,48.47,6,L0(rs)|L1(s)|L2(lt) / L0(s)|L1(s)|L2(s),1,bus_r1_flow.24:[21 edges]
535.0,W,0,0,0,4,L0(s)|L1(lst) / L0(s)|L1(s),0,
535.0,N,6,8,58.49,6,L0(s)|L1(s)|L2(s) / L0(s)|L1(s)|L2(l),8,bus_r0_flow.22:[21 edges]; bus_r0_flow.21:[21 edges]; bus_r0_flow.20:[21 edges]; bus_r4_flow.16:[44 edges]; bus_r4_flow.15:[44 edges]; bus_r4_flow.14:[44 edges]; bus_r4_flow.13:[44 edges]; bus_r4_flow.12:[44 edges]
535.0,E,4,5,28.24,5,L0(s)|L1(s)|L2(s) / L0(s)|L1(ls),4,bus_r2_flow.21:[35 edges]; bus_r2_flow.19:[35 edges]; bus_r2_flow.23:[35 edges]; bus_r2_flow.22:[35 edges]
535.0,S,1,2,48.78,6,L0(rs)|L1(s)|L2(lt) / L0(s)|L1(s)|L2(s),1,bus_r1_flow.24:[21 edges]
536.0,W,0,0,0,4,L0(s)|L1(lst) / L0(s)|L1(s),0,
536.0,N,6,8,52.02,6,L0(s)|L1(s)|L2(s) / L0(s)|L1(s)|L2(l),8,bus_r0_flow.21:[21 edges]; bus_r0_flow.22:[21 edges]; bus_r0_flow.20:[21 edges]; bus_r4_flow.16:[44 edges]; bus_r4_flow.15:[44 edges]; bus_r4_flow.14:[44 edges]; bus_r4_flow.13:[44 edges]; bus_r4_flow.12:[44 edges]
536.0,E,4,5,29.53,5,L0(s)|L1(s)|L2(s) / L0(s)|L1(ls),4,bus_r2_flow.21:[35 edges]; bus_r2_flow.19:[35 edges]; bus_r2_flow.23:[35 edges]; bus_r2_flow.22:[35 edges]
536.0,S,1,3,42.27,6,L0(rs)|L1(s)|L2(lt) / L0(s)|L1(s)|L2(s),1,bus_r1_flow.24:[21 edges]
537.0,W,0,0,0,4,L0(s)|L1(lst) / L0(s)|L1(s),0,
537.0,N,6,8,52.34,6,L0(s)|L1(s)|L2(s) / L0(s)|L1(s)|L2(l),8,bus_r0_flow.21:[21 edges]; bus_r0_flow.22:[21 edges]; bus_r0_flow.20:[21 edges]; bus_r4_flow.16:[44 edges]; bus_r4_flow.15:[44 edges]; bus_r4_flow.14:[44 edges]; bus_r4_flow.13:[44 edges]; bus_r4_flow.12:[44 edges]
537.0,E,4,5,29.92,5,L0(s)|L1(s)|L2(s) / L0(s)|L1(ls),4,bus_r2_flow.21:[35 edges]; bus_r2_flow.19:[35 edges]; bus_r2_flow.23:[35 edges]; bus_r2_flow.22:[35 edges]
537.0,S,1,3,43.25,6,L0(rs)|L1(s)|L2(lt) / L0(s)|L1(s)|L2(s),1,bus_r1_flow.24:[21 edges]
538.0,W,0,0,0,4,L0(s)|L1(lst) / L0(s)|L1(s),0,
538.0,N,6,8,52.0,6,L0(s)|L1(s)|L2(s) / L0(s)|L1(s)|L2(l),8,bus_r0_flow.21:[21 edges]; bus_r0_flow.22:[21 edges]; bus_r0_flow.20:[21 edges]; bus_r4_flow.16:[44 edges]; bus_r4_flow.15:[44 edges]; bus_r4_flow.14:[44 edges]; bus_r4_flow.13:[44 edges]; bus_r4_flow.12:[44 edges]
538.0,E,4,5,29.42,5,L0(s)|L1(s)|L2(s) / L0(s)|L1(ls),4,bus_r2_flow.21:[35 edges]; bus_r2_flow.19:[35 edges]; bus_r2_flow.23:[35 edges]; bus_r2_flow.22:[35 edges]
538.0,S,1,3,42.63,6,L0(rs)|L1(s)|L2(lt) / L0(s)|L1(s)|L2(s),1,bus_r1_flow.24:[21 edges]
539.0,W,0,0,0,4,L0(s)|L1(lst) / L0(s)|L1(s),0,
539.0,N,6,8,51.26,6,L0(s)|L1(s)|L2(s) / L0(s)|L1(s)|L2(l),8,bus_r0_flow.21:[21 edges]; bus_r0_flow.22:[21 edges]; bus_r0_flow.20:[21 edges]; bus_r4_flow.16:[44 edges]; bus_r4_flow.15:[44 edges]; bus_r4_flow.14:[44 edges]; bus_r4_flow.13:[44 edges]; bus_r4_flow.12:[44 edges]
539.0,E,4,6,26.24,5,L0(s)|L1(s)|L2(s) / L0(s)|L1(ls),4,bus_r2_flow.21:[35 edges]; bus_r2_flow.19:[35 edges]; bus_r2_flow.23:[35 edges]; bus_r2_flow.22:[35 edges]
539.0,S,1,4,43.71,6,L0(rs)|L1(s)|L2(lt) / L0(s)|L1(s)|L2(s),2,bus_r1_flow.25:[21 edges]; bus_r1_flow.24:[21 edges]
540.0,W,0,0,0,4,L0(s)|L1(lst) / L0(s)|L1(s),0,
540.0,N,6,8,50.45,6,L0(s)|L1(s)|L2(s) / L0(s)|L1(s)|L2(l),8,bus_r0_flow.21:[21 edges]; bus_r0_flow.22:[21 edges]; bus_r0_flow.20:[21 edges]; bus_r4_flow.16:[44 edges]; bus_r4_flow.15:[44 edges]; bus_r4_flow.14:[44 edges]; bus_r4_flow.13:[44 edges]; bus_r4_flow.12:[44 edges]
540.0,E,4,6,28.06,5,L0(s)|L1(s)|L2(s) / L0(s)|L1(ls),4,bus_r2_flow.21:[35 edges]; bus_r2_flow.19:[35 edges]; bus_r2_flow.23:[35 edges]; bus_r2_flow.22:[35 edges]
540.0,S,1,3,51.01,6,L0(rs)|L1(s)|L2(lt) / L0(s)|L1(s)|L2(s),2,bus_r1_flow.25:[21 edges]; bus_r1_flow.24:[21 edges]
541.0,W,0,0,0,4,L0(s)|L1(lst) / L0(s)|L1(s),0,
541.0,N,7,8,50.04,6,L0(s)|L1(s)|L2(s) / L0(s)|L1(s)|L2(l),8,bus_r0_flow.21:[21 edges]; bus_r0_flow.22:[21 edges]; bus_r0_flow.20:[21 edges]; bus_r4_flow.16:[44 edges]; bus_r4_flow.15:[44 edges]; bus_r4_flow.14:[44 edges]; bus_r4_flow.13:[44 edges]; bus_r4_flow.12:[44 edges]
541.0,E,4,6,28.84,5,L0(s)|L1(s)|L2(s) / L0(s)|L1(ls),4,bus_r2_flow.21:[35 edges]; bus_r2_flow.19:[35 edges]; bus_r2_flow.23:[35 edges]; bus_r2_flow.22:[35 edges]
541.0,S,1,3,52.34,6,L0(rs)|L1(s)|L2(lt) / L0(s)|L1(s)|L2(s),2,bus_r1_flow.25:[21 edges]; bus_r1_flow.24:[21 edges]
542.0,W,0,0,0,4,L0(s)|L1(lst) / L0(s)|L1(s),0,
542.0,N,6,8,50.33,6,L0(s)|L1(s)|L2(s) / L0(s)|L1(s)|L2(l),8,bus_r0_flow.21:[21 edges]; bus_r0_flow.22:[21 edges]; bus_r0_flow.20:[21 edges]; bus_r4_flow.16:[44 edges]; bus_r4_flow.15:[44 edges]; bus_r4_flow.14:[44 edges]; bus_r4_flow.13:[44 edges]; bus_r4_flow.12:[44 edges]
542.0,E,4,6,29.55,5,L0(s)|L1(s)|L2(s) / L0(s)|L1(ls),4,bus_r2_flow.21:[35 edges]; bus_r2_flow.19:[35 edges]; bus_r2_flow.23:[35 edges]; bus_r2_flow.22:[35 edges]
542.0,S,0,3,52.67,6,L0(rs)|L1(s)|L2(lt) / L0(s)|L1(s)|L2(s),2,bus_r1_flow.25:[21 edges]; bus_r1_flow.24:[21 edges]
543.0,W,0,0,0,4,L0(s)|L1(lst) / L0(s)|L1(s),0,
543.0,N,5,8,50.82,6,L0(s)|L1(s)|L2(s) / L0(s)|L1(s)|L2(l),8,bus_r0_flow.21:[21 edges]; bus_r0_flow.22:[21 edges]; bus_r0_flow.20:[21 edges]; bus_r4_flow.16:[44 edges]; bus_r4_flow.15:[44 edges]; bus_r4_flow.14:[44 edges]; bus_r4_flow.13:[44 edges]; bus_r4_flow.12:[44 edges]
543.0,E,4,6,29.73,5,L0(s)|L1(s)|L2(s) / L0(s)|L1(ls),4,bus_r2_flow.21:[35 edges]; bus_r2_flow.19:[35 edges]; bus_r2_flow.23:[35 edges]; bus_r2_flow.22:[35 edges]
543.0,S,0,3,53.22,6,L0(rs)|L1(s)|L2(lt) / L0(s)|L1(s)|L2(s),2,bus_r1_flow.25:[21 edges]; bus_r1_flow.24:[21 edges]
544.0,W,0,0,0,4,L0(s)|L1(lst) / L0(s)|L1(s),0,
544.0,N,4,8,51.47,6,L0(s)|L1(s)|L2(s) / L0(s)|L1(s)|L2(l),8,bus_r0_flow.21:[21 edges]; bus_r0_flow.22:[21 edges]; bus_r0_flow.20:[21 edges]; bus_r4_flow.16:[44 edges]; bus_r4_flow.15:[44 edges]; bus_r4_flow.14:[44 edges]; bus_r4_flow.13:[44 edges]; bus_r4_flow.12:[44 edges]
544.0,E,3,6,27.4,5,L0(s)|L1(s)|L2(s) / L0(s)|L1(ls),4,bus_r2_flow.21:[35 edges]; bus_r2_flow.19:[35 edges]; bus_r2_flow.23:[35 edges]; bus_r2_flow.22:[35 edges]
544.0,S,0,3,53.23,6,L0(rs)|L1(s)|L2(lt) / L0(s)|L1(s)|L2(s),2,bus_r1_flow.25:[21 edges]; bus_r1_flow.24:[21 edges]
545.0,W,0,0,0,4,L0(s)|L1(lst) / L0(s)|L1(s),0,
545.0,N,3,8,51.59,6,L0(s)|L1(s)|L2(s) / L0(s)|L1(s)|L2(l),8,bus_r0_flow.21:[21 edges]; bus_r0_flow.22:[21 edges]; bus_r0_flow.20:[21 edges]; bus_r4_flow.16:[44 edges]; bus_r4_flow.15:[44 edges]; bus_r4_flow.14:[44 edges]; bus_r4_flow.13:[44 edges]; bus_r4_flow.12:[44 edges]
545.0,E,2,5,24.93,5,L0(s)|L1(s)|L2(s) / L0(s)|L1(ls),3,bus_r2_flow.21:[35 edges]; bus_r2_flow.19:[35 edges]; bus_r2_flow.23:[35 edges]
545.0,S,0,3,53.46,6,L0(rs)|L1(s)|L2(lt) / L0(s)|L1(s)|L2(s),2,bus_r1_flow.25:[21 edges]; bus_r1_flow.24:[21 edges]
546.0,W,0,0,0,4,L0(s)|L1(lst) / L0(s)|L1(s),0,
546.0,N,3,8,51.93,6,L0(s)|L1(s)|L2(s) / L0(s)|L1(s)|L2(l),8,bus_r0_flow.21:[21 edges]; bus_r0_flow.22:[21 edges]; bus_r0_flow.20:[21 edges]; bus_r4_flow.16:[44 edges]; bus_r4_flow.15:[44 edges]; bus_r4_flow.14:[44 edges]; bus_r4_flow.13:[44 edges]; bus_r4_flow.12:[44 edges]
546.0,E,2,4,30.39,5,L0(s)|L1(s)|L2(s) / L0(s)|L1(ls),3,bus_r2_flow.21:[35 edges]; bus_r2_flow.19:[35 edges]; bus_r2_flow.23:[35 edges]
546.0,S,0,3,60.09,6,L0(rs)|L1(s)|L2(lt) / L0(s)|L1(s)|L2(s),1,bus_r1_flow.25:[21 edges]
547.0,W,0,0,0,4,L0(s)|L1(lst) / L0(s)|L1(s),0,
547.0,N,3,7,57.28,6,L0(s)|L1(s)|L2(s) / L0(s)|L1(s)|L2(l),7,bus_r0_flow.22:[21 edges]; bus_r0_flow.20:[21 edges]; bus_r4_flow.16:[44 edges]; bus_r4_flow.15:[44 edges]; bus_r4_flow.14:[44 edges]; bus_r4_flow.13:[44 edges]; bus_r4_flow.12:[44 edges]
547.0,E,1,5,29.69,5,L0(s)|L1(s)|L2(s) / L0(s)|L1(ls),3,bus_r2_flow.21:[35 edges]; bus_r2_flow.19:[35 edges]; bus_r2_flow.23:[35 edges]
547.0,S,0,3,60.37,6,L0(rs)|L1(s)|L2(lt) / L0(s)|L1(s)|L2(s),1,bus_r1_flow.25:[21 edges]
548.0,W,0,0,0,4,L0(s)|L1(lst) / L0(s)|L1(s),0,
548.0,N,4,8,44.41,6,L0(s)|L1(s)|L2(s) / L0(s)|L1(s)|L2(l),8,bus_r0_flow.22:[21 edges]; bus_r0_flow.20:[21 edges]; bus_r4_flow.16:[44 edges]; bus_r4_flow.15:[44 edges]; bus_r4_flow.14:[44 edges]; bus_r4_flow.13:[44 edges]; bus_r4_flow.12:[44 edges] | bus_r1_flow.22:[21 edges]
548.0,E,0,5,28.19,5,L0(s)|L1(s)|L2(s) / L0(s)|L1(ls),2,bus_r2_flow.21:[35 edges]; bus_r2_flow.23:[35 edges]
548.0,S,0,3,60.07,6,L0(rs)|L1(s)|L2(lt) / L0(s)|L1(s)|L2(s),1,bus_r1_flow.25:[21 edges]
549.0,W,0,0,0,4,L0(s)|L1(lst) / L0(s)|L1(s),0,
549.0,N,5,10,31.51,6,L0(s)|L1(s)|L2(s) / L0(s)|L1(s)|L2(l),10,bus_r0_flow.22:[21 edges]; bus_r0_flow.20:[21 edges]; bus_r4_flow.17:[44 edges]; bus_r4_flow.16:[44 edges]; bus_r4_flow.15:[44 edges]; bus_r4_flow.14:[44 edges]; bus_r4_flow.13:[44 edges]; bus_r4_flow.12:[44 edges] | bus_r1_flow.22:[21 edges]; bus_r1_flow.23:[21 edges]
549.0,E,0,5,28.86,5,L0(s)|L1(s)|L2(s) / L0(s)|L1(ls),2,bus_r2_flow.21:[35 edges]; bus_r2_flow.23:[35 edges]
549.0,S,0,4,54.56,6,L0(rs)|L1(s)|L2(lt) / L0(s)|L1(s)|L2(s),2,bus_r0_flow.19:[21 edges] | bus_r1_flow.25:[21 edges]
550.0,W,0,0,0,4,L0(s)|L1(lst) / L0(s)|L1(s),0,
550.0,N,5,10,26.65,6,L0(s)|L1(s)|L2(s) / L0(s)|L1(s)|L2(l),10,bus_r0_flow.20:[21 edges]; bus_r0_flow.22:[21 edges]; bus_r4_flow.17:[44 edges]; bus_r4_flow.16:[44 edges]; bus_r4_flow.15:[44 edges]; bus_r4_flow.14:[44 edges]; bus_r4_flow.13:[44 edges]; bus_r4_flow.12:[44 edges] | bus_r1_flow.22:[21 edges]; bus_r1_flow.23:[21 edges]
550.0,E,0,4,34.21,5,L0(s)|L1(s)|L2(s) / L0(s)|L1(ls),2,bus_r2_flow.21:[35 edges]; bus_r2_flow.23:[35 edges]
550.0,S,0,3,55.46,6,L0(rs)|L1(s)|L2(lt) / L0(s)|L1(s)|L2(s),2,bus_r0_flow.19:[21 edges] | bus_r1_flow.25:[21 edges]
551.0,W,0,0,0,4,L0(s)|L1(lst) / L0(s)|L1(s),0,
551.0,N,3,10,24.82,6,L0(s)|L1(s)|L2(s) / L0(s)|L1(s)|L2(l),10,bus_r0_flow.20:[21 edges]; bus_r0_flow.22:[21 edges]; bus_r4_flow.17:[44 edges]; bus_r4_flow.16:[44 edges]; bus_r4_flow.15:[44 edges]; bus_r4_flow.14:[44 edges]; bus_r4_flow.13:[44 edges]; bus_r4_flow.12:[44 edges] | bus_r1_flow.22:[21 edges]; bus_r1_flow.23:[21 edges]
551.0,E,0,4,41.99,5,L0(s)|L1(s)|L2(s) / L0(s)|L1(ls),2,bus_r3_flow.21:[35 edges] | bus_r2_flow.21:[35 edges]
551.0,S,0,3,54.99,6,L0(rs)|L1(s)|L2(lt) / L0(s)|L1(s)|L2(s),2,bus_r0_flow.19:[21 edges] | bus_r1_flow.25:[21 edges]
552.0,W,0,0,0,4,L0(s)|L1(lst) / L0(s)|L1(s),0,
552.0,N,4,11,27.15,6,L0(s)|L1(s)|L2(s) / L0(s)|L1(s)|L2(l),11,bus_r0_flow.20:[21 edges]; bus_r0_flow.22:[21 edges]; bus_r4_flow.17:[44 edges]; bus_r4_flow.16:[44 edges]; bus_r4_flow.15:[44 edges]; bus_r4_flow.14:[44 edges]; bus_r4_flow.13:[44 edges]; bus_r4_flow.12:[44 edges] | bus_r1_flow.24:[21 edges]; bus_r1_flow.23:[21 edges]; bus_r1_flow.22:[21 edges]
552.0,E,0,5,41.18,5,L0(s)|L1(s)|L2(s) / L0(s)|L1(ls),3,bus_r3_flow.21:[35 edges]; bus_r5_flow.20:[25 edges] | bus_r2_flow.21:[35 edges]
552.0,S,0,3,53.38,6,L0(rs)|L1(s)|L2(lt) / L0(s)|L1(s)|L2(s),2,bus_r0_flow.21:[21 edges]; bus_r0_flow.19:[21 edges]
553.0,W,0,0,0,4,L0(s)|L1(lst) / L0(s)|L1(s),0,
553.0,N,4,10,33.91,6,L0(s)|L1(s)|L2(s) / L0(s)|L1(s)|L2(l),10,bus_r0_flow.22:[21 edges]; bus_r4_flow.17:[44 edges]; bus_r4_flow.16:[44 edges]; bus_r4_flow.15:[44 edges]; bus_r4_flow.14:[44 edges]; bus_r4_flow.13:[44 edges]; bus_r4_flow.12:[44 edges] | bus_r1_flow.24:[21 edges]; bus_r1_flow.23:[21 edges]; bus_r1_flow.22:[21 edges]
553.0,E,0,4,53.47,5,L0(s)|L1(s)|L2(s) / L0(s)|L1(ls),2,bus_r3_flow.21:[35 edges]; bus_r5_flow.20:[25 edges]
553.0,S,0,3,54.37,6,L0(rs)|L1(s)|L2(lt) / L0(s)|L1(s)|L2(s),2,bus_r0_flow.21:[21 edges]; bus_r0_flow.19:[21 edges]
554.0,W,0,0,0,4,L0(s)|L1(lst) / L0(s)|L1(s),0,
554.0,N,5,10,34.87,6,L0(s)|L1(s)|L2(s) / L0(s)|L1(s)|L2(l),10,bus_r0_flow.22:[21 edges]; bus_r4_flow.17:[44 edges]; bus_r4_flow.16:[44 edges]; bus_r4_flow.15:[44 edges]; bus_r4_flow.14:[44 edges]; bus_r4_flow.13:[44 edges]; bus_r4_flow.12:[44 edges] | bus_r1_flow.24:[21 edges]; bus_r1_flow.23:[21 edges]; bus_r1_flow.22:[21 edges]
554.0,E,0,4,53.89,5,L0(s)|L1(s)|L2(s) / L0(s)|L1(ls),2,bus_r3_flow.21:[35 edges]; bus_r5_flow.20:[25 edges]
554.0,S,0,3,54.75,6,L0(rs)|L1(s)|L2(lt) / L0(s)|L1(s)|L2(s),2,bus_r0_flow.21:[21 edges]; bus_r0_flow.19:[21 edges]
555.0,W,0,0,0,4,L0(s)|L1(lst) / L0(s)|L1(s),0,
555.0,N,6,10,35.79,6,L0(s)|L1(s)|L2(s) / L0(s)|L1(s)|L2(l),10,bus_r0_flow.22:[21 edges]; bus_r4_flow.17:[44 edges]; bus_r4_flow.16:[44 edges]; bus_r4_flow.15:[44 edges]; bus_r4_flow.14:[44 edges]; bus_r4_flow.13:[44 edges]; bus_r4_flow.12:[44 edges] | bus_r1_flow.24:[21 edges]; bus_r1_flow.23:[21 edges]; bus_r1_flow.22:[21 edges]
555.0,E,0,6,53.4,5,L0(s)|L1(s)|L2(s) / L0(s)|L1(ls),4,bus_r5_flow.22:[25 edges]; bus_r3_flow.21:[35 edges]; bus_r5_flow.21:[25 edges]; bus_r5_flow.20:[25 edges]
555.0,S,0,3,55.72,6,L0(rs)|L1(s)|L2(lt) / L0(s)|L1(s)|L2(s),2,bus_r0_flow.21:[21 edges]; bus_r0_flow.19:[21 edges]
556.0,W,0,0,0,4,L0(s)|L1(lst) / L0(s)|L1(s),0,
556.0,N,6,10,33.29,6,L0(s)|L1(s)|L2(s) / L0(s)|L1(s)|L2(l),10,bus_r0_flow.22:[21 edges]; bus_r4_flow.17:[44 edges]; bus_r4_flow.16:[44 edges]; bus_r4_flow.15:[44 edges]; bus_r4_flow.14:[44 edges]; bus_r4_flow.13:[44 edges]; bus_r4_flow.12:[44 edges] | bus_r1_flow.25:[21 edges]; bus_r1_flow.24:[21 edges]; bus_r1_flow.23:[21 edges]
556.0,E,0,6,53.64,5,L0(s)|L1(s)|L2(s) / L0(s)|L1(ls),4,bus_r5_flow.22:[25 edges]; bus_r3_flow.21:[35 edges]; bus_r5_flow.21:[25 edges]; bus_r5_flow.20:[25 edges]
556.0,S,0,3,56.47,6,L0(rs)|L1(s)|L2(lt) / L0(s)|L1(s)|L2(s),2,bus_r0_flow.21:[21 edges]; bus_r0_flow.19:[21 edges]
557.0,W,0,0,0,4,L0(s)|L1(lst) / L0(s)|L1(s),0,
557.0,N,7,10,33.56,6,L0(s)|L1(s)|L2(s) / L0(s)|L1(s)|L2(l),10,bus_r0_flow.22:[21 edges]; bus_r4_flow.17:[44 edges]; bus_r4_flow.16:[44 edges]; bus_r4_flow.15:[44 edges]; bus_r4_flow.14:[44 edges]; bus_r4_flow.13:[44 edges]; bus_r4_flow.12:[44 edges] | bus_r1_flow.25:[21 edges]; bus_r1_flow.24:[21 edges]; bus_r1_flow.23:[21 edges]
557.0,E,0,7,53.41,5,L0(s)|L1(s)|L2(s) / L0(s)|L1(ls),5,bus_r5_flow.22:[25 edges]; bus_r3_flow.21:[35 edges]; bus_r5_flow.23:[25 edges]; bus_r5_flow.21:[25 edges]; bus_r5_flow.20:[25 edges]
557.0,S,0,3,56.74,6,L0(rs)|L1(s)|L2(lt) / L0(s)|L1(s)|L2(s),2,bus_r0_flow.21:[21 edges]; bus_r0_flow.19:[21 edges]
558.0,W,0,0,0,4,L0(s)|L1(lst) / L0(s)|L1(s),0,
558.0,N,7,10,34.28,6,L0(s)|L1(s)|L2(s) / L0(s)|L1(s)|L2(l),10,bus_r0_flow.22:[21 edges]; bus_r4_flow.17:[44 edges]; bus_r4_flow.16:[44 edges]; bus_r4_flow.15:[44 edges]; bus_r4_flow.14:[44 edges]; bus_r4_flow.13:[44 edges]; bus_r4_flow.12:[44 edges] | bus_r1_flow.25:[21 edges]; bus_r1_flow.24:[21 edges]; bus_r1_flow.23:[21 edges]
558.0,E,0,7,53.17,5,L0(s)|L1(s)|L2(s) / L0(s)|L1(ls),5,bus_r5_flow.22:[25 edges]; bus_r3_flow.21:[35 edges]; bus_r5_flow.23:[25 edges]; bus_r5_flow.21:[25 edges]; bus_r5_flow.20:[25 edges]
558.0,S,0,2,57.11,6,L0(rs)|L1(s)|L2(lt) / L0(s)|L1(s)|L2(s),2,bus_r0_flow.21:[21 edges]; bus_r0_flow.19:[21 edges]
559.0,W,0,0,0,4,L0(s)|L1(lst) / L0(s)|L1(s),0,
559.0,N,6,10,35.25,6,L0(s)|L1(s)|L2(s) / L0(s)|L1(s)|L2(l),10,bus_r0_flow.22:[21 edges]; bus_r4_flow.17:[44 edges]; bus_r4_flow.16:[44 edges]; bus_r4_flow.15:[44 edges]; bus_r4_flow.14:[44 edges]; bus_r4_flow.13:[44 edges]; bus_r4_flow.12:[44 edges] | bus_r1_flow.25:[21 edges]; bus_r1_flow.24:[21 edges]; bus_r1_flow.23:[21 edges]
559.0,E,0,7,52.24,5,L0(s)|L1(s)|L2(s) / L0(s)|L1(ls),5,bus_r5_flow.22:[25 edges]; bus_r3_flow.21:[35 edges]; bus_r5_flow.23:[25 edges]; bus_r5_flow.21:[25 edges]; bus_r5_flow.20:[25 edges]
559.0,S,0,2,57.91,6,L0(rs)|L1(s)|L2(lt) / L0(s)|L1(s)|L2(s),2,bus_r0_flow.21:[21 edges]; bus_r0_flow.19:[21 edges]
560.0,W,0,0,0,4,L0(s)|L1(lst) / L0(s)|L1(s),0,
560.0,N,6,11,31.77,6,L0(s)|L1(s)|L2(s) / L0(s)|L1(s)|L2(l),10,bus_r0_flow.22:[21 edges]; bus_r4_flow.17:[44 edges]; bus_r4_flow.16:[44 edges]; bus_r4_flow.15:[44 edges]; bus_r4_flow.14:[44 edges]; bus_r4_flow.13:[44 edges]; bus_r4_flow.12:[44 edges] | bus_r1_flow.25:[21 edges]; bus_r1_flow.24:[21 edges]; bus_r1_flow.23:[21 edges]
560.0,E,0,7,52.01,5,L0(s)|L1(s)|L2(s) / L0(s)|L1(ls),5,bus_r5_flow.22:[25 edges]; bus_r3_flow.21:[35 edges]; bus_r5_flow.23:[25 edges]; bus_r5_flow.21:[25 edges]; bus_r5_flow.20:[25 edges]
560.0,S,0,2,58.51,6,L0(rs)|L1(s)|L2(lt) / L0(s)|L1(s)|L2(s),2,bus_r0_flow.21:[21 edges]; bus_r0_flow.19:[21 edges]
561.0,W,0,0,0,4,L0(s)|L1(lst) / L0(s)|L1(s),0,
561.0,N,6,9,40.61,6,L0(s)|L1(s)|L2(s) / L0(s)|L1(s)|L2(l),8,bus_r4_flow.17:[44 edges]; bus_r4_flow.16:[44 edges]; bus_r4_flow.15:[44 edges]; bus_r4_flow.14:[44 edges]; bus_r4_flow.13:[44 edges]; bus_r4_flow.12:[44 edges] | bus_r1_flow.25:[21 edges]; bus_r1_flow.24:[21 edges]
561.0,E,1,6,54.12,5,L0(s)|L1(s)|L2(s) / L0(s)|L1(ls),5,bus_r5_flow.22:[25 edges]; bus_r3_flow.21:[35 edges]; bus_r5_flow.23:[25 edges]; bus_r5_flow.21:[25 edges]; bus_r5_flow.20:[25 edges]
561.0,S,0,3,55.95,6,L0(rs)|L1(s)|L2(lt) / L0(s)|L1(s)|L2(s),3,bus_r0_flow.20:[21 edges]; bus_r0_flow.21:[21 edges]; bus_r0_flow.19:[21 edges]
562.0,W,0,0,0,4,L0(s)|L1(lst) / L0(s)|L1(s),0,
562.0,N,5,9,39.55,6,L0(s)|L1(s)|L2(s) / L0(s)|L1(s)|L2(l),8,bus_r4_flow.17:[44 edges]; bus_r4_flow.16:[44 edges]; bus_r4_flow.15:[44 edges]; bus_r4_flow.14:[44 edges]; bus_r4_flow.13:[44 edges]; bus_r4_flow.12:[44 edges] | bus_r1_flow.25:[21 edges]; bus_r1_flow.24:[21 edges]
562.0,E,1,6,52.95,5,L0(s)|L1(s)|L2(s) / L0(s)|L1(ls),5,bus_r5_flow.22:[25 edges]; bus_r3_flow.21:[35 edges]; bus_r5_flow.23:[25 edges]; bus_r5_flow.21:[25 edges]; bus_r5_flow.20:[25 edges]
562.0,S,0,3,56.45,6,L0(rs)|L1(s)|L2(lt) / L0(s)|L1(s)|L2(s),3,bus_r0_flow.20:[21 edges]; bus_r0_flow.21:[21 edges]; bus_r0_flow.19:[21 edges]
563.0,W,0,0,0,4,L0(s)|L1(lst) / L0(s)|L1(s),0,
563.0,N,4,9,41.53,6,L0(s)|L1(s)|L2(s) / L0(s)|L1(s)|L2(l),8,bus_r4_flow.17:[44 edges]; bus_r4_flow.16:[44 edges]; bus_r4_flow.15:[44 edges]; bus_r4_flow.14:[44 edges]; bus_r4_flow.13:[44 edges]; bus_r4_flow.12:[44 edges] | bus_r1_flow.25:[21 edges]; bus_r1_flow.24:[21 edges]
563.0,E,1,6,49.66,5,L0(s)|L1(s)|L2(s) / L0(s)|L1(ls),5,bus_r5_flow.22:[25 edges]; bus_r3_flow.21:[35 edges]; bus_r5_flow.23:[25 edges]; bus_r5_flow.21:[25 edges]; bus_r5_flow.20:[25 edges]
563.0,S,0,3,57.1,6,L0(rs)|L1(s)|L2(lt) / L0(s)|L1(s)|L2(s),3,bus_r0_flow.20:[21 edges]; bus_r0_flow.21:[21 edges]; bus_r0_flow.19:[21 edges]
564.0,W,0,0,0,4,L0(s)|L1(lst) / L0(s)|L1(s),0,
564.0,N,3,8,46.87,6,L0(s)|L1(s)|L2(s) / L0(s)|L1(s)|L2(l),7,bus_r4_flow.17:[44 edges]; bus_r4_flow.16:[44 edges]; bus_r4_flow.15:[44 edges]; bus_r4_flow.14:[44 edges]; bus_r4_flow.13:[44 edges]; bus_r4_flow.12:[44 edges] | bus_r1_flow.25:[21 edges]
564.0,E,1,6,44.71,5,L0(s)|L1(s)|L2(s) / L0(s)|L1(ls),5,bus_r5_flow.22:[25 edges]; bus_r3_flow.21:[35 edges]; bus_r5_flow.23:[25 edges]; bus_r5_flow.21:[25 edges]; bus_r5_flow.20:[25 edges]
564.0,S,0,2,56.74,6,L0(rs)|L1(s)|L2(lt) / L0(s)|L1(s)|L2(s),2,bus_r0_flow.20:[21 edges]; bus_r0_flow.21:[21 edges]
565.0,W,0,0,0,4,L0(s)|L1(lst) / L0(s)|L1(s),0,
565.0,N,2,8,44.81,6,L0(s)|L1(s)|L2(s) / L0(s)|L1(s)|L2(l),7,bus_r4_flow.17:[44 edges]; bus_r4_flow.16:[44 edges]; bus_r4_flow.15:[44 edges]; bus_r4_flow.14:[44 edges]; bus_r4_flow.13:[44 edges]; bus_r4_flow.12:[44 edges] | bus_r1_flow.25:[21 edges]
565.0,E,1,6,40.05,5,L0(s)|L1(s)|L2(s) / L0(s)|L1(ls),5,bus_r5_flow.22:[25 edges]; bus_r3_flow.21:[35 edges]; bus_r5_flow.23:[25 edges]; bus_r5_flow.21:[25 edges]; bus_r5_flow.20:[25 edges]
565.0,S,0,2,56.85,6,L0(rs)|L1(s)|L2(lt) / L0(s)|L1(s)|L2(s),2,bus_r0_flow.20:[21 edges]; bus_r0_flow.21:[21 edges]
566.0,W,0,0,0,4,L0(s)|L1(lst) / L0(s)|L1(s),0,
566.0,N,1,6,63.48,6,L0(s)|L1(s)|L2(s) / L0(s)|L1(s)|L2(l),6,bus_r4_flow.17:[44 edges]; bus_r4_flow.16:[44 edges]; bus_r4_flow.15:[44 edges]; bus_r4_flow.14:[44 edges]; bus_r4_flow.13:[44 edges]; bus_r4_flow.12:[44 edges]
566.0,E,3,6,36.7,5,L0(s)|L1(s)|L2(s) / L0(s)|L1(ls),5,bus_r5_flow.22:[25 edges]; bus_r3_flow.21:[35 edges]; bus_r5_flow.23:[25 edges]; bus_r5_flow.21:[25 edges]; bus_r5_flow.20:[25 edges]
566.0,S,0,2,57.26,6,L0(rs)|L1(s)|L2(lt) / L0(s)|L1(s)|L2(s),2,bus_r0_flow.20:[21 edges]; bus_r0_flow.21:[21 edges]
567.0,W,0,0,0,4,L0(s)|L1(lst) / L0(s)|L1(s),0,
567.0,N,1,6,63.29,6,L0(s)|L1(s)|L2(s) / L0(s)|L1(s)|L2(l),6,bus_r4_flow.17:[44 edges]; bus_r4_flow.16:[44 edges]; bus_r4_flow.15:[44 edges]; bus_r4_flow.14:[44 edges]; bus_r4_flow.13:[44 edges]; bus_r4_flow.12:[44 edges]
567.0,E,4,7,24.8,5,L0(s)|L1(s)|L2(s) / L0(s)|L1(ls),6,bus_r5_flow.22:[25 edges]; bus_r3_flow.21:[35 edges]; bus_r5_flow.23:[25 edges]; bus_r5_flow.21:[25 edges]; bus_r5_flow.20:[25 edges] | bus_r4_flow.11:[44 edges]
567.0,S,0,1,56.84,6,L0(rs)|L1(s)|L2(lt) / L0(s)|L1(s)|L2(s),1,bus_r0_flow.20:[21 edges]
568.0,W,0,0,0,4,L0(s)|L1(lst) / L0(s)|L1(s),0,
568.0,N,1,6,63.38,6,L0(s)|L1(s)|L2(s) / L0(s)|L1(s)|L2(l),6,bus_r4_flow.17:[44 edges]; bus_r4_flow.16:[44 edges]; bus_r4_flow.15:[44 edges]; bus_r4_flow.14:[44 edges]; bus_r4_flow.13:[44 edges]; bus_r4_flow.12:[44 edges]
568.0,E,5,7,24.96,5,L0(s)|L1(s)|L2(s) / L0(s)|L1(ls),6,bus_r5_flow.23:[25 edges]; bus_r5_flow.22:[25 edges]; bus_r3_flow.21:[35 edges]; bus_r5_flow.21:[25 edges]; bus_r5_flow.20:[25 edges] | bus_r4_flow.11:[44 edges]
568.0,S,0,2,54.04,6,L0(rs)|L1(s)|L2(lt) / L0(s)|L1(s)|L2(s),2,bus_r0_flow.22:[21 edges]; bus_r0_flow.20:[21 edges]
569.0,W,0,0,0,4,L0(s)|L1(lst) / L0(s)|L1(s),0,
569.0,N,2,6,63.46,6,L0(s)|L1(s)|L2(s) / L0(s)|L1(s)|L2(l),6,bus_r4_flow.17:[44 edges]; bus_r4_flow.16:[44 edges]; bus_r4_flow.15:[44 edges]; bus_r4_flow.14:[44 edges]; bus_r4_flow.13:[44 edges]; bus_r4_flow.12:[44 edges]
569.0,E,5,7,25.68,5,L0(s)|L1(s)|L2(s) / L0(s)|L1(ls),6,bus_r5_flow.23:[25 edges]; bus_r5_flow.22:[25 edges]; bus_r3_flow.21:[35 edges]; bus_r5_flow.21:[25 edges]; bus_r5_flow.20:[25 edges] | bus_r4_flow.11:[44 edges]
569.0,S,0,3,54.68,6,L0(rs)|L1(s)|L2(lt) / L0(s)|L1(s)|L2(s),3,bus_r0_flow.22:[21 edges]; bus_r0_flow.20:[21 edges] | bus_r1_flow.26:[21 edges]
570.0,W,0,2,59.48,4,L0(s)|L1(lst) / L0(s)|L1(s),2,bus_r2_flow.24:[35 edges]; bus_r2_flow.25:[35 edges]
570.0,N,3,6,63.22,6,L0(s)|L1(s)|L2(s) / L0(s)|L1(s)|L2(l),6,bus_r4_flow.17:[44 edges]; bus_r4_flow.16:[44 edges]; bus_r4_flow.15:[44 edges]; bus_r4_flow.14:[44 edges]; bus_r4_flow.13:[44 edges]; bus_r4_flow.12:[44 edges]
570.0,E,5,7,26.47,5,L0(s)|L1(s)|L2(s) / L0(s)|L1(ls),6,bus_r5_flow.23:[25 edges]; bus_r5_flow.22:[25 edges]; bus_r3_flow.21:[35 edges]; bus_r5_flow.21:[25 edges]; bus_r5_flow.20:[25 edges] | bus_r4_flow.11:[44 edges]
570.0,S,1,4,50.23,6,L0(rs)|L1(s)|L2(lt) / L0(s)|L1(s)|L2(s),3,bus_r0_flow.22:[21 edges]; bus_r0_flow.20:[21 edges] | bus_r1_flow.26:[21 edges]
571.0,W,0,2,59.73,4,L0(s)|L1(lst) / L0(s)|L1(s),2,bus_r2_flow.24:[35 edges]; bus_r2_flow.25:[35 edges]
571.0,N,3,6,62.95,6,L0(s)|L1(s)|L2(s) / L0(s)|L1(s)|L2(l),6,bus_r4_flow.17:[44 edges]; bus_r4_flow.16:[44 edges]; bus_r4_flow.15:[44 edges]; bus_r4_flow.14:[44 edges]; bus_r4_flow.13:[44 edges]; bus_r4_flow.12:[44 edges]
571.0,E,5,7,27.16,5,L0(s)|L1(s)|L2(s) / L0(s)|L1(ls),6,bus_r5_flow.23:[25 edges]; bus_r5_flow.22:[25 edges]; bus_r3_flow.21:[35 edges]; bus_r5_flow.21:[25 edges]; bus_r5_flow.20:[25 edges] | bus_r4_flow.11:[44 edges]
571.0,S,0,4,51.54,6,L0(rs)|L1(s)|L2(lt) / L0(s)|L1(s)|L2(s),3,bus_r0_flow.22:[21 edges]; bus_r0_flow.20:[21 edges] | bus_r1_flow.26:[21 edges]
572.0,W,0,3,59.48,4,L0(s)|L1(lst) / L0(s)|L1(s),3,bus_r2_flow.24:[35 edges]; bus_r2_flow.26:[35 edges]; bus_r2_flow.25:[35 edges]
572.0,N,4,6,62.64,6,L0(s)|L1(s)|L2(s) / L0(s)|L1(s)|L2(l),6,bus_r4_flow.17:[44 edges]; bus_r4_flow.16:[44 edges]; bus_r4_flow.15:[44 edges]; bus_r4_flow.14:[44 edges]; bus_r4_flow.13:[44 edges]; bus_r4_flow.12:[44 edges]
572.0,E,5,7,27.87,5,L0(s)|L1(s)|L2(s) / L0(s)|L1(ls),6,bus_r5_flow.23:[25 edges]; bus_r5_flow.22:[25 edges]; bus_r3_flow.21:[35 edges]; bus_r5_flow.21:[25 edges]; bus_r5_flow.20:[25 edges] | bus_r4_flow.11:[44 edges]
572.0,S,0,4,51.34,6,L0(rs)|L1(s)|L2(lt) / L0(s)|L1(s)|L2(s),3,bus_r0_flow.22:[21 edges]; bus_r0_flow.20:[21 edges] | bus_r1_flow.26:[21 edges]
573.0,W,0,3,57.69,4,L0(s)|L1(lst) / L0(s)|L1(s),3,bus_r2_flow.24:[35 edges]; bus_r2_flow.26:[35 edges]; bus_r2_flow.25:[35 edges]
573.0,N,5,6,62.56,6,L0(s)|L1(s)|L2(s) / L0(s)|L1(s)|L2(l),6,bus_r4_flow.17:[44 edges]; bus_r4_flow.16:[44 edges]; bus_r4_flow.15:[44 edges]; bus_r4_flow.14:[44 edges]; bus_r4_flow.13:[44 edges]; bus_r4_flow.12:[44 edges]
573.0,E,5,8,31.18,5,L0(s)|L1(s)|L2(s) / L0(s)|L1(ls),7,bus_r3_flow.22:[35 edges]; bus_r5_flow.23:[25 edges]; bus_r5_flow.22:[25 edges]; bus_r3_flow.21:[35 edges]; bus_r5_flow.21:[25 edges]; bus_r5_flow.20:[25 edges] | bus_r4_flow.11:[44 edges]
573.0,S,0,4,52.96,6,L0(rs)|L1(s)|L2(lt) / L0(s)|L1(s)|L2(s),3,bus_r0_flow.22:[21 edges]; bus_r0_flow.20:[21 edges] | bus_r1_flow.26:[21 edges]
574.0,W,0,3,52.74,4,L0(s)|L1(lst) / L0(s)|L1(s),3,bus_r2_flow.24:[35 edges]; bus_r2_flow.26:[35 edges]; bus_r2_flow.25:[35 edges]
574.0,N,5,6,62.55,6,L0(s)|L1(s)|L2(s) / L0(s)|L1(s)|L2(l),6,bus_r4_flow.17:[44 edges]; bus_r4_flow.16:[44 edges]; bus_r4_flow.15:[44 edges]; bus_r4_flow.14:[44 edges]; bus_r4_flow.13:[44 edges]; bus_r4_flow.12:[44 edges]
574.0,E,6,8,32.11,5,L0(s)|L1(s)|L2(s) / L0(s)|L1(ls),7,bus_r3_flow.22:[35 edges]; bus_r5_flow.23:[25 edges]; bus_r5_flow.22:[25 edges]; bus_r3_flow.21:[35 edges]; bus_r5_flow.21:[25 edges]; bus_r5_flow.20:[25 edges] | bus_r4_flow.11:[44 edges]
574.0,S,0,4,54.29,6,L0(rs)|L1(s)|L2(lt) / L0(s)|L1(s)|L2(s),3,bus_r0_flow.22:[21 edges]; bus_r0_flow.20:[21 edges] | bus_r1_flow.26:[21 edges]
575.0,W,0,1,55.79,4,L0(s)|L1(lst) / L0(s)|L1(s),1,bus_r2_flow.26:[35 edges]
575.0,N,6,6,62.51,6,L0(s)|L1(s)|L2(s) / L0(s)|L1(s)|L2(l),6,bus_r4_flow.17:[44 edges]; bus_r4_flow.16:[44 edges]; bus_r4_flow.15:[44 edges]; bus_r4_flow.14:[44 edges]; bus_r4_flow.13:[44 edges]; bus_r4_flow.12:[44 edges]
575.0,E,6,9,35.05,5,L0(s)|L1(s)|L2(s) / L0(s)|L1(ls),8,bus_r3_flow.22:[35 edges]; bus_r5_flow.23:[25 edges]; bus_r5_flow.22:[25 edges]; bus_r3_flow.21:[35 edges]; bus_r3_flow.24:[35 edges]; bus_r5_flow.21:[25 edges]; bus_r5_flow.20:[25 edges] | bus_r4_flow.11:[44 edges]
575.0,S,0,4,55.6,6,L0(rs)|L1(s)|L2(lt) / L0(s)|L1(s)|L2(s),3,bus_r0_flow.22:[21 edges]; bus_r0_flow.20:[21 edges] | bus_r1_flow.26:[21 edges]
576.0,W,0,1,52.55,4,L0(s)|L1(lst) / L0(s)|L1(s),1,bus_r2_flow.26:[35 edges]
576.0,N,6,6,62.51,6,L0(s)|L1(s)|L2(s) / L0(s)|L1(s)|L2(l),6,bus_r4_flow.17:[44 edges]; bus_r4_flow.16:[44 edges]; bus_r4_flow.15:[44 edges]; bus_r4_flow.14:[44 edges]; bus_r4_flow.13:[44 edges]; bus_r4_flow.12:[44 edges]
576.0,E,6,10,37.92,5,L0(s)|L1(s)|L2(s) / L0(s)|L1(ls),9,bus_r3_flow.23:[35 edges]; bus_r3_flow.22:[35 edges]; bus_r5_flow.23:[25 edges]; bus_r5_flow.22:[25 edges]; bus_r3_flow.21:[35 edges]; bus_r3_flow.24:[35 edges]; bus_r5_flow.21:[25 edges]; bus_r5_flow.20:[25 edges] | bus_r4_flow.11:[44 edges]
576.0,S,0,4,57.2,6,L0(rs)|L1(s)|L2(lt) / L0(s)|L1(s)|L2(s),3,bus_r0_flow.22:[21 edges]; bus_r0_flow.20:[21 edges] | bus_r1_flow.26:[21 edges]
577.0,W,0,1,49.02,4,L0(s)|L1(lst) / L0(s)|L1(s),1,bus_r2_flow.26:[35 edges]
577.0,N,6,6,62.51,6,L0(s)|L1(s)|L2(s) / L0(s)|L1(s)|L2(l),6,bus_r4_flow.17:[44 edges]; bus_r4_flow.16:[44 edges]; bus_r4_flow.15:[44 edges]; bus_r4_flow.14:[44 edges]; bus_r4_flow.13:[44 edges]; bus_r4_flow.12:[44 edges]
577.0,E,6,10,38.56,5,L0(s)|L1(s)|L2(s) / L0(s)|L1(ls),9,bus_r3_flow.23:[35 edges]; bus_r3_flow.22:[35 edges]; bus_r5_flow.23:[25 edges]; bus_r5_flow.22:[25 edges]; bus_r3_flow.21:[35 edges]; bus_r3_flow.24:[35 edges]; bus_r5_flow.21:[25 edges]; bus_r5_flow.20:[25 edges] | bus_r4_flow.11:[44 edges]
577.0,S,0,3,57.58,6,L0(rs)|L1(s)|L2(lt) / L0(s)|L1(s)|L2(s),2,bus_r0_flow.22:[21 edges] | bus_r1_flow.26:[21 edges]
578.0,W,0,1,46.3,4,L0(s)|L1(lst) / L0(s)|L1(s),1,bus_r2_flow.26:[35 edges]
578.0,N,6,6,62.51,6,L0(s)|L1(s)|L2(s) / L0(s)|L1(s)|L2(l),6,bus_r4_flow.17:[44 edges]; bus_r4_flow.16:[44 edges]; bus_r4_flow.15:[44 edges]; bus_r4_flow.14:[44 edges]; bus_r4_flow.13:[44 edges]; bus_r4_flow.12:[44 edges]
578.0,E,6,10,39.03,5,L0(s)|L1(s)|L2(s) / L0(s)|L1(ls),9,bus_r3_flow.23:[35 edges]; bus_r3_flow.22:[35 edges]; bus_r5_flow.23:[25 edges]; bus_r5_flow.22:[25 edges]; bus_r3_flow.21:[35 edges]; bus_r3_flow.24:[35 edges]; bus_r5_flow.21:[25 edges]; bus_r5_flow.20:[25 edges] | bus_r4_flow.11:[44 edges]
578.0,S,0,4,59.01,6,L0(rs)|L1(s)|L2(lt) / L0(s)|L1(s)|L2(s),3,bus_r0_flow.22:[21 edges] | bus_r1_flow.27:[21 edges]; bus_r1_flow.26:[21 edges]
579.0,W,0,1,45.11,4,L0(s)|L1(lst) / L0(s)|L1(s),1,bus_r2_flow.26:[35 edges]
579.0,N,6,6,62.51,6,L0(s)|L1(s)|L2(s) / L0(s)|L1(s)|L2(l),6,bus_r4_flow.17:[44 edges]; bus_r4_flow.16:[44 edges]; bus_r4_flow.15:[44 edges]; bus_r4_flow.14:[44 edges]; bus_r4_flow.13:[44 edges]; bus_r4_flow.12:[44 edges]
579.0,E,6,10,39.22,5,L0(s)|L1(s)|L2(s) / L0(s)|L1(ls),9,bus_r3_flow.23:[35 edges]; bus_r3_flow.22:[35 edges]; bus_r5_flow.23:[25 edges]; bus_r5_flow.22:[25 edges]; bus_r3_flow.21:[35 edges]; bus_r3_flow.24:[35 edges]; bus_r5_flow.21:[25 edges]; bus_r5_flow.20:[25 edges] | bus_r4_flow.11:[44 edges]
579.0,S,0,4,60.23,6,L0(rs)|L1(s)|L2(lt) / L0(s)|L1(s)|L2(s),3,bus_r0_flow.22:[21 edges] | bus_r1_flow.27:[21 edges]; bus_r1_flow.26:[21 edges]
580.0,W,1,1,45.05,4,L0(s)|L1(lst) / L0(s)|L1(s),1,bus_r2_flow.26:[35 edges]
580.0,N,6,6,62.51,6,L0(s)|L1(s)|L2(s) / L0(s)|L1(s)|L2(l),6,bus_r4_flow.17:[44 edges]; bus_r4_flow.16:[44 edges]; bus_r4_flow.15:[44 edges]; bus_r4_flow.14:[44 edges]; bus_r4_flow.13:[44 edges]; bus_r4_flow.12:[44 edges]
580.0,E,6,10,38.8,5,L0(s)|L1(s)|L2(s) / L0(s)|L1(ls),9,bus_r3_flow.23:[35 edges]; bus_r3_flow.22:[35 edges]; bus_r5_flow.23:[25 edges]; bus_r5_flow.22:[25 edges]; bus_r3_flow.21:[35 edges]; bus_r3_flow.24:[35 edges]; bus_r5_flow.21:[25 edges]; bus_r5_flow.20:[25 edges] | bus_r4_flow.11:[44 edges]
580.0,S,0,4,60.86,6,L0(rs)|L1(s)|L2(lt) / L0(s)|L1(s)|L2(s),3,bus_r0_flow.22:[21 edges] | bus_r1_flow.27:[21 edges]; bus_r1_flow.26:[21 edges]
581.0,W,0,1,45.82,4,L0(s)|L1(lst) / L0(s)|L1(s),1,bus_r2_flow.26:[35 edges]
581.0,N,6,6,62.51,6,L0(s)|L1(s)|L2(s) / L0(s)|L1(s)|L2(l),6,bus_r4_flow.17:[44 edges]; bus_r4_flow.16:[44 edges]; bus_r4_flow.15:[44 edges]; bus_r4_flow.14:[44 edges]; bus_r4_flow.13:[44 edges]; bus_r4_flow.12:[44 edges]
581.0,E,4,10,38.19,5,L0(s)|L1(s)|L2(s) / L0(s)|L1(ls),9,bus_r3_flow.23:[35 edges]; bus_r3_flow.22:[35 edges]; bus_r5_flow.23:[25 edges]; bus_r5_flow.22:[25 edges]; bus_r3_flow.21:[35 edges]; bus_r3_flow.24:[35 edges]; bus_r5_flow.21:[25 edges]; bus_r5_flow.20:[25 edges] | bus_r4_flow.11:[44 edges]
581.0,S,0,4,59.26,6,L0(rs)|L1(s)|L2(lt) / L0(s)|L1(s)|L2(s),3,bus_r0_flow.22:[21 edges] | bus_r1_flow.27:[21 edges]; bus_r1_flow.26:[21 edges]
582.0,W,0,1,46.54,4,L0(s)|L1(lst) / L0(s)|L1(s),1,bus_r2_flow.26:[35 edges]
582.0,N,6,6,62.51,6,L0(s)|L1(s)|L2(s) / L0(s)|L1(s)|L2(l),6,bus_r4_flow.17:[44 edges]; bus_r4_flow.16:[44 edges]; bus_r4_flow.15:[44 edges]; bus_r4_flow.14:[44 edges]; bus_r4_flow.13:[44 edges]; bus_r4_flow.12:[44 edges]
582.0,E,2,8,37.56,5,L0(s)|L1(s)|L2(s) / L0(s)|L1(ls),8,bus_r3_flow.23:[35 edges]; bus_r3_flow.22:[35 edges]; bus_r5_flow.23:[25 edges]; bus_r5_flow.22:[25 edges]; bus_r3_flow.21:[35 edges]; bus_r3_flow.24:[35 edges]; bus_r5_flow.21:[25 edges]; bus_r5_flow.20:[25 edges]
582.0,S,0,3,60.52,6,L0(rs)|L1(s)|L2(lt) / L0(s)|L1(s)|L2(s),2,bus_r0_flow.22:[21 edges] | bus_r1_flow.27:[21 edges]
583.0,W,0,1,47.18,4,L0(s)|L1(lst) / L0(s)|L1(s),1,bus_r2_flow.26:[35 edges]
583.0,N,6,6,62.51,6,L0(s)|L1(s)|L2(s) / L0(s)|L1(s)|L2(l),6,bus_r4_flow.17:[44 edges]; bus_r4_flow.16:[44 edges]; bus_r4_flow.15:[44 edges]; bus_r4_flow.14:[44 edges]; bus_r4_flow.13:[44 edges]; bus_r4_flow.12:[44 edges]
583.0,E,0,9,38.32,5,L0(s)|L1(s)|L2(s) / L0(s)|L1(ls),8,bus_r3_flow.22:[35 edges]; bus_r5_flow.23:[25 edges]; bus_r5_flow.22:[25 edges]; bus_r3_flow.21:[35 edges]; bus_r3_flow.23:[35 edges]; bus_r3_flow.24:[35 edges]; bus_r5_flow.21:[25 edges]; bus_r5_flow.20:[25 edges]
583.0,S,0,2,60.76,6,L0(rs)|L1(s)|L2(lt) / L0(s)|L1(s)|L2(s),1,bus_r1_flow.27:[21 edges]
584.0,W,0,2,42.21,4,L0(s)|L1(lst) / L0(s)|L1(s),1,bus_r2_flow.26:[35 edges]
584.0,N,6,6,62.51,6,L0(s)|L1(s)|L2(s) / L0(s)|L1(s)|L2(l),6,bus_r4_flow.17:[44 edges]; bus_r4_flow.16:[44 edges]; bus_r4_flow.15:[44 edges]; bus_r4_flow.14:[44 edges]; bus_r4_flow.13:[44 edges]; bus_r4_flow.12:[44 edges]
584.0,E,0,8,38.92,5,L0(s)|L1(s)|L2(s) / L0(s)|L1(ls),7,bus_r3_flow.22:[35 edges]; bus_r5_flow.23:[25 edges]; bus_r5_flow.22:[25 edges]; bus_r3_flow.23:[35 edges]; bus_r3_flow.24:[35 edges]; bus_r5_flow.21:[25 edges]; bus_r5_flow.20:[25 edges]
584.0,S,0,2,58.05,6,L0(rs)|L1(s)|L2(lt) / L0(s)|L1(s)|L2(s),1,bus_r1_flow.27:[21 edges]
585.0,W,0,1,56.0,4,L0(s)|L1(lst) / L0(s)|L1(s),0,
585.0,N,6,6,62.51,6,L0(s)|L1(s)|L2(s) / L0(s)|L1(s)|L2(l),6,bus_r4_flow.17:[44 edges]; bus_r4_flow.16:[44 edges]; bus_r4_flow.15:[44 edges]; bus_r4_flow.14:[44 edges]; bus_r4_flow.13:[44 edges]; bus_r4_flow.12:[44 edges]
585.0,E,0,8,38.75,5,L0(s)|L1(s)|L2(s) / L0(s)|L1(ls),7,bus_r3_flow.22:[35 edges]; bus_r5_flow.23:[25 edges]; bus_r5_flow.22:[25 edges]; bus_r3_flow.23:[35 edges]; bus_r3_flow.24:[35 edges]; bus_r5_flow.21:[25 edges]; bus_r5_flow.20:[25 edges]
585.0,S,0,2,55.58,6,L0(rs)|L1(s)|L2(lt) / L0(s)|L1(s)|L2(s),1,bus_r1_flow.27:[21 edges]
586.0,W,0,1,57.35,4,L0(s)|L1(lst) / L0(s)|L1(s),0,
586.0,N,6,6,62.51,6,L0(s)|L1(s)|L2(s) / L0(s)|L1(s)|L2(l),6,bus_r4_flow.17:[44 edges]; bus_r4_flow.16:[44 edges]; bus_r4_flow.15:[44 edges]; bus_r4_flow.14:[44 edges]; bus_r4_flow.13:[44 edges]; bus_r4_flow.12:[44 edges]
586.0,E,0,8,39.42,5,L0(s)|L1(s)|L2(s) / L0(s)|L1(ls),7,bus_r3_flow.22:[35 edges]; bus_r5_flow.23:[25 edges]; bus_r5_flow.22:[25 edges]; bus_r3_flow.23:[35 edges]; bus_r3_flow.24:[35 edges]; bus_r5_flow.21:[25 edges]; bus_r5_flow.20:[25 edges]
586.0,S,0,2,53.13,6,L0(rs)|L1(s)|L2(lt) / L0(s)|L1(s)|L2(s),1,bus_r1_flow.27:[21 edges]
587.0,W,0,2,56.06,4,L0(s)|L1(lst) / L0(s)|L1(s),0,
587.0,N,6,6,62.51,6,L0(s)|L1(s)|L2(s) / L0(s)|L1(s)|L2(l),6,bus_r4_flow.17:[44 edges]; bus_r4_flow.16:[44 edges]; bus_r4_flow.15:[44 edges]; bus_r4_flow.14:[44 edges]; bus_r4_flow.13:[44 edges]; bus_r4_flow.12:[44 edges]
587.0,E,0,7,40.5,5,L0(s)|L1(s)|L2(s) / L0(s)|L1(ls),6,bus_r3_flow.22:[35 edges]; bus_r5_flow.23:[25 edges]; bus_r5_flow.22:[25 edges]; bus_r3_flow.23:[35 edges]; bus_r3_flow.24:[35 edges]; bus_r5_flow.21:[25 edges]
587.0,S,0,1,59.89,6,L0(rs)|L1(s)|L2(lt) / L0(s)|L1(s)|L2(s),1,bus_r1_flow.27:[21 edges]
588.0,W,0,2,58.05,4,L0(s)|L1(lst) / L0(s)|L1(s),0,
588.0,N,6,6,62.51,6,L0(s)|L1(s)|L2(s) / L0(s)|L1(s)|L2(l),6,bus_r4_flow.17:[44 edges]; bus_r4_flow.16:[44 edges]; bus_r4_flow.15:[44 edges]; bus_r4_flow.14:[44 edges]; bus_r4_flow.13:[44 edges]; bus_r4_flow.12:[44 edges]
588.0,E,0,9,23.71,5,L0(s)|L1(s)|L2(s) / L0(s)|L1(ls),8,bus_r3_flow.22:[35 edges]; bus_r5_flow.23:[25 edges]; bus_r5_flow.22:[25 edges]; bus_r3_flow.23:[35 edges]; bus_r3_flow.24:[35 edges]; bus_r5_flow.21:[25 edges] | bus_r2_flow.24:[35 edges]; bus_r2_flow.25:[35 edges]
588.0,S,0,2,52.02,6,L0(rs)|L1(s)|L2(lt) / L0(s)|L1(s)|L2(s),1,bus_r1_flow.27:[21 edges]
589.0,W,0,2,58.31,4,L0(s)|L1(lst) / L0(s)|L1(s),1,bus_r2_flow.27:[35 edges]
589.0,N,6,6,62.51,6,L0(s)|L1(s)|L2(s) / L0(s)|L1(s)|L2(l),6,bus_r4_flow.17:[44 edges]; bus_r4_flow.16:[44 edges]; bus_r4_flow.15:[44 edges]; bus_r4_flow.14:[44 edges]; bus_r4_flow.13:[44 edges]; bus_r4_flow.12:[44 edges]
589.0,E,0,8,25.35,5,L0(s)|L1(s)|L2(s) / L0(s)|L1(ls),7,bus_r3_flow.22:[35 edges]; bus_r5_flow.23:[25 edges]; bus_r3_flow.23:[35 edges]; bus_r3_flow.24:[35 edges]; bus_r5_flow.21:[25 edges] | bus_r2_flow.24:[35 edges]; bus_r2_flow.25:[35 edges]
589.0,S,0,2,50.67,6,L0(rs)|L1(s)|L2(lt) / L0(s)|L1(s)|L2(s),1,bus_r1_flow.27:[21 edges]
590.0,W,0,2,57.45,4,L0(s)|L1(lst) / L0(s)|L1(s),1,bus_r2_flow.27:[35 edges]
590.0,N,6,6,62.51,6,L0(s)|L1(s)|L2(s) / L0(s)|L1(s)|L2(l),6,bus_r4_flow.17:[44 edges]; bus_r4_flow.16:[44 edges]; bus_r4_flow.15:[44 edges]; bus_r4_flow.14:[44 edges]; bus_r4_flow.13:[44 edges]; bus_r4_flow.12:[44 edges]
590.0,E,0,8,27.29,5,L0(s)|L1(s)|L2(s) / L0(s)|L1(ls),7,bus_r3_flow.22:[35 edges]; bus_r5_flow.23:[25 edges]; bus_r3_flow.23:[35 edges]; bus_r3_flow.24:[35 edges]; bus_r5_flow.21:[25 edges] | bus_r2_flow.24:[35 edges]; bus_r2_flow.25:[35 edges]
590.0,S,0,2,49.73,6,L0(rs)|L1(s)|L2(lt) / L0(s)|L1(s)|L2(s),1,bus_r1_flow.27:[21 edges]
591.0,W,0,3,49.48,4,L0(s)|L1(lst) / L0(s)|L1(s),2,bus_r3_flow.21:[35 edges] | bus_r2_flow.27:[35 edges]
591.0,N,6,6,62.51,6,L0(s)|L1(s)|L2(s) / L0(s)|L1(s)|L2(l),6,bus_r4_flow.17:[44 edges]; bus_r4_flow.16:[44 edges]; bus_r4_flow.15:[44 edges]; bus_r4_flow.14:[44 edges]; bus_r4_flow.13:[44 edges]; bus_r4_flow.12:[44 edges]
591.0,E,0,8,28.95,5,L0(s)|L1(s)|L2(s) / L0(s)|L1(ls),7,bus_r3_flow.22:[35 edges]; bus_r5_flow.23:[25 edges]; bus_r3_flow.23:[35 edges]; bus_r3_flow.24:[35 edges] | bus_r2_flow.24:[35 edges]; bus_r2_flow.26:[35 edges]; bus_r2_flow.25:[35 edges]
591.0,S,0,2,51.34,6,L0(rs)|L1(s)|L2(lt) / L0(s)|L1(s)|L2(s),1,bus_r1_flow.27:[21 edges]
592.0,W,0,3,52.65,4,L0(s)|L1(lst) / L0(s)|L1(s),2,bus_r3_flow.21:[35 edges] | bus_r2_flow.27:[35 edges]
592.0,N,6,6,62.51,6,L0(s)|L1(s)|L2(s) / L0(s)|L1(s)|L2(l),6,bus_r4_flow.17:[44 edges]; bus_r4_flow.16:[44 edges]; bus_r4_flow.15:[44 edges]; bus_r4_flow.14:[44 edges]; bus_r4_flow.13:[44 edges]; bus_r4_flow.12:[44 edges]
592.0,E,0,9,29.99,5,L0(s)|L1(s)|L2(s) / L0(s)|L1(ls),7,bus_r3_flow.22:[35 edges]; bus_r5_flow.23:[25 edges]; bus_r3_flow.23:[35 edges]; bus_r3_flow.24:[35 edges] | bus_r2_flow.24:[35 edges]; bus_r2_flow.26:[35 edges]; bus_r2_flow.25:[35 edges]
592.0,S,0,1,56.83,6,L0(rs)|L1(s)|L2(lt) / L0(s)|L1(s)|L2(s),0,
593.0,W,0,3,46.41,4,L0(s)|L1(lst) / L0(s)|L1(s),2,bus_r3_flow.21:[35 edges]; bus_r5_flow.20:[25 edges]
593.0,N,6,6,62.51,6,L0(s)|L1(s)|L2(s) / L0(s)|L1(s)|L2(l),6,bus_r4_flow.17:[44 edges]; bus_r4_flow.16:[44 edges]; bus_r4_flow.15:[44 edges]; bus_r4_flow.14:[44 edges]; bus_r4_flow.13:[44 edges]; bus_r4_flow.12:[44 edges]
593.0,E,0,8,32.95,5,L0(s)|L1(s)|L2(s) / L0(s)|L1(ls),6,bus_r3_flow.22:[35 edges]; bus_r3_flow.23:[35 edges]; bus_r3_flow.24:[35 edges] | bus_r2_flow.24:[35 edges]; bus_r2_flow.26:[35 edges]; bus_r2_flow.25:[35 edges]
593.0,S,0,1,57.77,6,L0(rs)|L1(s)|L2(lt) / L0(s)|L1(s)|L2(s),0,
594.0,W,0,4,47.02,4,L0(s)|L1(lst) / L0(s)|L1(s),3,bus_r5_flow.22:[25 edges]; bus_r3_flow.21:[35 edges]; bus_r5_flow.20:[25 edges]
594.0,N,6,6,62.51,6,L0(s)|L1(s)|L2(s) / L0(s)|L1(s)|L2(l),6,bus_r4_flow.17:[44 edges]; bus_r4_flow.16:[44 edges]; bus_r4_flow.15:[44 edges]; bus_r4_flow.14:[44 edges]; bus_r4_flow.13:[44 edges]; bus_r4_flow.12:[44 edges]
594.0,E,0,7,35.6,5,L0(s)|L1(s)|L2(s) / L0(s)|L1(ls),5,bus_r3_flow.22:[35 edges]; bus_r3_flow.23:[35 edges] | bus_r2_flow.24:[35 edges]; bus_r2_flow.26:[35 edges]; bus_r2_flow.25:[35 edges]
594.0,S,0,1,58.73,6,L0(rs)|L1(s)|L2(lt) / L0(s)|L1(s)|L2(s),0,
595.0,W,0,5,48.24,4,L0(s)|L1(lst) / L0(s)|L1(s),4,bus_r5_flow.22:[25 edges]; bus_r3_flow.21:[35 edges]; bus_r5_flow.21:[25 edges]; bus_r5_flow.20:[25 edges]
595.0,N,6,6,62.51,6,L0(s)|L1(s)|L2(s) / L0(s)|L1(s)|L2(l),6,bus_r4_flow.17:[44 edges]; bus_r4_flow.16:[44 edges]; bus_r4_flow.15:[44 edges]; bus_r4_flow.14:[44 edges]; bus_r4_flow.13:[44 edges]; bus_r4_flow.12:[44 edges]
595.0,E,0,8,40.29,5,L0(s)|L1(s)|L2(s) / L0(s)|L1(ls),6,bus_r3_flow.22:[35 edges]; bus_r3_flow.23:[35 edges] | bus_r2_flow.27:[35 edges]; bus_r2_flow.24:[35 edges]; bus_r2_flow.26:[35 edges]; bus_r2_flow.25:[35 edges]
595.0,S,0,1,60.06,6,L0(rs)|L1(s)|L2(lt) / L0(s)|L1(s)|L2(s),0,
596.0,W,0,4,49.16,4,L0(s)|L1(lst) / L0(s)|L1(s),4,bus_r5_flow.22:[25 edges]; bus_r3_flow.21:[35 edges]; bus_r5_flow.21:[25 edges]; bus_r5_flow.20:[25 edges]
596.0,N,6,6,62.51,6,L0(s)|L1(s)|L2(s) / L0(s)|L1(s)|L2(l),6,bus_r4_flow.17:[44 edges]; bus_r4_flow.16:[44 edges]; bus_r4_flow.15:[44 edges]; bus_r4_flow.14:[44 edges]; bus_r4_flow.13:[44 edges]; bus_r4_flow.12:[44 edges]
596.0,E,0,7,46.01,5,L0(s)|L1(s)|L2(s) / L0(s)|L1(ls),5,bus_r3_flow.23:[35 edges] | bus_r2_flow.27:[35 edges]; bus_r2_flow.24:[35 edges]; bus_r2_flow.26:[35 edges]; bus_r2_flow.25:[35 edges]
596.0,S,0,1,61.05,6,L0(rs)|L1(s)|L2(lt) / L0(s)|L1(s)|L2(s),0,
597.0,W,0,5,49.83,4,L0(s)|L1(lst) / L0(s)|L1(s),5,bus_r5_flow.23:[25 edges]; bus_r5_flow.22:[25 edges]; bus_r3_flow.21:[35 edges]; bus_r5_flow.21:[25 edges]; bus_r5_flow.20:[25 edges]
597.0,N,6,6,62.51,6,L0(s)|L1(s)|L2(s) / L0(s)|L1(s)|L2(l),6,bus_r4_flow.17:[44 edges]; bus_r4_flow.16:[44 edges]; bus_r4_flow.15:[44 edges]; bus_r4_flow.14:[44 edges]; bus_r4_flow.13:[44 edges]; bus_r4_flow.12:[44 edges]
597.0,E,0,7,48.55,5,L0(s)|L1(s)|L2(s) / L0(s)|L1(ls),4,bus_r2_flow.27:[35 edges]; bus_r2_flow.24:[35 edges]; bus_r2_flow.26:[35 edges]; bus_r2_flow.25:[35 edges]
597.0,S,0,1,60.66,6,L0(rs)|L1(s)|L2(lt) / L0(s)|L1(s)|L2(s),0,
598.0,W,0,5,50.28,4,L0(s)|L1(lst) / L0(s)|L1(s),5,bus_r5_flow.23:[25 edges]; bus_r5_flow.22:[25 edges]; bus_r3_flow.24:[35 edges]; bus_r5_flow.21:[25 edges]; bus_r5_flow.20:[25 edges]
598.0,N,6,6,62.51,6,L0(s)|L1(s)|L2(s) / L0(s)|L1(s)|L2(l),6,bus_r4_flow.17:[44 edges]; bus_r4_flow.16:[44 edges]; bus_r4_flow.15:[44 edges]; bus_r4_flow.14:[44 edges]; bus_r4_flow.13:[44 edges]; bus_r4_flow.12:[44 edges]
598.0,E,0,8,50.46,5,L0(s)|L1(s)|L2(s) / L0(s)|L1(ls),4,bus_r2_flow.27:[35 edges]; bus_r2_flow.24:[35 edges]; bus_r2_flow.26:[35 edges]; bus_r2_flow.25:[35 edges]
598.0,S,0,1,60.74,6,L0(rs)|L1(s)|L2(lt) / L0(s)|L1(s)|L2(s),0,
599.0,W,0,5,51.58,4,L0(s)|L1(lst) / L0(s)|L1(s),5,bus_r5_flow.23:[25 edges]; bus_r5_flow.22:[25 edges]; bus_r3_flow.24:[35 edges]; bus_r5_flow.21:[25 edges]; bus_r5_flow.20:[25 edges]
599.0,N,6,6,62.51,6,L0(s)|L1(s)|L2(s) / L0(s)|L1(s)|L2(l),6,bus_r4_flow.17:[44 edges]; bus_r4_flow.16:[44 edges]; bus_r4_flow.15:[44 edges]; bus_r4_flow.14:[44 edges]; bus_r4_flow.13:[44 edges]; bus_r4_flow.12:[44 edges]
599.0,E,0,8,53.27,5,L0(s)|L1(s)|L2(s) / L0(s)|L1(ls),4,bus_r2_flow.27:[35 edges]; bus_r2_flow.24:[35 edges]; bus_r2_flow.26:[35 edges]; bus_r2_flow.25:[35 edges]
599.0,S,0,2,60.75,6,L0(rs)|L1(s)|L2(lt) / L0(s)|L1(s)|L2(s),1,bus_r1_flow.28:[21 edges]
600.0,W,0,5,52.18,4,L0(s)|L1(lst) / L0(s)|L1(s),5,bus_r3_flow.22:[35 edges]; bus_r5_flow.23:[25 edges]; bus_r5_flow.22:[25 edges]; bus_r3_flow.24:[35 edges]; bus_r5_flow.21:[25 edges]
600.0,N,6,6,62.51,6,L0(s)|L1(s)|L2(s) / L0(s)|L1(s)|L2(l),6,bus_r4_flow.17:[44 edges]; bus_r4_flow.16:[44 edges]; bus_r4_flow.15:[44 edges]; bus_r4_flow.14:[44 edges]; bus_r4_flow.13:[44 edges]; bus_r4_flow.12:[44 edges]
600.0,E,0,7,58.22,5,L0(s)|L1(s)|L2(s) / L0(s)|L1(ls),4,bus_r2_flow.27:[35 edges]; bus_r2_flow.24:[35 edges]; bus_r2_flow.26:[35 edges]; bus_r2_flow.25:[35 edges]
600.0,S,0,2,60.9,6,L0(rs)|L1(s)|L2(lt) / L0(s)|L1(s)|L2(s),1,bus_r1_flow.28:[21 edges]
601.0,W,0,5,52.47,4,L0(s)|L1(lst) / L0(s)|L1(s),5,bus_r3_flow.22:[35 edges]; bus_r5_flow.23:[25 edges]; bus_r3_flow.23:[35 edges]; bus_r3_flow.24:[35 edges]; bus_r5_flow.21:[25 edges]
601.0,N,6,6,62.51,6,L0(s)|L1(s)|L2(s) / L0(s)|L1(s)|L2(l),6,bus_r4_flow.17:[44 edges]; bus_r4_flow.16:[44 edges]; bus_r4_flow.15:[44 edges]; bus_r4_flow.14:[44 edges]; bus_r4_flow.13:[44 edges]; bus_r4_flow.12:[44 edges]
601.0,E,0,5,58.4,5,L0(s)|L1(s)|L2(s) / L0(s)|L1(ls),2,bus_r2_flow.27:[35 edges]; bus_r2_flow.26:[35 edges]
601.0,S,0,2,59.21,6,L0(rs)|L1(s)|L2(lt) / L0(s)|L1(s)|L2(s),1,bus_r1_flow.28:[21 edges]
602.0,W,0,4,53.49,4,L0(s)|L1(lst) / L0(s)|L1(s),4,bus_r3_flow.22:[35 edges]; bus_r5_flow.23:[25 edges]; bus_r3_flow.23:[35 edges]; bus_r3_flow.24:[35 edges]
602.0,N,6,6,62.51,6,L0(s)|L1(s)|L2(s) / L0(s)|L1(s)|L2(l),6,bus_r4_flow.17:[44 edges]; bus_r4_flow.16:[44 edges]; bus_r4_flow.15:[44 edges]; bus_r4_flow.14:[44 edges]; bus_r4_flow.13:[44 edges]; bus_r4_flow.12:[44 edges]
602.0,E,0,5,57.95,5,L0(s)|L1(s)|L2(s) / L0(s)|L1(ls),2,bus_r2_flow.27:[35 edges]; bus_r2_flow.26:[35 edges]
602.0,S,0,2,56.63,6,L0(rs)|L1(s)|L2(lt) / L0(s)|L1(s)|L2(s),1,bus_r1_flow.28:[21 edges]
603.0,W,0,5,50.35,4,L0(s)|L1(lst) / L0(s)|L1(s),3,bus_r3_flow.22:[35 edges]; bus_r3_flow.23:[35 edges]; bus_r3_flow.24:[35 edges]
603.0,N,6,6,62.51,6,L0(s)|L1(s)|L2(s) / L0(s)|L1(s)|L2(l),6,bus_r4_flow.17:[44 edges]; bus_r4_flow.16:[44 edges]; bus_r4_flow.15:[44 edges]; bus_r4_flow.14:[44 edges]; bus_r4_flow.13:[44 edges]; bus_r4_flow.12:[44 edges]
603.0,E,0,3,59.68,5,L0(s)|L1(s)|L2(s) / L0(s)|L1(ls),1,bus_r2_flow.27:[35 edges]
603.0,S,0,2,55.54,6,L0(rs)|L1(s)|L2(lt) / L0(s)|L1(s)|L2(s),1,bus_r1_flow.28:[21 edges]
604.0,W,0,4,51.39,4,L0(s)|L1(lst) / L0(s)|L1(s),2,bus_r3_flow.22:[35 edges]; bus_r3_flow.23:[35 edges]
604.0,N,6,6,62.51,6,L0(s)|L1(s)|L2(s) / L0(s)|L1(s)|L2(l),6,bus_r4_flow.17:[44 edges]; bus_r4_flow.16:[44 edges]; bus_r4_flow.15:[44 edges]; bus_r4_flow.14:[44 edges]; bus_r4_flow.13:[44 edges]; bus_r4_flow.12:[44 edges]
604.0,E,0,3,57.43,5,L0(s)|L1(s)|L2(s) / L0(s)|L1(ls),1,bus_r2_flow.27:[35 edges]
604.0,S,0,2,56.72,6,L0(rs)|L1(s)|L2(lt) / L0(s)|L1(s)|L2(s),1,bus_r1_flow.28:[21 edges]
605.0,W,0,3,51.43,4,L0(s)|L1(lst) / L0(s)|L1(s),1,bus_r3_flow.23:[35 edges]
605.0,N,6,6,62.51,6,L0(s)|L1(s)|L2(s) / L0(s)|L1(s)|L2(l),6,bus_r4_flow.17:[44 edges]; bus_r4_flow.16:[44 edges]; bus_r4_flow.15:[44 edges]; bus_r4_flow.14:[44 edges]; bus_r4_flow.13:[44 edges]; bus_r4_flow.12:[44 edges]
605.0,E,0,3,53.65,5,L0(s)|L1(s)|L2(s) / L0(s)|L1(ls),1,bus_r2_flow.27:[35 edges]
605.0,S,0,2,58.12,6,L0(rs)|L1(s)|L2(lt) / L0(s)|L1(s)|L2(s),1,bus_r1_flow.28:[21 edges]
606.0,W,0,2,52.1,4,L0(s)|L1(lst) / L0(s)|L1(s),0,
606.0,N,6,6,62.51,6,L0(s)|L1(s)|L2(s) / L0(s)|L1(s)|L2(l),6,bus_r4_flow.17:[44 edges]; bus_r4_flow.16:[44 edges]; bus_r4_flow.15:[44 edges]; bus_r4_flow.14:[44 edges]; bus_r4_flow.13:[44 edges]; bus_r4_flow.12:[44 edges]
606.0,E,0,2,49.55,5,L0(s)|L1(s)|L2(s) / L0(s)|L1(ls),1,bus_r2_flow.27:[35 edges]
606.0,S,0,2,59.45,6,L0(rs)|L1(s)|L2(lt) / L0(s)|L1(s)|L2(s),1,bus_r1_flow.28:[21 edges]
607.0,W,0,2,54.68,4,L0(s)|L1(lst) / L0(s)|L1(s),0,
607.0,N,6,6,62.51,6,L0(s)|L1(s)|L2(s) / L0(s)|L1(s)|L2(l),6,bus_r4_flow.17:[44 edges]; bus_r4_flow.16:[44 edges]; bus_r4_flow.15:[44 edges]; bus_r4_flow.14:[44 edges]; bus_r4_flow.13:[44 edges]; bus_r4_flow.12:[44 edges]
607.0,E,0,2,42.1,5,L0(s)|L1(s)|L2(s) / L0(s)|L1(ls),1,bus_r2_flow.27:[35 edges]
607.0,S,0,2,59.57,6,L0(rs)|L1(s)|L2(lt) / L0(s)|L1(s)|L2(s),1,bus_r1_flow.28:[21 edges]
608.0,W,0,3,57.79,4,L0(s)|L1(lst) / L0(s)|L1(s),0,
608.0,N,6,7,59.97,6,L0(s)|L1(s)|L2(s) / L0(s)|L1(s)|L2(l),7,bus_r0_flow.23:[21 edges]; bus_r4_flow.17:[44 edges]; bus_r4_flow.16:[44 edges]; bus_r4_flow.15:[44 edges]; bus_r4_flow.14:[44 edges]; bus_r4_flow.13:[44 edges]; bus_r4_flow.12:[44 edges]
608.0,E,0,2,37.25,5,L0(s)|L1(s)|L2(s) / L0(s)|L1(ls),1,bus_r2_flow.27:[35 edges]
608.0,S,0,3,56.81,6,L0(rs)|L1(s)|L2(lt) / L0(s)|L1(s)|L2(s),1,bus_r1_flow.28:[21 edges]
609.0,W,0,2,60.61,4,L0(s)|L1(lst) / L0(s)|L1(s),0,
609.0,N,6,8,45.73,6,L0(s)|L1(s)|L2(s) / L0(s)|L1(s)|L2(l),7,bus_r0_flow.23:[21 edges]; bus_r4_flow.17:[44 edges]; bus_r4_flow.16:[44 edges]; bus_r4_flow.15:[44 edges]; bus_r4_flow.14:[44 edges]; bus_r4_flow.13:[44 edges]; bus_r4_flow.12:[44 edges]
609.0,E,1,2,33.15,5,L0(s)|L1(s)|L2(s) / L0(s)|L1(ls),1,bus_r2_flow.27:[35 edges]
609.0,S,0,3,55.91,6,L0(rs)|L1(s)|L2(lt) / L0(s)|L1(s)|L2(s),1,bus_r1_flow.28:[21 edges]
610.0,W,0,1,59.96,4,L0(s)|L1(lst) / L0(s)|L1(s),0,
610.0,N,6,8,46.64,6,L0(s)|L1(s)|L2(s) / L0(s)|L1(s)|L2(l),7,bus_r0_flow.23:[21 edges]; bus_r4_flow.17:[44 edges]; bus_r4_flow.16:[44 edges]; bus_r4_flow.15:[44 edges]; bus_r4_flow.14:[44 edges]; bus_r4_flow.13:[44 edges]; bus_r4_flow.12:[44 edges]
610.0,E,1,2,30.37,5,L0(s)|L1(s)|L2(s) / L0(s)|L1(ls),1,bus_r2_flow.27:[35 edges]
610.0,S,0,3,54.34,6,L0(rs)|L1(s)|L2(lt) / L0(s)|L1(s)|L2(s),1,bus_r1_flow.28:[21 edges]
611.0,W,0,1,60.28,4,L0(s)|L1(lst) / L0(s)|L1(s),0,
611.0,N,6,8,47.5,6,L0(s)|L1(s)|L2(s) / L0(s)|L1(s)|L2(l),7,bus_r0_flow.23:[21 edges]; bus_r4_flow.17:[44 edges]; bus_r4_flow.16:[44 edges]; bus_r4_flow.15:[44 edges]; bus_r4_flow.14:[44 edges]; bus_r4_flow.13:[44 edges]; bus_r4_flow.12:[44 edges]
611.0,E,2,2,30.03,5,L0(s)|L1(s)|L2(s) / L0(s)|L1(ls),1,bus_r2_flow.27:[35 edges]
611.0,S,0,3,52.44,6,L0(rs)|L1(s)|L2(lt) / L0(s)|L1(s)|L2(s),1,bus_r1_flow.28:[21 edges]
612.0,W,0,1,60.26,4,L0(s)|L1(lst) / L0(s)|L1(s),0,
612.0,N,6,8,47.84,6,L0(s)|L1(s)|L2(s) / L0(s)|L1(s)|L2(l),7,bus_r0_flow.23:[21 edges]; bus_r4_flow.17:[44 edges]; bus_r4_flow.16:[44 edges]; bus_r4_flow.15:[44 edges]; bus_r4_flow.14:[44 edges]; bus_r4_flow.13:[44 edges]; bus_r4_flow.12:[44 edges]
612.0,E,2,2,30.01,5,L0(s)|L1(s)|L2(s) / L0(s)|L1(ls),1,bus_r2_flow.27:[35 edges]
612.0,S,0,3,49.31,6,L0(rs)|L1(s)|L2(lt) / L0(s)|L1(s)|L2(s),1,bus_r1_flow.28:[21 edges]
613.0,W,0,0,0,4,L0(s)|L1(lst) / L0(s)|L1(s),0,
613.0,N,6,8,48.33,6,L0(s)|L1(s)|L2(s) / L0(s)|L1(s)|L2(l),7,bus_r0_flow.23:[21 edges]; bus_r4_flow.17:[44 edges]; bus_r4_flow.16:[44 edges]; bus_r4_flow.15:[44 edges]; bus_r4_flow.14:[44 edges]; bus_r4_flow.13:[44 edges]; bus_r4_flow.12:[44 edges]
613.0,E,2,2,30.01,5,L0(s)|L1(s)|L2(s) / L0(s)|L1(ls),1,bus_r2_flow.27:[35 edges]
613.0,S,1,3,47.82,6,L0(rs)|L1(s)|L2(lt) / L0(s)|L1(s)|L2(s),1,bus_r1_flow.28:[21 edges]
614.0,W,0,0,0,4,L0(s)|L1(lst) / L0(s)|L1(s),0,
614.0,N,6,9,46.28,6,L0(s)|L1(s)|L2(s) / L0(s)|L1(s)|L2(l),8,bus_r0_flow.23:[21 edges]; bus_r0_flow.24:[21 edges]; bus_r4_flow.17:[44 edges]; bus_r4_flow.16:[44 edges]; bus_r4_flow.15:[44 edges]; bus_r4_flow.14:[44 edges]; bus_r4_flow.13:[44 edges]; bus_r4_flow.12:[44 edges]
614.0,E,2,2,30.01,5,L0(s)|L1(s)|L2(s) / L0(s)|L1(ls),1,bus_r2_flow.27:[35 edges]
614.0,S,1,3,47.59,6,L0(rs)|L1(s)|L2(lt) / L0(s)|L1(s)|L2(s),1,bus_r1_flow.28:[21 edges]
615.0,W,0,0,0,4,L0(s)|L1(lst) / L0(s)|L1(s),0,
615.0,N,6,8,52.86,6,L0(s)|L1(s)|L2(s) / L0(s)|L1(s)|L2(l),7,bus_r0_flow.24:[21 edges]; bus_r4_flow.17:[44 edges]; bus_r4_flow.16:[44 edges]; bus_r4_flow.15:[44 edges]; bus_r4_flow.14:[44 edges]; bus_r4_flow.13:[44 edges]; bus_r4_flow.12:[44 edges]
615.0,E,2,2,30.01,5,L0(s)|L1(s)|L2(s) / L0(s)|L1(ls),1,bus_r2_flow.27:[35 edges]
615.0,S,1,3,47.54,6,L0(rs)|L1(s)|L2(lt) / L0(s)|L1(s)|L2(s),1,bus_r1_flow.28:[21 edges]
616.0,W,0,0,0,4,L0(s)|L1(lst) / L0(s)|L1(s),0,
616.0,N,6,7,59.96,6,L0(s)|L1(s)|L2(s) / L0(s)|L1(s)|L2(l),7,bus_r0_flow.24:[21 edges]; bus_r4_flow.17:[44 edges]; bus_r4_flow.16:[44 edges]; bus_r4_flow.15:[44 edges]; bus_r4_flow.14:[44 edges]; bus_r4_flow.13:[44 edges]; bus_r4_flow.12:[44 edges]
616.0,E,2,2,30.01,5,L0(s)|L1(s)|L2(s) / L0(s)|L1(ls),1,bus_r2_flow.27:[35 edges]
616.0,S,1,2,48.58,6,L0(rs)|L1(s)|L2(lt) / L0(s)|L1(s)|L2(s),1,bus_r1_flow.28:[21 edges]
617.0,W,0,1,59.48,4,L0(s)|L1(lst) / L0(s)|L1(s),0,
617.0,N,6,7,59.8,6,L0(s)|L1(s)|L2(s) / L0(s)|L1(s)|L2(l),7,bus_r0_flow.24:[21 edges]; bus_r4_flow.17:[44 edges]; bus_r4_flow.16:[44 edges]; bus_r4_flow.15:[44 edges]; bus_r4_flow.14:[44 edges]; bus_r4_flow.13:[44 edges]; bus_r4_flow.12:[44 edges]
617.0,E,2,2,30.01,5,L0(s)|L1(s)|L2(s) / L0(s)|L1(ls),1,bus_r2_flow.27:[35 edges]
617.0,S,1,2,48.43,6,L0(rs)|L1(s)|L2(lt) / L0(s)|L1(s)|L2(s),1,bus_r1_flow.28:[21 edges]
618.0,W,0,1,59.46,4,L0(s)|L1(lst) / L0(s)|L1(s),0,
618.0,N,6,7,58.96,6,L0(s)|L1(s)|L2(s) / L0(s)|L1(s)|L2(l),7,bus_r0_flow.24:[21 edges]; bus_r4_flow.17:[44 edges]; bus_r4_flow.16:[44 edges]; bus_r4_flow.15:[44 edges]; bus_r4_flow.14:[44 edges]; bus_r4_flow.13:[44 edges]; bus_r4_flow.12:[44 edges]
618.0,E,2,2,30.01,5,L0(s)|L1(s)|L2(s) / L0(s)|L1(ls),1,bus_r2_flow.27:[35 edges]
618.0,S,1,3,51.08,6,L0(rs)|L1(s)|L2(lt) / L0(s)|L1(s)|L2(s),2,bus_r1_flow.29:[21 edges]; bus_r1_flow.28:[21 edges]
619.0,W,0,1,59.42,4,L0(s)|L1(lst) / L0(s)|L1(s),0,
619.0,N,6,8,60.54,6,L0(s)|L1(s)|L2(s) / L0(s)|L1(s)|L2(l),8,bus_r0_flow.25:[21 edges]; bus_r0_flow.24:[21 edges]; bus_r4_flow.17:[44 edges]; bus_r4_flow.16:[44 edges]; bus_r4_flow.15:[44 edges]; bus_r4_flow.14:[44 edges]; bus_r4_flow.13:[44 edges]; bus_r4_flow.12:[44 edges]
619.0,E,2,2,30.01,5,L0(s)|L1(s)|L2(s) / L0(s)|L1(ls),1,bus_r2_flow.27:[35 edges]
619.0,S,1,3,50.61,6,L0(rs)|L1(s)|L2(lt) / L0(s)|L1(s)|L2(s),2,bus_r1_flow.29:[21 edges]; bus_r1_flow.28:[21 edges]
620.0,W,0,1,59.48,4,L0(s)|L1(lst) / L0(s)|L1(s),0,
620.0,N,6,8,58.94,6,L0(s)|L1(s)|L2(s) / L0(s)|L1(s)|L2(l),8,bus_r0_flow.25:[21 edges]; bus_r0_flow.24:[21 edges]; bus_r4_flow.17:[44 edges]; bus_r4_flow.16:[44 edges]; bus_r4_flow.15:[44 edges]; bus_r4_flow.14:[44 edges]; bus_r4_flow.13:[44 edges]; bus_r4_flow.12:[44 edges]
620.0,E,2,2,30.01,5,L0(s)|L1(s)|L2(s) / L0(s)|L1(ls),1,bus_r2_flow.27:[35 edges]
620.0,S,1,3,50.55,6,L0(rs)|L1(s)|L2(lt) / L0(s)|L1(s)|L2(s),2,bus_r1_flow.29:[21 edges]; bus_r1_flow.28:[21 edges]
621.0,W,0,1,59.58,4,L0(s)|L1(lst) / L0(s)|L1(s),0,
621.0,N,6,8,58.37,6,L0(s)|L1(s)|L2(s) / L0(s)|L1(s)|L2(l),8,bus_r0_flow.25:[21 edges]; bus_r0_flow.24:[21 edges]; bus_r4_flow.17:[44 edges]; bus_r4_flow.16:[44 edges]; bus_r4_flow.15:[44 edges]; bus_r4_flow.14:[44 edges]; bus_r4_flow.13:[44 edges]; bus_r4_flow.12:[44 edges]
621.0,E,2,2,30.01,5,L0(s)|L1(s)|L2(s) / L0(s)|L1(ls),1,bus_r2_flow.27:[35 edges]
621.0,S,1,3,50.0,6,L0(rs)|L1(s)|L2(lt) / L0(s)|L1(s)|L2(s),2,bus_r1_flow.29:[21 edges]; bus_r1_flow.28:[21 edges]
622.0,W,0,0,0,4,L0(s)|L1(lst) / L0(s)|L1(s),0,
622.0,N,7,8,58.02,6,L0(s)|L1(s)|L2(s) / L0(s)|L1(s)|L2(l),8,bus_r0_flow.25:[21 edges]; bus_r0_flow.24:[21 edges]; bus_r4_flow.17:[44 edges]; bus_r4_flow.16:[44 edges]; bus_r4_flow.15:[44 edges]; bus_r4_flow.14:[44 edges]; bus_r4_flow.13:[44 edges]; bus_r4_flow.12:[44 edges]
622.0,E,2,2,30.01,5,L0(s)|L1(s)|L2(s) / L0(s)|L1(ls),1,bus_r2_flow.27:[35 edges]
622.0,S,1,3,47.5,6,L0(rs)|L1(s)|L2(lt) / L0(s)|L1(s)|L2(s),2,bus_r1_flow.29:[21 edges]; bus_r1_flow.28:[21 edges]
623.0,W,0,0,0,4,L0(s)|L1(lst) / L0(s)|L1(s),0,
623.0,N,7,8,57.28,6,L0(s)|L1(s)|L2(s) / L0(s)|L1(s)|L2(l),8,bus_r0_flow.25:[21 edges]; bus_r0_flow.24:[21 edges]; bus_r4_flow.17:[44 edges]; bus_r4_flow.16:[44 edges]; bus_r4_flow.15:[44 edges]; bus_r4_flow.14:[44 edges]; bus_r4_flow.13:[44 edges]; bus_r4_flow.12:[44 edges]
623.0,E,2,2,30.01,5,L0(s)|L1(s)|L2(s) / L0(s)|L1(ls),1,bus_r2_flow.27:[35 edges]
623.0,S,1,3,45.54,6,L0(rs)|L1(s)|L2(lt) / L0(s)|L1(s)|L2(s),2,bus_r1_flow.29:[21 edges]; bus_r1_flow.28:[21 edges]
624.0,W,0,0,0,4,L0(s)|L1(lst) / L0(s)|L1(s),0,
624.0,N,7,8,56.48,6,L0(s)|L1(s)|L2(s) / L0(s)|L1(s)|L2(l),8,bus_r0_flow.25:[21 edges]; bus_r0_flow.24:[21 edges]; bus_r4_flow.17:[44 edges]; bus_r4_flow.16:[44 edges]; bus_r4_flow.15:[44 edges]; bus_r4_flow.14:[44 edges]; bus_r4_flow.13:[44 edges]; bus_r4_flow.12:[44 edges]
624.0,E,2,2,30.01,5,L0(s)|L1(s)|L2(s) / L0(s)|L1(ls),1,bus_r2_flow.27:[35 edges]
624.0,S,1,2,52.43,6,L0(rs)|L1(s)|L2(lt) / L0(s)|L1(s)|L2(s),2,bus_r1_flow.29:[21 edges]; bus_r1_flow.28:[21 edges]
625.0,W,0,0,0,4,L0(s)|L1(lst) / L0(s)|L1(s),0,
625.0,N,7,9,58.13,6,L0(s)|L1(s)|L2(s) / L0(s)|L1(s)|L2(l),9,bus_r0_flow.26:[21 edges]; bus_r0_flow.25:[21 edges]; bus_r0_flow.24:[21 edges]; bus_r4_flow.17:[44 edges]; bus_r4_flow.16:[44 edges]; bus_r4_flow.15:[44 edges]; bus_r4_flow.14:[44 edges]; bus_r4_flow.13:[44 edges]; bus_r4_flow.12:[44 edges]
625.0,E,2,2,30.01,5,L0(s)|L1(s)|L2(s) / L0(s)|L1(ls),1,bus_r2_flow.27:[35 edges]
625.0,S,1,2,52.36,6,L0(rs)|L1(s)|L2(lt) / L0(s)|L1(s)|L2(s),2,bus_r1_flow.29:[21 edges]; bus_r1_flow.28:[21 edges]
626.0,W,0,0,0,4,L0(s)|L1(lst) / L0(s)|L1(s),0,
626.0,N,7,9,53.2,6,L0(s)|L1(s)|L2(s) / L0(s)|L1(s)|L2(l),9,bus_r0_flow.25:[21 edges]; bus_r0_flow.26:[21 edges]; bus_r0_flow.24:[21 edges]; bus_r4_flow.17:[44 edges]; bus_r4_flow.16:[44 edges]; bus_r4_flow.15:[44 edges]; bus_r4_flow.14:[44 edges]; bus_r4_flow.13:[44 edges]; bus_r4_flow.12:[44 edges]
626.0,E,2,2,30.01,5,L0(s)|L1(s)|L2(s) / L0(s)|L1(ls),1,bus_r2_flow.27:[35 edges]
626.0,S,1,2,52.42,6,L0(rs)|L1(s)|L2(lt) / L0(s)|L1(s)|L2(s),2,bus_r1_flow.29:[21 edges]; bus_r1_flow.28:[21 edges]
627.0,W,0,0,0,4,L0(s)|L1(lst) / L0(s)|L1(s),0,
627.0,N,7,9,53.27,6,L0(s)|L1(s)|L2(s) / L0(s)|L1(s)|L2(l),9,bus_r0_flow.25:[21 edges]; bus_r0_flow.26:[21 edges]; bus_r0_flow.24:[21 edges]; bus_r4_flow.17:[44 edges]; bus_r4_flow.16:[44 edges]; bus_r4_flow.15:[44 edges]; bus_r4_flow.14:[44 edges]; bus_r4_flow.13:[44 edges]; bus_r4_flow.12:[44 edges]
627.0,E,2,2,30.01,5,L0(s)|L1(s)|L2(s) / L0(s)|L1(ls),1,bus_r2_flow.27:[35 edges]
627.0,S,1,2,52.33,6,L0(rs)|L1(s)|L2(lt) / L0(s)|L1(s)|L2(s),2,bus_r1_flow.29:[21 edges]; bus_r1_flow.28:[21 edges]
628.0,W,0,0,0,4,L0(s)|L1(lst) / L0(s)|L1(s),0,
628.0,N,7,9,52.68,6,L0(s)|L1(s)|L2(s) / L0(s)|L1(s)|L2(l),9,bus_r0_flow.25:[21 edges]; bus_r0_flow.26:[21 edges]; bus_r0_flow.24:[21 edges]; bus_r4_flow.17:[44 edges]; bus_r4_flow.16:[44 edges]; bus_r4_flow.15:[44 edges]; bus_r4_flow.14:[44 edges]; bus_r4_flow.13:[44 edges]; bus_r4_flow.12:[44 edges]
628.0,E,2,2,30.01,5,L0(s)|L1(s)|L2(s) / L0(s)|L1(ls),1,bus_r2_flow.27:[35 edges]
628.0,S,1,2,50.75,6,L0(rs)|L1(s)|L2(lt) / L0(s)|L1(s)|L2(s),2,bus_r1_flow.29:[21 edges]; bus_r1_flow.28:[21 edges]
629.0,W,0,0,0,4,L0(s)|L1(lst) / L0(s)|L1(s),0,
629.0,N,7,9,52.04,6,L0(s)|L1(s)|L2(s) / L0(s)|L1(s)|L2(l),9,bus_r0_flow.25:[21 edges]; bus_r0_flow.26:[21 edges]; bus_r0_flow.24:[21 edges]; bus_r4_flow.17:[44 edges]; bus_r4_flow.16:[44 edges]; bus_r4_flow.15:[44 edges]; bus_r4_flow.14:[44 edges]; bus_r4_flow.13:[44 edges]; bus_r4_flow.12:[44 edges]
629.0,E,2,2,30.01,5,L0(s)|L1(s)|L2(s) / L0(s)|L1(ls),1,bus_r2_flow.27:[35 edges]
629.0,S,1,2,48.95,6,L0(rs)|L1(s)|L2(lt) / L0(s)|L1(s)|L2(s),2,bus_r1_flow.29:[21 edges]; bus_r1_flow.28:[21 edges]
630.0,W,0,0,0,4,L0(s)|L1(lst) / L0(s)|L1(s),0,
630.0,N,7,9,51.02,6,L0(s)|L1(s)|L2(s) / L0(s)|L1(s)|L2(l),9,bus_r0_flow.25:[21 edges]; bus_r0_flow.26:[21 edges]; bus_r0_flow.24:[21 edges]; bus_r4_flow.17:[44 edges]; bus_r4_flow.16:[44 edges]; bus_r4_flow.15:[44 edges]; bus_r4_flow.14:[44 edges]; bus_r4_flow.13:[44 edges]; bus_r4_flow.12:[44 edges]
630.0,E,2,2,30.01,5,L0(s)|L1(s)|L2(s) / L0(s)|L1(ls),1,bus_r2_flow.27:[35 edges]
630.0,S,1,2,47.15,6,L0(rs)|L1(s)|L2(lt) / L0(s)|L1(s)|L2(s),2,bus_r1_flow.29:[21 edges]; bus_r1_flow.28:[21 edges]
631.0,W,0,0,0,4,L0(s)|L1(lst) / L0(s)|L1(s),0,
631.0,N,9,9,50.01,6,L0(s)|L1(s)|L2(s) / L0(s)|L1(s)|L2(l),9,bus_r0_flow.25:[21 edges]; bus_r0_flow.26:[21 edges]; bus_r0_flow.24:[21 edges]; bus_r4_flow.17:[44 edges]; bus_r4_flow.16:[44 edges]; bus_r4_flow.15:[44 edges]; bus_r4_flow.14:[44 edges]; bus_r4_flow.13:[44 edges]; bus_r4_flow.12:[44 edges]
631.0,E,2,2,30.01,5,L0(s)|L1(s)|L2(s) / L0(s)|L1(ls),1,bus_r2_flow.27:[35 edges]
631.0,S,1,2,45.35,6,L0(rs)|L1(s)|L2(lt) / L0(s)|L1(s)|L2(s),2,bus_r1_flow.29:[21 edges]; bus_r1_flow.28:[21 edges]
632.0,W,0,0,0,4,L0(s)|L1(lst) / L0(s)|L1(s),0,
632.0,N,8,10,36.46,6,L0(s)|L1(s)|L2(s) / L0(s)|L1(s)|L2(l),9,bus_r0_flow.25:[21 edges]; bus_r0_flow.26:[21 edges]; bus_r0_flow.24:[21 edges]; bus_r4_flow.17:[44 edges]; bus_r4_flow.16:[44 edges]; bus_r4_flow.15:[44 edges]; bus_r4_flow.14:[44 edges]; bus_r4_flow.13:[44 edges]; bus_r4_flow.12:[44 edges]
632.0,E,2,2,30.01,5,L0(s)|L1(s)|L2(s) / L0(s)|L1(ls),1,bus_r2_flow.27:[35 edges]
632.0,S,0,2,45.26,6,L0(rs)|L1(s)|L2(lt) / L0(s)|L1(s)|L2(s),2,bus_r1_flow.29:[21 edges]; bus_r1_flow.28:[21 edges]
633.0,W,0,0,0,4,L0(s)|L1(lst) / L0(s)|L1(s),0,
633.0,N,8,10,37.7,6,L0(s)|L1(s)|L2(s) / L0(s)|L1(s)|L2(l),9,bus_r0_flow.25:[21 edges]; bus_r0_flow.26:[21 edges]; bus_r0_flow.24:[21 edges]; bus_r4_flow.17:[44 edges]; bus_r4_flow.16:[44 edges]; bus_r4_flow.15:[44 edges]; bus_r4_flow.14:[44 edges]; bus_r4_flow.13:[44 edges]; bus_r4_flow.12:[44 edges]
633.0,E,2,2,30.01,5,L0(s)|L1(s)|L2(s) / L0(s)|L1(ls),1,bus_r2_flow.27:[35 edges]
633.0,S,0,2,45.85,6,L0(rs)|L1(s)|L2(lt) / L0(s)|L1(s)|L2(s),2,bus_r1_flow.29:[21 edges]; bus_r1_flow.28:[21 edges]
634.0,W,0,0,0,4,L0(s)|L1(lst) / L0(s)|L1(s),0,
634.0,N,8,10,39.22,6,L0(s)|L1(s)|L2(s) / L0(s)|L1(s)|L2(l),9,bus_r0_flow.25:[21 edges]; bus_r0_flow.26:[21 edges]; bus_r0_flow.24:[21 edges]; bus_r4_flow.17:[44 edges]; bus_r4_flow.16:[44 edges]; bus_r4_flow.15:[44 edges]; bus_r4_flow.14:[44 edges]; bus_r4_flow.13:[44 edges]; bus_r4_flow.12:[44 edges]
634.0,E,2,2,30.01,5,L0(s)|L1(s)|L2(s) / L0(s)|L1(ls),1,bus_r2_flow.27:[35 edges]
634.0,S,0,2,46.4,6,L0(rs)|L1(s)|L2(lt) / L0(s)|L1(s)|L2(s),2,bus_r1_flow.29:[21 edges]; bus_r1_flow.28:[21 edges]
635.0,W,0,0,0,4,L0(s)|L1(lst) / L0(s)|L1(s),0,
635.0,N,8,11,35.2,6,L0(s)|L1(s)|L2(s) / L0(s)|L1(s)|L2(l),9,bus_r0_flow.25:[21 edges]; bus_r0_flow.26:[21 edges]; bus_r0_flow.24:[21 edges]; bus_r4_flow.17:[44 edges]; bus_r4_flow.16:[44 edges]; bus_r4_flow.15:[44 edges]; bus_r4_flow.14:[44 edges]; bus_r4_flow.13:[44 edges]; bus_r4_flow.12:[44 edges]
635.0,E,0,1,45.54,5,L0(s)|L1(s)|L2(s) / L0(s)|L1(ls),1,bus_r2_flow.27:[35 edges]
635.0,S,0,2,47.05,6,L0(rs)|L1(s)|L2(lt) / L0(s)|L1(s)|L2(s),2,bus_r1_flow.29:[21 edges]; bus_r1_flow.28:[21 edges]
636.0,W,0,0,0,4,L0(s)|L1(lst) / L0(s)|L1(s),0,
636.0,N,8,11,37.03,6,L0(s)|L1(s)|L2(s) / L0(s)|L1(s)|L2(l),9,bus_r0_flow.25:[21 edges]; bus_r0_flow.26:[21 edges]; bus_r0_flow.24:[21 edges]; bus_r4_flow.17:[44 edges]; bus_r4_flow.16:[44 edges]; bus_r4_flow.15:[44 edges]; bus_r4_flow.14:[44 edges]; bus_r4_flow.13:[44 edges]; bus_r4_flow.12:[44 edges]
636.0,E,0,0,0,5,L0(s)|L1(s)|L2(s) / L0(s)|L1(ls),0,
636.0,S,0,1,51.33,6,L0(rs)|L1(s)|L2(lt) / L0(s)|L1(s)|L2(s),1,bus_r1_flow.29:[21 edges]
637.0,W,0,0,0,4,L0(s)|L1(lst) / L0(s)|L1(s),0,
637.0,N,8,10,43.74,6,L0(s)|L1(s)|L2(s) / L0(s)|L1(s)|L2(l),8,bus_r0_flow.26:[21 edges]; bus_r0_flow.24:[21 edges]; bus_r4_flow.17:[44 edges]; bus_r4_flow.16:[44 edges]; bus_r4_flow.15:[44 edges]; bus_r4_flow.14:[44 edges]; bus_r4_flow.13:[44 edges]; bus_r4_flow.12:[44 edges]
637.0,E,0,1,58.69,5,L0(s)|L1(s)|L2(s) / L0(s)|L1(ls),0,
637.0,S,0,1,51.72,6,L0(rs)|L1(s)|L2(lt) / L0(s)|L1(s)|L2(s),1,bus_r1_flow.29:[21 edges]
638.0,W,0,0,0,4,L0(s)|L1(lst) / L0(s)|L1(s),0,
638.0,N,8,10,44.79,6,L0(s)|L1(s)|L2(s) / L0(s)|L1(s)|L2(l),8,bus_r0_flow.26:[21 edges]; bus_r0_flow.24:[21 edges]; bus_r4_flow.17:[44 edges]; bus_r4_flow.16:[44 edges]; bus_r4_flow.15:[44 edges]; bus_r4_flow.14:[44 edges]; bus_r4_flow.13:[44 edges]; bus_r4_flow.12:[44 edges]
638.0,E,0,1,59.86,5,L0(s)|L1(s)|L2(s) / L0(s)|L1(ls),0,
638.0,S,0,2,52.08,6,L0(rs)|L1(s)|L2(lt) / L0(s)|L1(s)|L2(s),2,bus_r1_flow.29:[21 edges]; bus_r1_flow.30:[21 edges]
639.0,W,0,0,0,4,L0(s)|L1(lst) / L0(s)|L1(s),0,
639.0,N,8,11,31.65,6,L0(s)|L1(s)|L2(s) / L0(s)|L1(s)|L2(l),10,bus_r0_flow.26:[21 edges]; bus_r0_flow.24:[21 edges]; bus_r4_flow.17:[44 edges]; bus_r4_flow.16:[44 edges]; bus_r4_flow.15:[44 edges]; bus_r4_flow.14:[44 edges]; bus_r4_flow.13:[44 edges]; bus_r4_flow.12:[44 edges] | bus_r1_flow.26:[21 edges]; bus_r1_flow.27:[21 edges]
639.0,E,0,1,60.52,5,L0(s)|L1(s)|L2(s) / L0(s)|L1(ls),0,
639.0,S,0,2,52.53,6,L0(rs)|L1(s)|L2(lt) / L0(s)|L1(s)|L2(s),2,bus_r1_flow.29:[21 edges]; bus_r1_flow.30:[21 edges]
640.0,W,0,0,0,4,L0(s)|L1(lst) / L0(s)|L1(s),0,
640.0,N,8,11,27.45,6,L0(s)|L1(s)|L2(s) / L0(s)|L1(s)|L2(l),10,bus_r0_flow.24:[21 edges]; bus_r0_flow.26:[21 edges]; bus_r4_flow.17:[44 edges]; bus_r4_flow.16:[44 edges]; bus_r4_flow.15:[44 edges]; bus_r4_flow.14:[44 edges]; bus_r4_flow.13:[44 edges]; bus_r4_flow.12:[44 edges] | bus_r1_flow.26:[21 edges]; bus_r1_flow.27:[21 edges]
640.0,E,0,2,59.27,5,L0(s)|L1(s)|L2(s) / L0(s)|L1(ls),1,bus_r5_flow.26:[25 edges]
640.0,S,0,3,46.89,6,L0(rs)|L1(s)|L2(lt) / L0(s)|L1(s)|L2(s),3,bus_r0_flow.23:[21 edges] | bus_r1_flow.29:[21 edges]; bus_r1_flow.30:[21 edges]
641.0,W,0,0,0,4,L0(s)|L1(lst) / L0(s)|L1(s),0,
641.0,N,6,10,26.3,6,L0(s)|L1(s)|L2(s) / L0(s)|L1(s)|L2(l),10,bus_r0_flow.24:[21 edges]; bus_r0_flow.26:[21 edges]; bus_r4_flow.17:[44 edges]; bus_r4_flow.16:[44 edges]; bus_r4_flow.15:[44 edges]; bus_r4_flow.14:[44 edges]; bus_r4_flow.13:[44 edges]; bus_r4_flow.12:[44 edges] | bus_r1_flow.26:[21 edges]; bus_r1_flow.27:[21 edges]
641.0,E,0,3,55.88,5,L0(s)|L1(s)|L2(s) / L0(s)|L1(ls),2,bus_r5_flow.24:[25 edges]; bus_r5_flow.26:[25 edges]
641.0,S,0,2,54.46,6,L0(rs)|L1(s)|L2(lt) / L0(s)|L1(s)|L2(s),2,bus_r0_flow.23:[21 edges] | bus_r1_flow.30:[21 edges]
642.0,W,0,0,0,4,L0(s)|L1(lst) / L0(s)|L1(s),0,
642.0,N,6,11,24.17,6,L0(s)|L1(s)|L2(s) / L0(s)|L1(s)|L2(l),11,bus_r0_flow.24:[21 edges]; bus_r0_flow.26:[21 edges]; bus_r4_flow.17:[44 edges]; bus_r4_flow.16:[44 edges]; bus_r4_flow.15:[44 edges]; bus_r4_flow.14:[44 edges]; bus_r4_flow.13:[44 edges]; bus_r4_flow.12:[44 edges] | bus_r1_flow.26:[21 edges]; bus_r1_flow.28:[21 edges]; bus_r1_flow.27:[21 edges]
642.0,E,0,4,56.82,5,L0(s)|L1(s)|L2(s) / L0(s)|L1(ls),3,bus_r5_flow.24:[25 edges]; bus_r5_flow.27:[25 edges]; bus_r5_flow.26:[25 edges]
642.0,S,0,2,54.87,6,L0(rs)|L1(s)|L2(lt) / L0(s)|L1(s)|L2(s),2,bus_r0_flow.23:[21 edges] | bus_r1_flow.30:[21 edges]
643.0,W,0,0,0,4,L0(s)|L1(lst) / L0(s)|L1(s),0,
643.0,N,6,10,28.65,6,L0(s)|L1(s)|L2(s) / L0(s)|L1(s)|L2(l),10,bus_r0_flow.26:[21 edges]; bus_r4_flow.17:[44 edges]; bus_r4_flow.16:[44 edges]; bus_r4_flow.15:[44 edges]; bus_r4_flow.14:[44 edges]; bus_r4_flow.13:[44 edges]; bus_r4_flow.12:[44 edges] | bus_r1_flow.26:[21 edges]; bus_r1_flow.28:[21 edges]; bus_r1_flow.27:[21 edges]
643.0,E,0,4,57.15,5,L0(s)|L1(s)|L2(s) / L0(s)|L1(ls),3,bus_r5_flow.24:[25 edges]; bus_r5_flow.27:[25 edges]; bus_r5_flow.26:[25 edges]
643.0,S,0,3,52.31,6,L0(rs)|L1(s)|L2(lt) / L0(s)|L1(s)|L2(s),3,bus_r0_flow.25:[21 edges]; bus_r0_flow.23:[21 edges] | bus_r1_flow.30:[21 edges]
644.0,W,0,0,0,4,L0(s)|L1(lst) / L0(s)|L1(s),0,
644.0,N,6,10,28.41,6,L0(s)|L1(s)|L2(s) / L0(s)|L1(s)|L2(l),10,bus_r0_flow.26:[21 edges]; bus_r4_flow.17:[44 edges]; bus_r4_flow.16:[44 edges]; bus_r4_flow.15:[44 edges]; bus_r4_flow.14:[44 edges]; bus_r4_flow.13:[44 edges]; bus_r4_flow.12:[44 edges] | bus_r1_flow.26:[21 edges]; bus_r1_flow.28:[21 edges]; bus_r1_flow.27:[21 edges]
644.0,E,0,4,57.81,5,L0(s)|L1(s)|L2(s) / L0(s)|L1(ls),3,bus_r5_flow.24:[25 edges]; bus_r5_flow.26:[25 edges]; bus_r5_flow.27:[25 edges]
644.0,S,0,3,53.05,6,L0(rs)|L1(s)|L2(lt) / L0(s)|L1(s)|L2(s),3,bus_r0_flow.25:[21 edges]; bus_r0_flow.23:[21 edges] | bus_r1_flow.30:[21 edges]
645.0,W,0,0,0,4,L0(s)|L1(lst) / L0(s)|L1(s),0,
645.0,N,6,11,28.1,6,L0(s)|L1(s)|L2(s) / L0(s)|L1(s)|L2(l),11,bus_r0_flow.26:[21 edges]; bus_r4_flow.17:[44 edges]; bus_r4_flow.16:[44 edges]; bus_r4_flow.15:[44 edges]; bus_r4_flow.14:[44 edges]; bus_r4_flow.13:[44 edges]; bus_r4_flow.12:[44 edges] | bus_r1_flow.29:[21 edges]; bus_r1_flow.28:[21 edges]; bus_r1_flow.26:[21 edges]; bus_r1_flow.27:[21 edges]
645.0,E,0,5,56.8,5,L0(s)|L1(s)|L2(s) / L0(s)|L1(ls),4,bus_r5_flow.25:[25 edges]; bus_r5_flow.24:[25 edges]; bus_r5_flow.26:[25 edges]; bus_r5_flow.27:[25 edges]
645.0,S,0,3,53.6,6,L0(rs)|L1(s)|L2(lt) / L0(s)|L1(s)|L2(s),3,bus_r0_flow.25:[21 edges]; bus_r0_flow.23:[21 edges] | bus_r1_flow.30:[21 edges]
646.0,W,0,0,0,4,L0(s)|L1(lst) / L0(s)|L1(s),0,
646.0,N,6,11,29.13,6,L0(s)|L1(s)|L2(s) / L0(s)|L1(s)|L2(l),11,bus_r0_flow.26:[21 edges]; bus_r4_flow.17:[44 edges]; bus_r4_flow.16:[44 edges]; bus_r4_flow.15:[44 edges]; bus_r4_flow.14:[44 edges]; bus_r4_flow.13:[44 edges]; bus_r4_flow.12:[44 edges] | bus_r1_flow.29:[21 edges]; bus_r1_flow.28:[21 edges]; bus_r1_flow.26:[21 edges]; bus_r1_flow.27:[21 edges]
646.0,E,0,5,55.48,5,L0(s)|L1(s)|L2(s) / L0(s)|L1(ls),4,bus_r5_flow.24:[25 edges]; bus_r5_flow.26:[25 edges]; bus_r5_flow.25:[25 edges]; bus_r5_flow.27:[25 edges]
646.0,S,0,3,54.1,6,L0(rs)|L1(s)|L2(lt) / L0(s)|L1(s)|L2(s),3,bus_r0_flow.25:[21 edges]; bus_r0_flow.23:[21 edges] | bus_r1_flow.30:[21 edges]
647.0,W,0,0,0,4,L0(s)|L1(lst) / L0(s)|L1(s),0,
647.0,N,6,11,26.66,6,L0(s)|L1(s)|L2(s) / L0(s)|L1(s)|L2(l),10,bus_r0_flow.26:[21 edges]; bus_r4_flow.17:[44 edges]; bus_r4_flow.16:[44 edges]; bus_r4_flow.15:[44 edges]; bus_r4_flow.14:[44 edges]; bus_r4_flow.13:[44 edges]; bus_r4_flow.12:[44 edges] | bus_r1_flow.29:[21 edges]; bus_r1_flow.28:[21 edges]; bus_r1_flow.26:[21 edges]
647.0,E,0,5,54.91,5,L0(s)|L1(s)|L2(s) / L0(s)|L1(ls),4,bus_r5_flow.24:[25 edges]; bus_r5_flow.25:[25 edges]; bus_r5_flow.27:[25 edges]; bus_r5_flow.26:[25 edges]
647.0,S,0,3,54.48,6,L0(rs)|L1(s)|L2(lt) / L0(s)|L1(s)|L2(s),3,bus_r0_flow.25:[21 edges]; bus_r0_flow.23:[21 edges] | bus_r1_flow.30:[21 edges]
648.0,W,0,0,0,4,L0(s)|L1(lst) / L0(s)|L1(s),0,
648.0,N,7,11,27.72,6,L0(s)|L1(s)|L2(s) / L0(s)|L1(s)|L2(l),10,bus_r0_flow.26:[21 edges]; bus_r4_flow.17:[44 edges]; bus_r4_flow.16:[44 edges]; bus_r4_flow.15:[44 edges]; bus_r4_flow.14:[44 edges]; bus_r4_flow.13:[44 edges]; bus_r4_flow.12:[44 edges] | bus_r1_flow.29:[21 edges]; bus_r1_flow.28:[21 edges]; bus_r1_flow.26:[21 edges]
648.0,E,0,4,57.75,5,L0(s)|L1(s)|L2(s) / L0(s)|L1(ls),4,bus_r5_flow.24:[25 edges]; bus_r5_flow.25:[25 edges]; bus_r5_flow.27:[25 edges]; bus_r5_flow.26:[25 edges]
648.0,S,0,3,55.28,6,L0(rs)|L1(s)|L2(lt) / L0(s)|L1(s)|L2(s),3,bus_r0_flow.25:[21 edges]; bus_r0_flow.23:[21 edges] | bus_r1_flow.30:[21 edges]
649.0,W,0,0,0,4,L0(s)|L1(lst) / L0(s)|L1(s),0,
649.0,N,7,11,27.71,6,L0(s)|L1(s)|L2(s) / L0(s)|L1(s)|L2(l),10,bus_r0_flow.26:[21 edges]; bus_r4_flow.17:[44 edges]; bus_r4_flow.16:[44 edges]; bus_r4_flow.15:[44 edges]; bus_r4_flow.14:[44 edges]; bus_r4_flow.13:[44 edges]; bus_r4_flow.12:[44 edges] | bus_r1_flow.29:[21 edges]; bus_r1_flow.28:[21 edges]; bus_r1_flow.26:[21 edges]
649.0,E,0,4,56.48,5,L0(s)|L1(s)|L2(s) / L0(s)|L1(ls),4,bus_r5_flow.24:[25 edges]; bus_r5_flow.25:[25 edges]; bus_r5_flow.27:[25 edges]; bus_r5_flow.26:[25 edges]
649.0,S,0,3,55.72,6,L0(rs)|L1(s)|L2(lt) / L0(s)|L1(s)|L2(s),3,bus_r0_flow.25:[21 edges]; bus_r0_flow.23:[21 edges] | bus_r1_flow.30:[21 edges]
650.0,W,0,0,0,4,L0(s)|L1(lst) / L0(s)|L1(s),0,
650.0,N,7,11,28.77,6,L0(s)|L1(s)|L2(s) / L0(s)|L1(s)|L2(l),10,bus_r0_flow.26:[21 edges]; bus_r4_flow.17:[44 edges]; bus_r4_flow.16:[44 edges]; bus_r4_flow.15:[44 edges]; bus_r4_flow.14:[44 edges]; bus_r4_flow.13:[44 edges]; bus_r4_flow.12:[44 edges] | bus_r1_flow.29:[21 edges]; bus_r1_flow.28:[21 edges]; bus_r1_flow.26:[21 edges]
650.0,E,0,4,53.92,5,L0(s)|L1(s)|L2(s) / L0(s)|L1(ls),4,bus_r5_flow.24:[25 edges]; bus_r5_flow.25:[25 edges]; bus_r5_flow.27:[25 edges]; bus_r5_flow.26:[25 edges]
650.0,S,0,4,53.82,6,L0(rs)|L1(s)|L2(lt) / L0(s)|L1(s)|L2(s),4,bus_r0_flow.24:[21 edges]; bus_r0_flow.25:[21 edges]; bus_r0_flow.23:[21 edges] | bus_r1_flow.30:[21 edges]
651.0,W,0,0,0,4,L0(s)|L1(lst) / L0(s)|L1(s),0,
651.0,N,7,11,28.87,6,L0(s)|L1(s)|L2(s) / L0(s)|L1(s)|L2(l),10,bus_r0_flow.26:[21 edges]; bus_r4_flow.17:[44 edges]; bus_r4_flow.16:[44 edges]; bus_r4_flow.15:[44 edges]; bus_r4_flow.14:[44 edges]; bus_r4_flow.13:[44 edges]; bus_r4_flow.12:[44 edges] | bus_r1_flow.29:[21 edges]; bus_r1_flow.28:[21 edges]; bus_r1_flow.26:[21 edges]
651.0,E,0,3,55.35,5,L0(s)|L1(s)|L2(s) / L0(s)|L1(ls),3,bus_r5_flow.24:[25 edges]; bus_r5_flow.25:[25 edges]; bus_r5_flow.27:[25 edges]
651.0,S,0,3,54.58,6,L0(rs)|L1(s)|L2(lt) / L0(s)|L1(s)|L2(s),3,bus_r0_flow.24:[21 edges]; bus_r0_flow.25:[21 edges]; bus_r0_flow.23:[21 edges]
652.0,W,0,0,0,4,L0(s)|L1(lst) / L0(s)|L1(s),0,
652.0,N,7,9,46.89,6,L0(s)|L1(s)|L2(s) / L0(s)|L1(s)|L2(l),9,bus_r0_flow.27:[21 edges]; bus_r0_flow.26:[21 edges]; bus_r4_flow.17:[44 edges]; bus_r4_flow.16:[44 edges]; bus_r4_flow.15:[44 edges]; bus_r4_flow.14:[44 edges]; bus_r4_flow.13:[44 edges]; bus_r4_flow.12:[44 edges] | bus_r1_flow.28:[21 edges]
652.0,E,0,3,52.77,5,L0(s)|L1(s)|L2(s) / L0(s)|L1(ls),3,bus_r5_flow.24:[25 edges]; bus_r5_flow.25:[25 edges]; bus_r5_flow.27:[25 edges]
652.0,S,0,3,55.32,6,L0(rs)|L1(s)|L2(lt) / L0(s)|L1(s)|L2(s),3,bus_r0_flow.24:[21 edges]; bus_r0_flow.25:[21 edges]; bus_r0_flow.23:[21 edges]
653.0,W,0,0,0,4,L0(s)|L1(lst) / L0(s)|L1(s),0,
653.0,N,7,10,40.06,6,L0(s)|L1(s)|L2(s) / L0(s)|L1(s)|L2(l),10,bus_r0_flow.26:[21 edges]; bus_r0_flow.27:[21 edges]; bus_r4_flow.17:[44 edges]; bus_r4_flow.16:[44 edges]; bus_r4_flow.15:[44 edges]; bus_r4_flow.14:[44 edges]; bus_r4_flow.13:[44 edges]; bus_r4_flow.12:[44 edges] | bus_r1_flow.30:[21 edges]; bus_r1_flow.28:[21 edges]
653.0,E,0,3,47.46,5,L0(s)|L1(s)|L2(s) / L0(s)|L1(ls),3,bus_r5_flow.24:[25 edges]; bus_r5_flow.25:[25 edges]; bus_r5_flow.27:[25 edges]
653.0,S,0,3,56.07,6,L0(rs)|L1(s)|L2(lt) / L0(s)|L1(s)|L2(s),3,bus_r0_flow.24:[21 edges]; bus_r0_flow.25:[21 edges]; bus_r0_flow.23:[21 edges]
654.0,W,0,0,0,4,L0(s)|L1(lst) / L0(s)|L1(s),0,
654.0,N,6,10,40.31,6,L0(s)|L1(s)|L2(s) / L0(s)|L1(s)|L2(l),10,bus_r0_flow.26:[21 edges]; bus_r0_flow.27:[21 edges]; bus_r4_flow.17:[44 edges]; bus_r4_flow.16:[44 edges]; bus_r4_flow.15:[44 edges]; bus_r4_flow.14:[44 edges]; bus_r4_flow.13:[44 edges]; bus_r4_flow.12:[44 edges] | bus_r1_flow.30:[21 edges]; bus_r1_flow.28:[21 edges]
654.0,E,1,3,43.77,5,L0(s)|L1(s)|L2(s) / L0(s)|L1(ls),3,bus_r5_flow.24:[25 edges]; bus_r5_flow.25:[25 edges]; bus_r5_flow.27:[25 edges]
654.0,S,0,4,51.77,6,L0(rs)|L1(s)|L2(lt) / L0(s)|L1(s)|L2(s),3,bus_r0_flow.24:[21 edges]; bus_r0_flow.25:[21 edges]; bus_r0_flow.23:[21 edges]
655.0,W,0,1,53.17,4,L0(s)|L1(lst) / L0(s)|L1(s),0,
655.0,N,6,9,46.69,6,L0(s)|L1(s)|L2(s) / L0(s)|L1(s)|L2(l),9,bus_r0_flow.26:[21 edges]; bus_r0_flow.27:[21 edges]; bus_r4_flow.17:[44 edges]; bus_r4_flow.16:[44 edges]; bus_r4_flow.15:[44 edges]; bus_r4_flow.14:[44 edges]; bus_r4_flow.13:[44 edges]; bus_r4_flow.12:[44 edges] | bus_r1_flow.30:[21 edges]
655.0,E,1,3,40.72,5,L0(s)|L1(s)|L2(s) / L0(s)|L1(ls),3,bus_r5_flow.24:[25 edges]; bus_r5_flow.25:[25 edges]; bus_r5_flow.27:[25 edges]
655.0,S,0,4,53.57,6,L0(rs)|L1(s)|L2(lt) / L0(s)|L1(s)|L2(s),3,bus_r0_flow.24:[21 edges]; bus_r0_flow.25:[21 edges]; bus_r0_flow.23:[21 edges]
656.0,W,0,1,55.37,4,L0(s)|L1(lst) / L0(s)|L1(s),0,
656.0,N,6,8,50.66,6,L0(s)|L1(s)|L2(s) / L0(s)|L1(s)|L2(l),8,bus_r0_flow.27:[21 edges]; bus_r4_flow.17:[44 edges]; bus_r4_flow.16:[44 edges]; bus_r4_flow.15:[44 edges]; bus_r4_flow.14:[44 edges]; bus_r4_flow.13:[44 edges]; bus_r4_flow.12:[44 edges] | bus_r1_flow.30:[21 edges]
656.0,E,2,3,37.67,5,L0(s)|L1(s)|L2(s) / L0(s)|L1(ls),3,bus_r5_flow.24:[25 edges]; bus_r5_flow.25:[25 edges]; bus_r5_flow.27:[25 edges]
656.0,S,0,4,55.02,6,L0(rs)|L1(s)|L2(lt) / L0(s)|L1(s)|L2(s),3,bus_r0_flow.24:[21 edges]; bus_r0_flow.25:[21 edges]; bus_r0_flow.23:[21 edges]
657.0,W,0,1,57.22,4,L0(s)|L1(lst) / L0(s)|L1(s),0,
657.0,N,6,8,49.49,6,L0(s)|L1(s)|L2(s) / L0(s)|L1(s)|L2(l),8,bus_r0_flow.27:[21 edges]; bus_r4_flow.17:[44 edges]; bus_r4_flow.16:[44 edges]; bus_r4_flow.15:[44 edges]; bus_r4_flow.14:[44 edges]; bus_r4_flow.13:[44 edges]; bus_r4_flow.12:[44 edges] | bus_r1_flow.30:[21 edges]
657.0,E,3,3,37.51,5,L0(s)|L1(s)|L2(s) / L0(s)|L1(ls),3,bus_r5_flow.25:[25 edges]; bus_r5_flow.24:[25 edges]; bus_r5_flow.27:[25 edges]
657.0,S,0,3,56.15,6,L0(rs)|L1(s)|L2(lt) / L0(s)|L1(s)|L2(s),2,bus_r0_flow.24:[21 edges]; bus_r0_flow.25:[21 edges]
658.0,W,0,1,59.27,4,L0(s)|L1(lst) / L0(s)|L1(s),0,
658.0,N,6,7,57.12,6,L0(s)|L1(s)|L2(s) / L0(s)|L1(s)|L2(l),7,bus_r0_flow.27:[21 edges]; bus_r4_flow.17:[44 edges]; bus_r4_flow.16:[44 edges]; bus_r4_flow.15:[44 edges]; bus_r4_flow.14:[44 edges]; bus_r4_flow.13:[44 edges]; bus_r4_flow.12:[44 edges]
658.0,E,2,3,37.93,5,L0(s)|L1(s)|L2(s) / L0(s)|L1(ls),3,bus_r5_flow.25:[25 edges]; bus_r5_flow.24:[25 edges]; bus_r5_flow.27:[25 edges]
658.0,S,0,4,57.37,6,L0(rs)|L1(s)|L2(lt) / L0(s)|L1(s)|L2(s),3,bus_r0_flow.24:[21 edges]; bus_r0_flow.25:[21 edges] | bus_r1_flow.31:[21 edges]
659.0,W,0,1,60.49,4,L0(s)|L1(lst) / L0(s)|L1(s),0,
659.0,N,6,7,56.35,6,L0(s)|L1(s)|L2(s) / L0(s)|L1(s)|L2(l),7,bus_r0_flow.27:[21 edges]; bus_r4_flow.17:[44 edges]; bus_r4_flow.16:[44 edges]; bus_r4_flow.15:[44 edges]; bus_r4_flow.14:[44 edges]; bus_r4_flow.13:[44 edges]; bus_r4_flow.12:[44 edges]
659.0,E,2,3,38.26,5,L0(s)|L1(s)|L2(s) / L0(s)|L1(ls),3,bus_r5_flow.25:[25 edges]; bus_r5_flow.24:[25 edges]; bus_r5_flow.27:[25 edges]
659.0,S,0,3,58.74,6,L0(rs)|L1(s)|L2(lt) / L0(s)|L1(s)|L2(s),2,bus_r0_flow.24:[21 edges] | bus_r1_flow.31:[21 edges]
660.0,W,0,1,59.7,4,L0(s)|L1(lst) / L0(s)|L1(s),1,bus_r2_flow.28:[35 edges]
660.0,N,7,7,56.28,6,L0(s)|L1(s)|L2(s) / L0(s)|L1(s)|L2(l),7,bus_r0_flow.27:[21 edges]; bus_r4_flow.17:[44 edges]; bus_r4_flow.16:[44 edges]; bus_r4_flow.15:[44 edges]; bus_r4_flow.14:[44 edges]; bus_r4_flow.13:[44 edges]; bus_r4_flow.12:[44 edges]
660.0,E,2,3,38.65,5,L0(s)|L1(s)|L2(s) / L0(s)|L1(ls),3,bus_r5_flow.25:[25 edges]; bus_r5_flow.24:[25 edges]; bus_r5_flow.27:[25 edges]
660.0,S,0,3,59.12,6,L0(rs)|L1(s)|L2(lt) / L0(s)|L1(s)|L2(s),2,bus_r0_flow.24:[21 edges] | bus_r1_flow.31:[21 edges]
661.0,W,0,2,59.48,4,L0(s)|L1(lst) / L0(s)|L1(s),2,bus_r2_flow.28:[35 edges]; bus_r2_flow.29:[35 edges]
661.0,N,7,7,56.26,6,L0(s)|L1(s)|L2(s) / L0(s)|L1(s)|L2(l),7,bus_r0_flow.27:[21 edges]; bus_r4_flow.17:[44 edges]; bus_r4_flow.16:[44 edges]; bus_r4_flow.15:[44 edges]; bus_r4_flow.14:[44 edges]; bus_r4_flow.13:[44 edges]; bus_r4_flow.12:[44 edges]
661.0,E,2,4,42.57,5,L0(s)|L1(s)|L2(s) / L0(s)|L1(ls),4,bus_r5_flow.25:[25 edges]; bus_r5_flow.24:[25 edges]; bus_r3_flow.26:[35 edges]; bus_r5_flow.27:[25 edges]
661.0,S,0,3,59.67,6,L0(rs)|L1(s)|L2(lt) / L0(s)|L1(s)|L2(s),2,bus_r0_flow.24:[21 edges] | bus_r1_flow.31:[21 edges]
662.0,W,0,3,59.65,4,L0(s)|L1(lst) / L0(s)|L1(s),3,bus_r2_flow.30:[35 edges]; bus_r2_flow.28:[35 edges]; bus_r2_flow.29:[35 edges]
662.0,N,6,7,56.38,6,L0(s)|L1(s)|L2(s) / L0(s)|L1(s)|L2(l),7,bus_r0_flow.27:[21 edges]; bus_r4_flow.17:[44 edges]; bus_r4_flow.16:[44 edges]; bus_r4_flow.15:[44 edges]; bus_r4_flow.14:[44 edges]; bus_r4_flow.13:[44 edges]; bus_r4_flow.12:[44 edges]
662.0,E,2,5,44.91,5,L0(s)|L1(s)|L2(s) / L0(s)|L1(ls),5,bus_r3_flow.25:[35 edges]; bus_r5_flow.25:[25 edges]; bus_r5_flow.24:[25 edges]; bus_r3_flow.26:[35 edges]; bus_r5_flow.27:[25 edges]
662.0,S,0,3,59.7,6,L0(rs)|L1(s)|L2(lt) / L0(s)|L1(s)|L2(s),2,bus_r0_flow.24:[21 edges] | bus_r1_flow.31:[21 edges]
